solid Mesh
  facet normal -1 0 0
    outer loop
      vertex -35.0217 -45.2902 47.5
      vertex -35.0217 4.70975 47.5
      vertex -35.0217 -45.2902 42.5
    endloop
  endfacet
  facet normal -1 0 0
    outer loop
      vertex -35.0217 4.70975 47.5
      vertex -35.0217 4.70975 42.5
      vertex -35.0217 -45.2902 42.5
    endloop
  endfacet
  facet normal 0 1 0
    outer loop
      vertex -35.0217 -45.2902 47.5
      vertex -35.0217 -45.2902 42.5
      vertex -50.0217 -45.2902 47.5
    endloop
  endfacet
  facet normal 0 1 0
    outer loop
      vertex -35.0217 -45.2902 42.5
      vertex -50.0217 -45.2902 42.5
      vertex -50.0217 -45.2902 47.5
    endloop
  endfacet
  facet normal 1 0 0
    outer loop
      vertex -50.0217 -45.2902 47.5
      vertex -50.0217 -45.2902 42.5
      vertex -50.0217 4.70975 47.5
    endloop
  endfacet
  facet normal 1 0 0
    outer loop
      vertex -50.0217 -45.2902 42.5
      vertex -50.0217 4.70975 42.5
      vertex -50.0217 4.70975 47.5
    endloop
  endfacet
  facet normal 0 -1 0
    outer loop
      vertex -35.0217 4.70975 47.5
      vertex -50.0217 4.70975 47.5
      vertex -35.0217 4.70975 42.5
    endloop
  endfacet
  facet normal 0 -1 0
    outer loop
      vertex -50.0217 4.70975 47.5
      vertex -50.0217 4.70975 42.5
      vertex -35.0217 4.70975 42.5
    endloop
  endfacet
  facet normal 0 1 0
    outer loop
      vertex 35.0217 -45.2902 47.5
      vertex 50.0217 -45.2902 47.5
      vertex 35.0217 -45.2902 42.5
    endloop
  endfacet
  facet normal 0 1 0
    outer loop
      vertex 50.0217 -45.2902 47.5
      vertex 50.0217 -45.2902 42.5
      vertex 35.0217 -45.2902 42.5
    endloop
  endfacet
  facet normal 0 0 1
    outer loop
      vertex 81.6 -120 47.5
      vertex 81.6 -115.343 47.5
      vertex 66.8523 -115.343 47.5
    endloop
  endfacet
  facet normal 0 0 1
    outer loop
      vertex 81.6 -76.4379 47.5
      vertex 81.6 55.4796 47.5
      vertex 66.8523 55.4796 47.5
    endloop
  endfacet
  facet normal 0 0 1
    outer loop
      vertex 67.2264 109.174 47.5
      vertex 67.287 109.204 47.5
      vertex 66.8523 120 47.5
    endloop
  endfacet
  facet normal 0 0 1
    outer loop
      vertex 67.287 109.204 47.5
      vertex 67.3489 109.231 47.5
      vertex 66.8523 120 47.5
    endloop
  endfacet
  facet normal 0 0 1
    outer loop
      vertex 67.3489 109.231 47.5
      vertex 67.4119 109.256 47.5
      vertex 66.8523 120 47.5
    endloop
  endfacet
  facet normal 0 0 1
    outer loop
      vertex 67.4119 109.256 47.5
      vertex 67.476 109.278 47.5
      vertex 66.8523 120 47.5
    endloop
  endfacet
  facet normal 0 0 1
    outer loop
      vertex 66.8523 120 47.5
      vertex 67.476 109.278 47.5
      vertex 67.5409 109.297 47.5
    endloop
  endfacet
  facet normal 0 0 1
    outer loop
      vertex 68.6578 109.174 47.5
      vertex 68.7171 109.142 47.5
      vertex 81.6 120 47.5
    endloop
  endfacet
  facet normal 0 0 1
    outer loop
      vertex 67.807 106.255 47.5
      vertex 67.7398 106.263 47.5
      vertex 66.8523 55.4796 47.5
    endloop
  endfacet
  facet normal 0 0 1
    outer loop
      vertex 67.1093 106.492 47.5
      vertex 67.053 106.53 47.5
      vertex 66.8523 55.4796 47.5
    endloop
  endfacet
  facet normal 0 0 1
    outer loop
      vertex 67.053 106.53 47.5
      vertex 66.9985 106.57 47.5
      vertex 66.8523 55.4796 47.5
    endloop
  endfacet
  facet normal 0 0 1
    outer loop
      vertex 67.5409 109.297 47.5
      vertex 67.6066 109.313 47.5
      vertex 66.8523 120 47.5
    endloop
  endfacet
  facet normal 0 0 1
    outer loop
      vertex 67.6066 109.313 47.5
      vertex 67.6729 109.326 47.5
      vertex 66.8523 120 47.5
    endloop
  endfacet
  facet normal 0 0 1
    outer loop
      vertex 66.8523 120 47.5
      vertex 67.6729 109.326 47.5
      vertex 67.7398 109.336 47.5
    endloop
  endfacet
  facet normal 0 0 1
    outer loop
      vertex 67.7398 109.336 47.5
      vertex 67.807 109.343 47.5
      vertex 66.8523 120 47.5
    endloop
  endfacet
  facet normal 0 0 1
    outer loop
      vertex 67.807 109.343 47.5
      vertex 67.8745 109.348 47.5
      vertex 66.8523 120 47.5
    endloop
  endfacet
  facet normal 0 0 1
    outer loop
      vertex 66.8523 120 47.5
      vertex 67.8745 109.348 47.5
      vertex 67.9421 109.349 47.5
    endloop
  endfacet
  facet normal 0 0 1
    outer loop
      vertex 67.9421 109.349 47.5
      vertex 68.0097 109.348 47.5
      vertex 66.8523 120 47.5
    endloop
  endfacet
  facet normal 0 0 1
    outer loop
      vertex 68.0097 109.348 47.5
      vertex 68.0772 109.343 47.5
      vertex 66.8523 120 47.5
    endloop
  endfacet
  facet normal 0 0 1
    outer loop
      vertex 66.8523 120 47.5
      vertex 68.0772 109.343 47.5
      vertex 68.1444 109.336 47.5
    endloop
  endfacet
  facet normal 0 0 1
    outer loop
      vertex 68.6578 109.174 47.5
      vertex 81.6 120 47.5
      vertex 68.5971 109.204 47.5
    endloop
  endfacet
  facet normal 0 0 1
    outer loop
      vertex 69.3986 108.329 47.5
      vertex 69.4203 108.265 47.5
      vertex 81.6 120 47.5
    endloop
  endfacet
  facet normal 0 0 1
    outer loop
      vertex 69.4203 108.265 47.5
      vertex 69.4393 108.201 47.5
      vertex 81.6 120 47.5
    endloop
  endfacet
  facet normal 0 0 1
    outer loop
      vertex 81.6 120 47.5
      vertex 69.4393 108.201 47.5
      vertex 69.4553 108.135 47.5
    endloop
  endfacet
  facet normal 0 0 1
    outer loop
      vertex 67.5409 106.302 47.5
      vertex 67.476 106.321 47.5
      vertex 66.8523 55.4796 47.5
    endloop
  endfacet
  facet normal 0 0 1
    outer loop
      vertex 66.9985 106.57 47.5
      vertex 66.9458 106.612 47.5
      vertex 66.8523 55.4796 47.5
    endloop
  endfacet
  facet normal 0 0 1
    outer loop
      vertex 66.9458 106.612 47.5
      vertex 66.8949 106.657 47.5
      vertex 66.8523 55.4796 47.5
    endloop
  endfacet
  facet normal 0 0 1
    outer loop
      vertex 66.8523 55.4796 47.5
      vertex 66.8949 106.657 47.5
      vertex 66.8461 106.703 47.5
    endloop
  endfacet
  facet normal 0 0 1
    outer loop
      vertex 66.8523 120 47.5
      vertex 66.8461 108.895 47.5
      vertex 66.8949 108.942 47.5
    endloop
  endfacet
  facet normal 0 0 1
    outer loop
      vertex 68.3432 109.297 47.5
      vertex 68.4082 109.278 47.5
      vertex 66.8523 120 47.5
    endloop
  endfacet
  facet normal 0 0 1
    outer loop
      vertex 68.4082 109.278 47.5
      vertex 68.4722 109.256 47.5
      vertex 66.8523 120 47.5
    endloop
  endfacet
  facet normal 0 0 1
    outer loop
      vertex 66.8523 120 47.5
      vertex 68.4722 109.256 47.5
      vertex 81.6 120 47.5
    endloop
  endfacet
  facet normal 0 0 1
    outer loop
      vertex 68.4722 109.256 47.5
      vertex 68.5352 109.231 47.5
      vertex 81.6 120 47.5
    endloop
  endfacet
  facet normal 0 0 1
    outer loop
      vertex 81.6 120 47.5
      vertex 68.5352 109.231 47.5
      vertex 68.5971 109.204 47.5
    endloop
  endfacet
  facet normal 0 0 1
    outer loop
      vertex 68.8857 109.029 47.5
      vertex 68.9384 108.987 47.5
      vertex 81.6 120 47.5
    endloop
  endfacet
  facet normal 0 0 1
    outer loop
      vertex 69.3169 108.515 47.5
      vertex 69.3469 108.454 47.5
      vertex 81.6 120 47.5
    endloop
  endfacet
  facet normal 0 0 1
    outer loop
      vertex 69.3469 108.454 47.5
      vertex 69.3741 108.393 47.5
      vertex 81.6 120 47.5
    endloop
  endfacet
  facet normal 0 0 1
    outer loop
      vertex 81.6 120 47.5
      vertex 69.3741 108.393 47.5
      vertex 69.3986 108.329 47.5
    endloop
  endfacet
  facet normal 0 0 1
    outer loop
      vertex 67.476 106.321 47.5
      vertex 67.4119 106.343 47.5
      vertex 66.8523 55.4796 47.5
    endloop
  endfacet
  facet normal 0 0 1
    outer loop
      vertex 67.4119 106.343 47.5
      vertex 67.3489 106.367 47.5
      vertex 66.8523 55.4796 47.5
    endloop
  endfacet
  facet normal 0 0 1
    outer loop
      vertex 66.8523 55.4796 47.5
      vertex 67.3489 106.367 47.5
      vertex 67.287 106.395 47.5
    endloop
  endfacet
  facet normal 0 0 1
    outer loop
      vertex 67.287 106.395 47.5
      vertex 67.2264 106.424 47.5
      vertex 66.8523 55.4796 47.5
    endloop
  endfacet
  facet normal 0 0 1
    outer loop
      vertex 67.2264 106.424 47.5
      vertex 67.1671 106.457 47.5
      vertex 66.8523 55.4796 47.5
    endloop
  endfacet
  facet normal 0 0 1
    outer loop
      vertex 66.8523 55.4796 47.5
      vertex 67.1671 106.457 47.5
      vertex 67.1093 106.492 47.5
    endloop
  endfacet
  facet normal 0 0 1
    outer loop
      vertex 66.8949 108.942 47.5
      vertex 66.9458 108.987 47.5
      vertex 66.8523 120 47.5
    endloop
  endfacet
  facet normal 0 0 1
    outer loop
      vertex 66.9458 108.987 47.5
      vertex 66.9985 109.029 47.5
      vertex 66.8523 120 47.5
    endloop
  endfacet
  facet normal 0 0 1
    outer loop
      vertex 66.8523 120 47.5
      vertex 66.9985 109.029 47.5
      vertex 67.053 109.069 47.5
    endloop
  endfacet
  facet normal 0 0 1
    outer loop
      vertex 67.053 109.069 47.5
      vertex 67.1093 109.107 47.5
      vertex 66.8523 120 47.5
    endloop
  endfacet
  facet normal 0 0 1
    outer loop
      vertex 67.1093 109.107 47.5
      vertex 67.1671 109.142 47.5
      vertex 66.8523 120 47.5
    endloop
  endfacet
  facet normal 0 0 1
    outer loop
      vertex 66.8523 120 47.5
      vertex 67.1671 109.142 47.5
      vertex 67.2264 109.174 47.5
    endloop
  endfacet
  facet normal 0 0 1
    outer loop
      vertex 68.1444 109.336 47.5
      vertex 68.2112 109.326 47.5
      vertex 66.8523 120 47.5
    endloop
  endfacet
  facet normal 0 0 1
    outer loop
      vertex 68.2112 109.326 47.5
      vertex 68.2776 109.313 47.5
      vertex 66.8523 120 47.5
    endloop
  endfacet
  facet normal 0 0 1
    outer loop
      vertex 66.8523 120 47.5
      vertex 68.2776 109.313 47.5
      vertex 68.3432 109.297 47.5
    endloop
  endfacet
  facet normal 0 0 1
    outer loop
      vertex 69.1294 106.803 47.5
      vertex 69.0849 106.752 47.5
      vertex 81.6 55.4796 47.5
    endloop
  endfacet
  facet normal 0 0 1
    outer loop
      vertex 69.0849 106.752 47.5
      vertex 69.0381 106.703 47.5
      vertex 81.6 55.4796 47.5
    endloop
  endfacet
  facet normal 0 0 1
    outer loop
      vertex 68.0097 106.251 47.5
      vertex 67.9421 106.249 47.5
      vertex 66.8523 55.4796 47.5
    endloop
  endfacet
  facet normal 0 0 1
    outer loop
      vertex 67.9421 106.249 47.5
      vertex 67.8745 106.251 47.5
      vertex 66.8523 55.4796 47.5
    endloop
  endfacet
  facet normal 0 0 1
    outer loop
      vertex 66.8523 55.4796 47.5
      vertex 67.8745 106.251 47.5
      vertex 67.807 106.255 47.5
    endloop
  endfacet
  facet normal 0 0 1
    outer loop
      vertex 69.4553 108.135 47.5
      vertex 69.4685 108.069 47.5
      vertex 81.6 120 47.5
    endloop
  endfacet
  facet normal 0 0 1
    outer loop
      vertex 69.4685 108.069 47.5
      vertex 69.4788 108.002 47.5
      vertex 81.6 120 47.5
    endloop
  endfacet
  facet normal 0 0 1
    outer loop
      vertex 81.6 120 47.5
      vertex 69.4788 108.002 47.5
      vertex 69.4862 107.934 47.5
    endloop
  endfacet
  facet normal 0 0 1
    outer loop
      vertex 69.4862 107.934 47.5
      vertex 69.4906 107.867 47.5
      vertex 81.6 120 47.5
    endloop
  endfacet
  facet normal 0 0 1
    outer loop
      vertex 69.4906 107.867 47.5
      vertex 69.4921 107.799 47.5
      vertex 81.6 120 47.5
    endloop
  endfacet
  facet normal 0 0 1
    outer loop
      vertex 81.6 120 47.5
      vertex 69.4921 107.799 47.5
      vertex 69.4906 107.732 47.5
    endloop
  endfacet
  facet normal 0 0 1
    outer loop
      vertex 69.4906 107.732 47.5
      vertex 69.4862 107.664 47.5
      vertex 81.6 120 47.5
    endloop
  endfacet
  facet normal 0 0 1
    outer loop
      vertex 69.4862 107.664 47.5
      vertex 69.4788 107.597 47.5
      vertex 81.6 120 47.5
    endloop
  endfacet
  facet normal 0 0 1
    outer loop
      vertex 81.6 120 47.5
      vertex 69.4788 107.597 47.5
      vertex 69.4685 107.53 47.5
    endloop
  endfacet
  facet normal 0 0 1
    outer loop
      vertex 69.0381 106.703 47.5
      vertex 68.9892 106.657 47.5
      vertex 81.6 55.4796 47.5
    endloop
  endfacet
  facet normal 0 0 1
    outer loop
      vertex 68.9892 106.657 47.5
      vertex 68.9384 106.612 47.5
      vertex 81.6 55.4796 47.5
    endloop
  endfacet
  facet normal 0 0 1
    outer loop
      vertex 81.6 55.4796 47.5
      vertex 68.9384 106.612 47.5
      vertex 68.8857 106.57 47.5
    endloop
  endfacet
  facet normal 0 0 1
    outer loop
      vertex 81.6 55.4796 47.5
      vertex 68.1444 106.263 47.5
      vertex 66.8523 55.4796 47.5
    endloop
  endfacet
  facet normal 0 0 1
    outer loop
      vertex 68.1444 106.263 47.5
      vertex 68.0772 106.255 47.5
      vertex 66.8523 55.4796 47.5
    endloop
  endfacet
  facet normal 0 0 1
    outer loop
      vertex 66.8523 55.4796 47.5
      vertex 68.0772 106.255 47.5
      vertex 68.0097 106.251 47.5
    endloop
  endfacet
  facet normal 0 0 1
    outer loop
      vertex 67.7398 106.263 47.5
      vertex 67.6729 106.273 47.5
      vertex 66.8523 55.4796 47.5
    endloop
  endfacet
  facet normal 0 0 1
    outer loop
      vertex 67.6729 106.273 47.5
      vertex 67.6066 106.286 47.5
      vertex 66.8523 55.4796 47.5
    endloop
  endfacet
  facet normal 0 0 1
    outer loop
      vertex 66.8523 55.4796 47.5
      vertex 67.6066 106.286 47.5
      vertex 67.5409 106.302 47.5
    endloop
  endfacet
  facet normal 0 0 1
    outer loop
      vertex 68.7171 109.142 47.5
      vertex 68.7749 109.107 47.5
      vertex 81.6 120 47.5
    endloop
  endfacet
  facet normal 0 0 1
    outer loop
      vertex 68.7749 109.107 47.5
      vertex 68.8311 109.069 47.5
      vertex 81.6 120 47.5
    endloop
  endfacet
  facet normal 0 0 1
    outer loop
      vertex 81.6 120 47.5
      vertex 68.8311 109.069 47.5
      vertex 68.8857 109.029 47.5
    endloop
  endfacet
  facet normal 0 0 1
    outer loop
      vertex 68.9384 108.987 47.5
      vertex 68.9892 108.942 47.5
      vertex 81.6 120 47.5
    endloop
  endfacet
  facet normal 0 0 1
    outer loop
      vertex 68.9892 108.942 47.5
      vertex 69.0381 108.895 47.5
      vertex 81.6 120 47.5
    endloop
  endfacet
  facet normal 0 0 1
    outer loop
      vertex 81.6 120 47.5
      vertex 69.0381 108.895 47.5
      vertex 69.0849 108.847 47.5
    endloop
  endfacet
  facet normal 0 0 1
    outer loop
      vertex 69.0849 108.847 47.5
      vertex 69.1294 108.796 47.5
      vertex 81.6 120 47.5
    endloop
  endfacet
  facet normal 0 0 1
    outer loop
      vertex 69.1294 108.796 47.5
      vertex 69.1718 108.743 47.5
      vertex 81.6 120 47.5
    endloop
  endfacet
  facet normal 0 0 1
    outer loop
      vertex 81.6 120 47.5
      vertex 69.1718 108.743 47.5
      vertex 69.2118 108.688 47.5
    endloop
  endfacet
  facet normal 0 0 1
    outer loop
      vertex 69.2118 108.688 47.5
      vertex 69.2493 108.632 47.5
      vertex 81.6 120 47.5
    endloop
  endfacet
  facet normal 0 0 1
    outer loop
      vertex 69.2493 108.632 47.5
      vertex 69.2844 108.574 47.5
      vertex 81.6 120 47.5
    endloop
  endfacet
  facet normal 0 0 1
    outer loop
      vertex 81.6 120 47.5
      vertex 69.2844 108.574 47.5
      vertex 69.3169 108.515 47.5
    endloop
  endfacet
  facet normal 0 0 1
    outer loop
      vertex 69.4685 107.53 47.5
      vertex 69.4553 107.464 47.5
      vertex 81.6 120 47.5
    endloop
  endfacet
  facet normal 0 0 1
    outer loop
      vertex 69.4553 107.464 47.5
      vertex 69.4393 107.398 47.5
      vertex 81.6 120 47.5
    endloop
  endfacet
  facet normal 0 0 1
    outer loop
      vertex 81.6 120 47.5
      vertex 69.4393 107.398 47.5
      vertex 81.6 55.4796 47.5
    endloop
  endfacet
  facet normal 0 0 1
    outer loop
      vertex 69.4393 107.398 47.5
      vertex 69.4203 107.333 47.5
      vertex 81.6 55.4796 47.5
    endloop
  endfacet
  facet normal 0 0 1
    outer loop
      vertex 68.5352 106.367 47.5
      vertex 68.4722 106.343 47.5
      vertex 81.6 55.4796 47.5
    endloop
  endfacet
  facet normal 0 0 1
    outer loop
      vertex 68.4722 106.343 47.5
      vertex 68.4082 106.321 47.5
      vertex 81.6 55.4796 47.5
    endloop
  endfacet
  facet normal 0 0 1
    outer loop
      vertex 81.6 55.4796 47.5
      vertex 68.4082 106.321 47.5
      vertex 68.3432 106.302 47.5
    endloop
  endfacet
  facet normal 0 0 1
    outer loop
      vertex 68.3432 106.302 47.5
      vertex 68.2776 106.286 47.5
      vertex 81.6 55.4796 47.5
    endloop
  endfacet
  facet normal 0 0 1
    outer loop
      vertex 68.2776 106.286 47.5
      vertex 68.2112 106.273 47.5
      vertex 81.6 55.4796 47.5
    endloop
  endfacet
  facet normal 0 0 1
    outer loop
      vertex 81.6 55.4796 47.5
      vertex 68.2112 106.273 47.5
      vertex 68.1444 106.263 47.5
    endloop
  endfacet
  facet normal 0 0 1
    outer loop
      vertex 69.2493 106.967 47.5
      vertex 69.2118 106.91 47.5
      vertex 81.6 55.4796 47.5
    endloop
  endfacet
  facet normal 0 0 1
    outer loop
      vertex 69.2118 106.91 47.5
      vertex 69.1718 106.856 47.5
      vertex 81.6 55.4796 47.5
    endloop
  endfacet
  facet normal 0 0 1
    outer loop
      vertex 81.6 55.4796 47.5
      vertex 69.1718 106.856 47.5
      vertex 69.1294 106.803 47.5
    endloop
  endfacet
  facet normal 0 0 1
    outer loop
      vertex 68.8857 106.57 47.5
      vertex 68.8311 106.53 47.5
      vertex 81.6 55.4796 47.5
    endloop
  endfacet
  facet normal 0 0 1
    outer loop
      vertex 68.8311 106.53 47.5
      vertex 68.7749 106.492 47.5
      vertex 81.6 55.4796 47.5
    endloop
  endfacet
  facet normal 0 0 1
    outer loop
      vertex 81.6 55.4796 47.5
      vertex 68.7749 106.492 47.5
      vertex 68.7171 106.457 47.5
    endloop
  endfacet
  facet normal 0 0 1
    outer loop
      vertex 68.7171 106.457 47.5
      vertex 68.6578 106.424 47.5
      vertex 81.6 55.4796 47.5
    endloop
  endfacet
  facet normal 0 0 1
    outer loop
      vertex 68.6578 106.424 47.5
      vertex 68.5971 106.395 47.5
      vertex 81.6 55.4796 47.5
    endloop
  endfacet
  facet normal 0 0 1
    outer loop
      vertex 81.6 55.4796 47.5
      vertex 68.5971 106.395 47.5
      vertex 68.5352 106.367 47.5
    endloop
  endfacet
  facet normal 0 0 1
    outer loop
      vertex 69.4203 107.333 47.5
      vertex 69.3986 107.269 47.5
      vertex 81.6 55.4796 47.5
    endloop
  endfacet
  facet normal 0 0 1
    outer loop
      vertex 69.3986 107.269 47.5
      vertex 69.3741 107.206 47.5
      vertex 81.6 55.4796 47.5
    endloop
  endfacet
  facet normal 0 0 1
    outer loop
      vertex 81.6 55.4796 47.5
      vertex 69.3741 107.206 47.5
      vertex 69.3469 107.144 47.5
    endloop
  endfacet
  facet normal 0 0 1
    outer loop
      vertex 69.3469 107.144 47.5
      vertex 69.3169 107.084 47.5
      vertex 81.6 55.4796 47.5
    endloop
  endfacet
  facet normal 0 0 1
    outer loop
      vertex 69.3169 107.084 47.5
      vertex 69.2844 107.024 47.5
      vertex 81.6 55.4796 47.5
    endloop
  endfacet
  facet normal 0 0 1
    outer loop
      vertex 81.6 55.4796 47.5
      vertex 69.2844 107.024 47.5
      vertex 69.2493 106.967 47.5
    endloop
  endfacet
  facet normal 0 0 1
    outer loop
      vertex 66.8461 106.703 47.5
      vertex 66.7993 106.752 47.5
      vertex 58.2069 55.4796 47.5
    endloop
  endfacet
  facet normal 0 0 1
    outer loop
      vertex 66.5672 107.084 47.5
      vertex 66.5373 107.144 47.5
      vertex 58.2069 55.4796 47.5
    endloop
  endfacet
  facet normal 0 0 1
    outer loop
      vertex 66.4638 107.333 47.5
      vertex 66.4449 107.398 47.5
      vertex 58.2069 120 47.5
    endloop
  endfacet
  facet normal 0 0 1
    outer loop
      vertex 66.3921 107.799 47.5
      vertex 66.3936 107.867 47.5
      vertex 58.2069 120 47.5
    endloop
  endfacet
  facet normal 0 0 1
    outer loop
      vertex 66.3936 107.867 47.5
      vertex 66.398 107.934 47.5
      vertex 58.2069 120 47.5
    endloop
  endfacet
  facet normal 0 0 1
    outer loop
      vertex 58.2069 120 47.5
      vertex 66.398 107.934 47.5
      vertex 66.4053 108.002 47.5
    endloop
  endfacet
  facet normal 0 0 1
    outer loop
      vertex 66.4053 108.002 47.5
      vertex 66.4156 108.069 47.5
      vertex 58.2069 120 47.5
    endloop
  endfacet
  facet normal 0 0 1
    outer loop
      vertex 66.4156 108.069 47.5
      vertex 66.4288 108.135 47.5
      vertex 58.2069 120 47.5
    endloop
  endfacet
  facet normal 0 0 1
    outer loop
      vertex 58.2069 120 47.5
      vertex 66.4288 108.135 47.5
      vertex 66.4449 108.201 47.5
    endloop
  endfacet
  facet normal 0 0 1
    outer loop
      vertex 66.5373 107.144 47.5
      vertex 66.5101 107.206 47.5
      vertex 58.2069 55.4796 47.5
    endloop
  endfacet
  facet normal 0 0 1
    outer loop
      vertex 66.5101 107.206 47.5
      vertex 66.4856 107.269 47.5
      vertex 58.2069 55.4796 47.5
    endloop
  endfacet
  facet normal 0 0 1
    outer loop
      vertex 58.2069 55.4796 47.5
      vertex 66.4856 107.269 47.5
      vertex 66.4638 107.333 47.5
    endloop
  endfacet
  facet normal 0 0 1
    outer loop
      vertex 66.4449 107.398 47.5
      vertex 66.4288 107.464 47.5
      vertex 58.2069 120 47.5
    endloop
  endfacet
  facet normal 0 0 1
    outer loop
      vertex 66.4288 107.464 47.5
      vertex 66.4156 107.53 47.5
      vertex 58.2069 120 47.5
    endloop
  endfacet
  facet normal 0 0 1
    outer loop
      vertex 58.2069 120 47.5
      vertex 66.4156 107.53 47.5
      vertex 66.4053 107.597 47.5
    endloop
  endfacet
  facet normal 0 0 1
    outer loop
      vertex 66.4053 107.597 47.5
      vertex 66.398 107.664 47.5
      vertex 58.2069 120 47.5
    endloop
  endfacet
  facet normal 0 0 1
    outer loop
      vertex 66.398 107.664 47.5
      vertex 66.3936 107.732 47.5
      vertex 58.2069 120 47.5
    endloop
  endfacet
  facet normal 0 0 1
    outer loop
      vertex 58.2069 120 47.5
      vertex 66.3936 107.732 47.5
      vertex 66.3921 107.799 47.5
    endloop
  endfacet
  facet normal 0 0 1
    outer loop
      vertex 66.4449 108.201 47.5
      vertex 66.4638 108.265 47.5
      vertex 58.2069 120 47.5
    endloop
  endfacet
  facet normal 0 0 1
    outer loop
      vertex 66.4638 108.265 47.5
      vertex 66.4856 108.329 47.5
      vertex 58.2069 120 47.5
    endloop
  endfacet
  facet normal 0 0 1
    outer loop
      vertex 58.2069 120 47.5
      vertex 66.4856 108.329 47.5
      vertex 66.5101 108.393 47.5
    endloop
  endfacet
  facet normal 0 0 1
    outer loop
      vertex 66.5101 108.393 47.5
      vertex 66.5373 108.454 47.5
      vertex 58.2069 120 47.5
    endloop
  endfacet
  facet normal 0 0 1
    outer loop
      vertex 66.5373 108.454 47.5
      vertex 66.5672 108.515 47.5
      vertex 58.2069 120 47.5
    endloop
  endfacet
  facet normal 0 0 1
    outer loop
      vertex 58.2069 120 47.5
      vertex 66.5672 108.515 47.5
      vertex 66.5997 108.574 47.5
    endloop
  endfacet
  facet normal 0 0 1
    outer loop
      vertex 66.7124 108.743 47.5
      vertex 66.7547 108.796 47.5
      vertex 58.2069 120 47.5
    endloop
  endfacet
  facet normal 0 0 1
    outer loop
      vertex 66.7993 106.752 47.5
      vertex 66.7547 106.803 47.5
      vertex 58.2069 55.4796 47.5
    endloop
  endfacet
  facet normal 0 0 1
    outer loop
      vertex 66.7547 106.803 47.5
      vertex 66.7124 106.856 47.5
      vertex 58.2069 55.4796 47.5
    endloop
  endfacet
  facet normal 0 0 1
    outer loop
      vertex 58.2069 55.4796 47.5
      vertex 66.7124 106.856 47.5
      vertex 66.6724 106.91 47.5
    endloop
  endfacet
  facet normal 0 0 1
    outer loop
      vertex 66.6724 106.91 47.5
      vertex 66.6348 106.967 47.5
      vertex 58.2069 55.4796 47.5
    endloop
  endfacet
  facet normal 0 0 1
    outer loop
      vertex 66.6348 106.967 47.5
      vertex 66.5997 107.024 47.5
      vertex 58.2069 55.4796 47.5
    endloop
  endfacet
  facet normal 0 0 1
    outer loop
      vertex 58.2069 55.4796 47.5
      vertex 66.5997 107.024 47.5
      vertex 66.5672 107.084 47.5
    endloop
  endfacet
  facet normal 0 0 1
    outer loop
      vertex 58.2069 120 47.5
      vertex 66.7547 108.796 47.5
      vertex 66.8523 120 47.5
    endloop
  endfacet
  facet normal 0 0 1
    outer loop
      vertex 66.7547 108.796 47.5
      vertex 66.7993 108.847 47.5
      vertex 66.8523 120 47.5
    endloop
  endfacet
  facet normal 0 0 1
    outer loop
      vertex 66.8523 120 47.5
      vertex 66.7993 108.847 47.5
      vertex 66.8461 108.895 47.5
    endloop
  endfacet
  facet normal 0 0 1
    outer loop
      vertex 66.5997 108.574 47.5
      vertex 66.6348 108.632 47.5
      vertex 58.2069 120 47.5
    endloop
  endfacet
  facet normal 0 0 1
    outer loop
      vertex 66.6348 108.632 47.5
      vertex 66.6724 108.688 47.5
      vertex 58.2069 120 47.5
    endloop
  endfacet
  facet normal 0 0 1
    outer loop
      vertex 58.2069 120 47.5
      vertex 66.6724 108.688 47.5
      vertex 66.7124 108.743 47.5
    endloop
  endfacet
  facet normal 0 0 1
    outer loop
      vertex -71.9893 108.265 47.5
      vertex -71.9704 108.201 47.5
      vertex -60.9696 120 47.5
    endloop
  endfacet
  facet normal 0 0 1
    outer loop
      vertex -73.6026 106.255 47.5
      vertex -73.6699 106.263 47.5
      vertex -78.3088 55.4796 47.5
    endloop
  endfacet
  facet normal 0 0 1
    outer loop
      vertex -71.9893 108.265 47.5
      vertex -60.9696 120 47.5
      vertex -72.011 108.329 47.5
    endloop
  endfacet
  facet normal 0 0 1
    outer loop
      vertex -71.9308 108.002 47.5
      vertex -71.9234 107.934 47.5
      vertex -60.9696 120 47.5
    endloop
  endfacet
  facet normal 0 0 1
    outer loop
      vertex -71.9234 107.934 47.5
      vertex -71.919 107.867 47.5
      vertex -60.9696 120 47.5
    endloop
  endfacet
  facet normal 0 0 1
    outer loop
      vertex -60.9696 120 47.5
      vertex -71.919 107.867 47.5
      vertex -71.9175 107.799 47.5
    endloop
  endfacet
  facet normal 0 0 1
    outer loop
      vertex -73.8687 106.302 47.5
      vertex -73.9336 106.321 47.5
      vertex -78.3088 55.4796 47.5
    endloop
  endfacet
  facet normal 0 0 1
    outer loop
      vertex -71.9704 108.201 47.5
      vertex -71.9543 108.135 47.5
      vertex -60.9696 120 47.5
    endloop
  endfacet
  facet normal 0 0 1
    outer loop
      vertex -71.9543 108.135 47.5
      vertex -71.9411 108.069 47.5
      vertex -60.9696 120 47.5
    endloop
  endfacet
  facet normal 0 0 1
    outer loop
      vertex -60.9696 120 47.5
      vertex -71.9411 108.069 47.5
      vertex -71.9308 108.002 47.5
    endloop
  endfacet
  facet normal 0 0 1
    outer loop
      vertex -74.3004 106.492 47.5
      vertex -74.3566 106.53 47.5
      vertex -78.3088 55.4796 47.5
    endloop
  endfacet
  facet normal 0 0 1
    outer loop
      vertex -74.3566 106.53 47.5
      vertex -74.4111 106.57 47.5
      vertex -78.3088 55.4796 47.5
    endloop
  endfacet
  facet normal 0 0 1
    outer loop
      vertex -71.9175 107.799 47.5
      vertex -71.919 107.732 47.5
      vertex -60.9696 120 47.5
    endloop
  endfacet
  facet normal 0 0 1
    outer loop
      vertex -71.919 107.732 47.5
      vertex -71.9234 107.664 47.5
      vertex -60.9696 120 47.5
    endloop
  endfacet
  facet normal 0 0 1
    outer loop
      vertex -60.9696 120 47.5
      vertex -71.9234 107.664 47.5
      vertex -71.9308 107.597 47.5
    endloop
  endfacet
  facet normal 0 0 1
    outer loop
      vertex -73.3999 106.251 47.5
      vertex -73.4675 106.249 47.5
      vertex -78.3088 55.4796 47.5
    endloop
  endfacet
  facet normal 0 0 1
    outer loop
      vertex -73.4675 106.249 47.5
      vertex -73.5352 106.251 47.5
      vertex -78.3088 55.4796 47.5
    endloop
  endfacet
  facet normal 0 0 1
    outer loop
      vertex -78.3088 55.4796 47.5
      vertex -73.5352 106.251 47.5
      vertex -73.6026 106.255 47.5
    endloop
  endfacet
  facet normal 0 0 1
    outer loop
      vertex -73.9336 106.321 47.5
      vertex -73.9977 106.343 47.5
      vertex -78.3088 55.4796 47.5
    endloop
  endfacet
  facet normal 0 0 1
    outer loop
      vertex -73.9977 106.343 47.5
      vertex -74.0607 106.367 47.5
      vertex -78.3088 55.4796 47.5
    endloop
  endfacet
  facet normal 0 0 1
    outer loop
      vertex -78.3088 55.4796 47.5
      vertex -74.0607 106.367 47.5
      vertex -74.1226 106.395 47.5
    endloop
  endfacet
  facet normal 0 0 1
    outer loop
      vertex -74.4111 106.57 47.5
      vertex -74.4639 106.612 47.5
      vertex -78.3088 55.4796 47.5
    endloop
  endfacet
  facet normal 0 0 1
    outer loop
      vertex -74.4639 106.612 47.5
      vertex -74.5147 106.657 47.5
      vertex -78.3088 55.4796 47.5
    endloop
  endfacet
  facet normal 0 0 1
    outer loop
      vertex -78.3088 55.4796 47.5
      vertex -74.5147 106.657 47.5
      vertex -74.5636 106.703 47.5
    endloop
  endfacet
  facet normal 0 0 1
    outer loop
      vertex -75.0175 107.799 47.5
      vertex -75.0161 107.867 47.5
      vertex -78.3088 120 47.5
    endloop
  endfacet
  facet normal 0 0 1
    outer loop
      vertex -75.0161 107.867 47.5
      vertex -75.0116 107.934 47.5
      vertex -78.3088 120 47.5
    endloop
  endfacet
  facet normal 0 0 1
    outer loop
      vertex -78.3088 120 47.5
      vertex -75.0116 107.934 47.5
      vertex -75.0043 108.002 47.5
    endloop
  endfacet
  facet normal 0 0 1
    outer loop
      vertex -72.3715 106.703 47.5
      vertex -72.4204 106.657 47.5
      vertex -60.9696 55.4796 47.5
    endloop
  endfacet
  facet normal 0 0 1
    outer loop
      vertex -72.4204 106.657 47.5
      vertex -72.4712 106.612 47.5
      vertex -60.9696 55.4796 47.5
    endloop
  endfacet
  facet normal 0 0 1
    outer loop
      vertex -60.9696 55.4796 47.5
      vertex -72.4712 106.612 47.5
      vertex -72.524 106.57 47.5
    endloop
  endfacet
  facet normal 0 0 1
    outer loop
      vertex -60.9696 55.4796 47.5
      vertex -73.2652 106.263 47.5
      vertex -78.3088 55.4796 47.5
    endloop
  endfacet
  facet normal 0 0 1
    outer loop
      vertex -73.2652 106.263 47.5
      vertex -73.3325 106.255 47.5
      vertex -78.3088 55.4796 47.5
    endloop
  endfacet
  facet normal 0 0 1
    outer loop
      vertex -78.3088 55.4796 47.5
      vertex -73.3325 106.255 47.5
      vertex -73.3999 106.251 47.5
    endloop
  endfacet
  facet normal 0 0 1
    outer loop
      vertex -73.6699 106.263 47.5
      vertex -73.7367 106.273 47.5
      vertex -78.3088 55.4796 47.5
    endloop
  endfacet
  facet normal 0 0 1
    outer loop
      vertex -73.7367 106.273 47.5
      vertex -73.803 106.286 47.5
      vertex -78.3088 55.4796 47.5
    endloop
  endfacet
  facet normal 0 0 1
    outer loop
      vertex -78.3088 55.4796 47.5
      vertex -73.803 106.286 47.5
      vertex -73.8687 106.302 47.5
    endloop
  endfacet
  facet normal 0 0 1
    outer loop
      vertex -74.1226 106.395 47.5
      vertex -74.1833 106.424 47.5
      vertex -78.3088 55.4796 47.5
    endloop
  endfacet
  facet normal 0 0 1
    outer loop
      vertex -74.1833 106.424 47.5
      vertex -74.2425 106.457 47.5
      vertex -78.3088 55.4796 47.5
    endloop
  endfacet
  facet normal 0 0 1
    outer loop
      vertex -78.3088 55.4796 47.5
      vertex -74.2425 106.457 47.5
      vertex -74.3004 106.492 47.5
    endloop
  endfacet
  facet normal 0 0 1
    outer loop
      vertex -74.5636 106.703 47.5
      vertex -74.6103 106.752 47.5
      vertex -78.3088 55.4796 47.5
    endloop
  endfacet
  facet normal 0 0 1
    outer loop
      vertex -74.6103 106.752 47.5
      vertex -74.6549 106.803 47.5
      vertex -78.3088 55.4796 47.5
    endloop
  endfacet
  facet normal 0 0 1
    outer loop
      vertex -78.3088 55.4796 47.5
      vertex -74.6549 106.803 47.5
      vertex -74.6972 106.856 47.5
    endloop
  endfacet
  facet normal 0 0 1
    outer loop
      vertex -74.6972 106.856 47.5
      vertex -74.7372 106.91 47.5
      vertex -78.3088 55.4796 47.5
    endloop
  endfacet
  facet normal 0 0 1
    outer loop
      vertex -74.7372 106.91 47.5
      vertex -74.7748 106.967 47.5
      vertex -78.3088 55.4796 47.5
    endloop
  endfacet
  facet normal 0 0 1
    outer loop
      vertex -78.3088 55.4796 47.5
      vertex -74.7748 106.967 47.5
      vertex -74.8099 107.024 47.5
    endloop
  endfacet
  facet normal 0 0 1
    outer loop
      vertex -74.8996 107.206 47.5
      vertex -74.9241 107.269 47.5
      vertex -78.3088 55.4796 47.5
    endloop
  endfacet
  facet normal 0 0 1
    outer loop
      vertex -74.9241 107.269 47.5
      vertex -74.9458 107.333 47.5
      vertex -78.3088 55.4796 47.5
    endloop
  endfacet
  facet normal 0 0 1
    outer loop
      vertex -75.0043 108.002 47.5
      vertex -74.994 108.069 47.5
      vertex -78.3088 120 47.5
    endloop
  endfacet
  facet normal 0 0 1
    outer loop
      vertex -74.994 108.069 47.5
      vertex -74.9808 108.135 47.5
      vertex -78.3088 120 47.5
    endloop
  endfacet
  facet normal 0 0 1
    outer loop
      vertex -78.3088 120 47.5
      vertex -74.9808 108.135 47.5
      vertex -74.9647 108.201 47.5
    endloop
  endfacet
  facet normal 0 0 1
    outer loop
      vertex -73.6026 109.343 47.5
      vertex -73.5352 109.348 47.5
      vertex -78.3088 120 47.5
    endloop
  endfacet
  facet normal 0 0 1
    outer loop
      vertex -73.5352 109.348 47.5
      vertex -73.4675 109.349 47.5
      vertex -78.3088 120 47.5
    endloop
  endfacet
  facet normal 0 0 1
    outer loop
      vertex -78.3088 120 47.5
      vertex -73.4675 109.349 47.5
      vertex -73.3999 109.348 47.5
    endloop
  endfacet
  facet normal 0 0 1
    outer loop
      vertex -73.1321 109.313 47.5
      vertex -73.0664 109.297 47.5
      vertex -60.9696 120 47.5
    endloop
  endfacet
  facet normal 0 0 1
    outer loop
      vertex 66.4638 107.333 47.5
      vertex 58.2069 120 47.5
      vertex 58.2069 55.4796 47.5
    endloop
  endfacet
  facet normal 0 0 1
    outer loop
      vertex 58.2069 120 47.5
      vertex -6.93889e-15 120 47.5
      vertex 58.2069 55.4796 47.5
    endloop
  endfacet
  facet normal 0 0 1
    outer loop
      vertex 58.2069 55.4796 47.5
      vertex -6.93889e-15 120 47.5
      vertex -6.93889e-15 55.4796 47.5
    endloop
  endfacet
  facet normal 0 0 1
    outer loop
      vertex -6.93889e-15 120 47.5
      vertex -60.9696 120 47.5
      vertex -6.93889e-15 55.4796 47.5
    endloop
  endfacet
  facet normal 0 0 1
    outer loop
      vertex -6.93889e-15 55.4796 47.5
      vertex -60.9696 120 47.5
      vertex -60.9696 55.4796 47.5
    endloop
  endfacet
  facet normal 0 0 1
    outer loop
      vertex -60.9696 120 47.5
      vertex -71.9308 107.597 47.5
      vertex -60.9696 55.4796 47.5
    endloop
  endfacet
  facet normal 0 0 1
    outer loop
      vertex -60.9696 55.4796 47.5
      vertex -71.9308 107.597 47.5
      vertex -71.9411 107.53 47.5
    endloop
  endfacet
  facet normal 0 0 1
    outer loop
      vertex -71.9411 107.53 47.5
      vertex -71.9543 107.464 47.5
      vertex -60.9696 55.4796 47.5
    endloop
  endfacet
  facet normal 0 0 1
    outer loop
      vertex -71.9543 107.464 47.5
      vertex -71.9704 107.398 47.5
      vertex -60.9696 55.4796 47.5
    endloop
  endfacet
  facet normal 0 0 1
    outer loop
      vertex -60.9696 55.4796 47.5
      vertex -71.9704 107.398 47.5
      vertex -71.9893 107.333 47.5
    endloop
  endfacet
  facet normal 0 0 1
    outer loop
      vertex -72.2378 106.856 47.5
      vertex -60.9696 55.4796 47.5
      vertex -72.1979 106.91 47.5
    endloop
  endfacet
  facet normal 0 0 1
    outer loop
      vertex -60.9696 55.4796 47.5
      vertex -72.1603 106.967 47.5
      vertex -72.1979 106.91 47.5
    endloop
  endfacet
  facet normal 0 0 1
    outer loop
      vertex -72.2378 106.856 47.5
      vertex -72.2802 106.803 47.5
      vertex -60.9696 55.4796 47.5
    endloop
  endfacet
  facet normal 0 0 1
    outer loop
      vertex -72.2802 106.803 47.5
      vertex -72.3248 106.752 47.5
      vertex -60.9696 55.4796 47.5
    endloop
  endfacet
  facet normal 0 0 1
    outer loop
      vertex -60.9696 55.4796 47.5
      vertex -72.3248 106.752 47.5
      vertex -72.3715 106.703 47.5
    endloop
  endfacet
  facet normal 0 0 1
    outer loop
      vertex -72.8744 106.367 47.5
      vertex -72.9374 106.343 47.5
      vertex -60.9696 55.4796 47.5
    endloop
  endfacet
  facet normal 0 0 1
    outer loop
      vertex -72.9374 106.343 47.5
      vertex -73.0015 106.321 47.5
      vertex -60.9696 55.4796 47.5
    endloop
  endfacet
  facet normal 0 0 1
    outer loop
      vertex -60.9696 55.4796 47.5
      vertex -73.0015 106.321 47.5
      vertex -73.0664 106.302 47.5
    endloop
  endfacet
  facet normal 0 0 1
    outer loop
      vertex -73.0664 106.302 47.5
      vertex -73.1321 106.286 47.5
      vertex -60.9696 55.4796 47.5
    endloop
  endfacet
  facet normal 0 0 1
    outer loop
      vertex -73.1321 106.286 47.5
      vertex -73.1984 106.273 47.5
      vertex -60.9696 55.4796 47.5
    endloop
  endfacet
  facet normal 0 0 1
    outer loop
      vertex -60.9696 55.4796 47.5
      vertex -73.1984 106.273 47.5
      vertex -73.2652 106.263 47.5
    endloop
  endfacet
  facet normal 0 0 1
    outer loop
      vertex -74.8099 107.024 47.5
      vertex -74.8424 107.084 47.5
      vertex -78.3088 55.4796 47.5
    endloop
  endfacet
  facet normal 0 0 1
    outer loop
      vertex -74.8424 107.084 47.5
      vertex -74.8723 107.144 47.5
      vertex -78.3088 55.4796 47.5
    endloop
  endfacet
  facet normal 0 0 1
    outer loop
      vertex -78.3088 55.4796 47.5
      vertex -74.8723 107.144 47.5
      vertex -74.8996 107.206 47.5
    endloop
  endfacet
  facet normal 0 0 1
    outer loop
      vertex -74.9458 107.333 47.5
      vertex -74.9647 107.398 47.5
      vertex -78.3088 55.4796 47.5
    endloop
  endfacet
  facet normal 0 0 1
    outer loop
      vertex -74.9647 107.398 47.5
      vertex -74.9808 107.464 47.5
      vertex -78.3088 55.4796 47.5
    endloop
  endfacet
  facet normal 0 0 1
    outer loop
      vertex -78.3088 55.4796 47.5
      vertex -74.9808 107.464 47.5
      vertex -74.994 107.53 47.5
    endloop
  endfacet
  facet normal 0 0 1
    outer loop
      vertex -74.994 107.53 47.5
      vertex -75.0043 107.597 47.5
      vertex -78.3088 55.4796 47.5
    endloop
  endfacet
  facet normal 0 0 1
    outer loop
      vertex -75.0043 107.597 47.5
      vertex -75.0116 107.664 47.5
      vertex -78.3088 55.4796 47.5
    endloop
  endfacet
  facet normal 0 0 1
    outer loop
      vertex -78.3088 55.4796 47.5
      vertex -75.0116 107.664 47.5
      vertex -78.3088 120 47.5
    endloop
  endfacet
  facet normal 0 0 1
    outer loop
      vertex -75.0116 107.664 47.5
      vertex -75.0161 107.732 47.5
      vertex -78.3088 120 47.5
    endloop
  endfacet
  facet normal 0 0 1
    outer loop
      vertex -78.3088 120 47.5
      vertex -75.0161 107.732 47.5
      vertex -75.0175 107.799 47.5
    endloop
  endfacet
  facet normal 0 0 1
    outer loop
      vertex -73.0664 109.297 47.5
      vertex -73.0015 109.278 47.5
      vertex -60.9696 120 47.5
    endloop
  endfacet
  facet normal 0 0 1
    outer loop
      vertex -73.0015 109.278 47.5
      vertex -72.9374 109.256 47.5
      vertex -60.9696 120 47.5
    endloop
  endfacet
  facet normal 0 0 1
    outer loop
      vertex -60.9696 120 47.5
      vertex -72.9374 109.256 47.5
      vertex -72.8744 109.231 47.5
    endloop
  endfacet
  facet normal 0 0 1
    outer loop
      vertex -72.8744 109.231 47.5
      vertex -72.8125 109.204 47.5
      vertex -60.9696 120 47.5
    endloop
  endfacet
  facet normal 0 0 1
    outer loop
      vertex -72.8125 109.204 47.5
      vertex -72.7518 109.174 47.5
      vertex -60.9696 120 47.5
    endloop
  endfacet
  facet normal 0 0 1
    outer loop
      vertex -60.9696 120 47.5
      vertex -72.7518 109.174 47.5
      vertex -72.6925 109.142 47.5
    endloop
  endfacet
  facet normal 0 0 1
    outer loop
      vertex -72.524 109.029 47.5
      vertex -72.4712 108.987 47.5
      vertex -60.9696 120 47.5
    endloop
  endfacet
  facet normal 0 0 1
    outer loop
      vertex -72.0927 108.515 47.5
      vertex -72.0628 108.454 47.5
      vertex -60.9696 120 47.5
    endloop
  endfacet
  facet normal 0 0 1
    outer loop
      vertex -72.0628 108.454 47.5
      vertex -72.0355 108.393 47.5
      vertex -60.9696 120 47.5
    endloop
  endfacet
  facet normal 0 0 1
    outer loop
      vertex -60.9696 120 47.5
      vertex -72.0355 108.393 47.5
      vertex -72.011 108.329 47.5
    endloop
  endfacet
  facet normal 0 0 1
    outer loop
      vertex -72.524 106.57 47.5
      vertex -72.5785 106.53 47.5
      vertex -60.9696 55.4796 47.5
    endloop
  endfacet
  facet normal 0 0 1
    outer loop
      vertex -72.5785 106.53 47.5
      vertex -72.6347 106.492 47.5
      vertex -60.9696 55.4796 47.5
    endloop
  endfacet
  facet normal 0 0 1
    outer loop
      vertex -60.9696 55.4796 47.5
      vertex -72.6347 106.492 47.5
      vertex -72.6925 106.457 47.5
    endloop
  endfacet
  facet normal 0 0 1
    outer loop
      vertex -72.6925 106.457 47.5
      vertex -72.7518 106.424 47.5
      vertex -60.9696 55.4796 47.5
    endloop
  endfacet
  facet normal 0 0 1
    outer loop
      vertex -72.7518 106.424 47.5
      vertex -72.8125 106.395 47.5
      vertex -60.9696 55.4796 47.5
    endloop
  endfacet
  facet normal 0 0 1
    outer loop
      vertex -60.9696 55.4796 47.5
      vertex -72.8125 106.395 47.5
      vertex -72.8744 106.367 47.5
    endloop
  endfacet
  facet normal 0 0 1
    outer loop
      vertex -74.9647 108.201 47.5
      vertex -74.9458 108.265 47.5
      vertex -78.3088 120 47.5
    endloop
  endfacet
  facet normal 0 0 1
    outer loop
      vertex -74.9458 108.265 47.5
      vertex -74.9241 108.329 47.5
      vertex -78.3088 120 47.5
    endloop
  endfacet
  facet normal 0 0 1
    outer loop
      vertex -78.3088 120 47.5
      vertex -74.9241 108.329 47.5
      vertex -74.8996 108.393 47.5
    endloop
  endfacet
  facet normal 0 0 1
    outer loop
      vertex -74.1833 109.174 47.5
      vertex -74.1226 109.204 47.5
      vertex -78.3088 120 47.5
    endloop
  endfacet
  facet normal 0 0 1
    outer loop
      vertex -73.9336 109.278 47.5
      vertex -73.8687 109.297 47.5
      vertex -78.3088 120 47.5
    endloop
  endfacet
  facet normal 0 0 1
    outer loop
      vertex -73.8687 109.297 47.5
      vertex -73.803 109.313 47.5
      vertex -78.3088 120 47.5
    endloop
  endfacet
  facet normal 0 0 1
    outer loop
      vertex -71.9893 107.333 47.5
      vertex -72.011 107.269 47.5
      vertex -60.9696 55.4796 47.5
    endloop
  endfacet
  facet normal 0 0 1
    outer loop
      vertex -72.011 107.269 47.5
      vertex -72.0355 107.206 47.5
      vertex -60.9696 55.4796 47.5
    endloop
  endfacet
  facet normal 0 0 1
    outer loop
      vertex -60.9696 55.4796 47.5
      vertex -72.0355 107.206 47.5
      vertex -72.0628 107.144 47.5
    endloop
  endfacet
  facet normal 0 0 1
    outer loop
      vertex -74.1226 109.204 47.5
      vertex -74.0607 109.231 47.5
      vertex -78.3088 120 47.5
    endloop
  endfacet
  facet normal 0 0 1
    outer loop
      vertex -74.0607 109.231 47.5
      vertex -73.9977 109.256 47.5
      vertex -78.3088 120 47.5
    endloop
  endfacet
  facet normal 0 0 1
    outer loop
      vertex -78.3088 120 47.5
      vertex -73.9977 109.256 47.5
      vertex -73.9336 109.278 47.5
    endloop
  endfacet
  facet normal 0 0 1
    outer loop
      vertex -73.803 109.313 47.5
      vertex -73.7367 109.326 47.5
      vertex -78.3088 120 47.5
    endloop
  endfacet
  facet normal 0 0 1
    outer loop
      vertex -73.7367 109.326 47.5
      vertex -73.6699 109.336 47.5
      vertex -78.3088 120 47.5
    endloop
  endfacet
  facet normal 0 0 1
    outer loop
      vertex -78.3088 120 47.5
      vertex -73.6699 109.336 47.5
      vertex -73.6026 109.343 47.5
    endloop
  endfacet
  facet normal 0 0 1
    outer loop
      vertex -73.3999 109.348 47.5
      vertex -73.3325 109.343 47.5
      vertex -78.3088 120 47.5
    endloop
  endfacet
  facet normal 0 0 1
    outer loop
      vertex -73.3325 109.343 47.5
      vertex -73.2652 109.336 47.5
      vertex -78.3088 120 47.5
    endloop
  endfacet
  facet normal 0 0 1
    outer loop
      vertex -78.3088 120 47.5
      vertex -73.2652 109.336 47.5
      vertex -60.9696 120 47.5
    endloop
  endfacet
  facet normal 0 0 1
    outer loop
      vertex -73.2652 109.336 47.5
      vertex -73.1984 109.326 47.5
      vertex -60.9696 120 47.5
    endloop
  endfacet
  facet normal 0 0 1
    outer loop
      vertex -60.9696 120 47.5
      vertex -73.1984 109.326 47.5
      vertex -73.1321 109.313 47.5
    endloop
  endfacet
  facet normal 0 0 1
    outer loop
      vertex -72.0628 107.144 47.5
      vertex -72.0927 107.084 47.5
      vertex -60.9696 55.4796 47.5
    endloop
  endfacet
  facet normal 0 0 1
    outer loop
      vertex -72.0927 107.084 47.5
      vertex -72.1252 107.024 47.5
      vertex -60.9696 55.4796 47.5
    endloop
  endfacet
  facet normal 0 0 1
    outer loop
      vertex -60.9696 55.4796 47.5
      vertex -72.1252 107.024 47.5
      vertex -72.1603 106.967 47.5
    endloop
  endfacet
  facet normal 0 0 1
    outer loop
      vertex -74.8996 108.393 47.5
      vertex -74.8723 108.454 47.5
      vertex -78.3088 120 47.5
    endloop
  endfacet
  facet normal 0 0 1
    outer loop
      vertex -74.8723 108.454 47.5
      vertex -74.8424 108.515 47.5
      vertex -78.3088 120 47.5
    endloop
  endfacet
  facet normal 0 0 1
    outer loop
      vertex -78.3088 120 47.5
      vertex -74.8424 108.515 47.5
      vertex -74.8099 108.574 47.5
    endloop
  endfacet
  facet normal 0 0 1
    outer loop
      vertex -72.6925 109.142 47.5
      vertex -72.6347 109.107 47.5
      vertex -60.9696 120 47.5
    endloop
  endfacet
  facet normal 0 0 1
    outer loop
      vertex -72.6347 109.107 47.5
      vertex -72.5785 109.069 47.5
      vertex -60.9696 120 47.5
    endloop
  endfacet
  facet normal 0 0 1
    outer loop
      vertex -60.9696 120 47.5
      vertex -72.5785 109.069 47.5
      vertex -72.524 109.029 47.5
    endloop
  endfacet
  facet normal 0 0 1
    outer loop
      vertex -72.4712 108.987 47.5
      vertex -72.4204 108.942 47.5
      vertex -60.9696 120 47.5
    endloop
  endfacet
  facet normal 0 0 1
    outer loop
      vertex -72.4204 108.942 47.5
      vertex -72.3715 108.895 47.5
      vertex -60.9696 120 47.5
    endloop
  endfacet
  facet normal 0 0 1
    outer loop
      vertex -60.9696 120 47.5
      vertex -72.3715 108.895 47.5
      vertex -72.3248 108.847 47.5
    endloop
  endfacet
  facet normal 0 0 1
    outer loop
      vertex -72.3248 108.847 47.5
      vertex -72.2802 108.796 47.5
      vertex -60.9696 120 47.5
    endloop
  endfacet
  facet normal 0 0 1
    outer loop
      vertex -72.2802 108.796 47.5
      vertex -72.2378 108.743 47.5
      vertex -60.9696 120 47.5
    endloop
  endfacet
  facet normal 0 0 1
    outer loop
      vertex -60.9696 120 47.5
      vertex -72.2378 108.743 47.5
      vertex -72.1979 108.688 47.5
    endloop
  endfacet
  facet normal 0 0 1
    outer loop
      vertex -72.1979 108.688 47.5
      vertex -72.1603 108.632 47.5
      vertex -60.9696 120 47.5
    endloop
  endfacet
  facet normal 0 0 1
    outer loop
      vertex -72.1603 108.632 47.5
      vertex -72.1252 108.574 47.5
      vertex -60.9696 120 47.5
    endloop
  endfacet
  facet normal 0 0 1
    outer loop
      vertex -60.9696 120 47.5
      vertex -72.1252 108.574 47.5
      vertex -72.0927 108.515 47.5
    endloop
  endfacet
  facet normal 0 0 1
    outer loop
      vertex -74.6972 108.743 47.5
      vertex -74.6549 108.796 47.5
      vertex -78.3088 120 47.5
    endloop
  endfacet
  facet normal 0 0 1
    outer loop
      vertex -74.8099 108.574 47.5
      vertex -74.7748 108.632 47.5
      vertex -78.3088 120 47.5
    endloop
  endfacet
  facet normal 0 0 1
    outer loop
      vertex -74.7748 108.632 47.5
      vertex -74.7372 108.688 47.5
      vertex -78.3088 120 47.5
    endloop
  endfacet
  facet normal 0 0 1
    outer loop
      vertex -78.3088 120 47.5
      vertex -74.7372 108.688 47.5
      vertex -74.6972 108.743 47.5
    endloop
  endfacet
  facet normal 0 0 1
    outer loop
      vertex -74.6549 108.796 47.5
      vertex -74.6103 108.847 47.5
      vertex -78.3088 120 47.5
    endloop
  endfacet
  facet normal 0 0 1
    outer loop
      vertex -74.6103 108.847 47.5
      vertex -74.5636 108.895 47.5
      vertex -78.3088 120 47.5
    endloop
  endfacet
  facet normal 0 0 1
    outer loop
      vertex -78.3088 120 47.5
      vertex -74.5636 108.895 47.5
      vertex -74.5147 108.942 47.5
    endloop
  endfacet
  facet normal 0 0 1
    outer loop
      vertex -74.5147 108.942 47.5
      vertex -74.4639 108.987 47.5
      vertex -78.3088 120 47.5
    endloop
  endfacet
  facet normal 0 0 1
    outer loop
      vertex -74.4639 108.987 47.5
      vertex -74.4111 109.029 47.5
      vertex -78.3088 120 47.5
    endloop
  endfacet
  facet normal 0 0 1
    outer loop
      vertex -78.3088 120 47.5
      vertex -74.4111 109.029 47.5
      vertex -74.3566 109.069 47.5
    endloop
  endfacet
  facet normal 0 0 1
    outer loop
      vertex -74.3566 109.069 47.5
      vertex -74.3004 109.107 47.5
      vertex -78.3088 120 47.5
    endloop
  endfacet
  facet normal 0 0 1
    outer loop
      vertex -74.3004 109.107 47.5
      vertex -74.2425 109.142 47.5
      vertex -78.3088 120 47.5
    endloop
  endfacet
  facet normal 0 0 1
    outer loop
      vertex -78.3088 120 47.5
      vertex -74.2425 109.142 47.5
      vertex -74.1833 109.174 47.5
    endloop
  endfacet
  facet normal 0 0 1
    outer loop
      vertex 58.2069 55.4796 47.5
      vertex 58.2069 -76.4379 47.5
      vertex 66.8523 -76.4379 47.5
    endloop
  endfacet
  facet normal 0 0 1
    outer loop
      vertex 35.0217 -45.2902 47.5
      vertex -6.93889e-15 -76.4379 47.5
      vertex 50.0217 -45.2902 47.5
    endloop
  endfacet
  facet normal 0 0 1
    outer loop
      vertex -6.93889e-15 -76.4379 47.5
      vertex 58.2069 -76.4379 47.5
      vertex 50.0217 -45.2902 47.5
    endloop
  endfacet
  facet normal 0 0 1
    outer loop
      vertex 50.0217 -45.2902 47.5
      vertex 58.2069 -76.4379 47.5
      vertex 50.0217 4.70975 47.5
    endloop
  endfacet
  facet normal 0 0 1
    outer loop
      vertex 58.2069 -76.4379 47.5
      vertex 58.2069 55.4796 47.5
      vertex 50.0217 4.70975 47.5
    endloop
  endfacet
  facet normal 0 0 1
    outer loop
      vertex 50.0217 4.70975 47.5
      vertex 58.2069 55.4796 47.5
      vertex 35.0217 4.70975 47.5
    endloop
  endfacet
  facet normal 0 0 1
    outer loop
      vertex 58.2069 55.4796 47.5
      vertex -6.93889e-15 55.4796 47.5
      vertex 35.0217 4.70975 47.5
    endloop
  endfacet
  facet normal 0 0 1
    outer loop
      vertex 35.0217 4.70975 47.5
      vertex -6.93889e-15 55.4796 47.5
      vertex 35.0217 -45.2902 47.5
    endloop
  endfacet
  facet normal 0 0 1
    outer loop
      vertex -6.93889e-15 55.4796 47.5
      vertex -6.93889e-15 -76.4379 47.5
      vertex 35.0217 -45.2902 47.5
    endloop
  endfacet
  facet normal 0 0 1
    outer loop
      vertex -60.9696 -76.4379 47.5
      vertex -50.0217 -45.2902 47.5
      vertex -50.0217 4.70975 47.5
    endloop
  endfacet
  facet normal 0 0 1
    outer loop
      vertex -50.0217 -45.2902 47.5
      vertex -60.9696 -76.4379 47.5
      vertex -35.0217 -45.2902 47.5
    endloop
  endfacet
  facet normal 0 0 1
    outer loop
      vertex -60.9696 -76.4379 47.5
      vertex -6.93889e-15 -76.4379 47.5
      vertex -35.0217 -45.2902 47.5
    endloop
  endfacet
  facet normal 0 0 1
    outer loop
      vertex -35.0217 -45.2902 47.5
      vertex -6.93889e-15 -76.4379 47.5
      vertex -35.0217 4.70975 47.5
    endloop
  endfacet
  facet normal 0 0 1
    outer loop
      vertex -6.93889e-15 -76.4379 47.5
      vertex -6.93889e-15 55.4796 47.5
      vertex -35.0217 4.70975 47.5
    endloop
  endfacet
  facet normal 0 0 1
    outer loop
      vertex -35.0217 4.70975 47.5
      vertex -6.93889e-15 55.4796 47.5
      vertex -50.0217 4.70975 47.5
    endloop
  endfacet
  facet normal 0 0 1
    outer loop
      vertex -6.93889e-15 55.4796 47.5
      vertex -60.9696 55.4796 47.5
      vertex -50.0217 4.70975 47.5
    endloop
  endfacet
  facet normal 0 0 1
    outer loop
      vertex -50.0217 4.70975 47.5
      vertex -60.9696 55.4796 47.5
      vertex -60.9696 -76.4379 47.5
    endloop
  endfacet
  facet normal 0 0 1
    outer loop
      vertex -60.9696 55.4796 47.5
      vertex -78.3088 55.4796 47.5
      vertex -60.9696 -76.4379 47.5
    endloop
  endfacet
  facet normal 0 0 1
    outer loop
      vertex -60.9696 -76.4379 47.5
      vertex -78.3088 55.4796 47.5
      vertex -78.3088 -76.4379 47.5
    endloop
  endfacet
  facet normal 0 0 1
    outer loop
      vertex 70.3408 -108.669 47.5
      vertex 70.3597 -108.734 47.5
      vertex 81.6 -115.343 47.5
    endloop
  endfacet
  facet normal 0 0 1
    outer loop
      vertex 68.7274 -110.68 47.5
      vertex 68.6602 -110.672 47.5
      vertex 66.8523 -115.343 47.5
    endloop
  endfacet
  facet normal 0 0 1
    outer loop
      vertex 70.3993 -108.933 47.5
      vertex 70.4066 -109 47.5
      vertex 81.6 -115.343 47.5
    endloop
  endfacet
  facet normal 0 0 1
    outer loop
      vertex 70.4066 -109 47.5
      vertex 70.411 -109.068 47.5
      vertex 81.6 -115.343 47.5
    endloop
  endfacet
  facet normal 0 0 1
    outer loop
      vertex 81.6 -115.343 47.5
      vertex 70.411 -109.068 47.5
      vertex 70.4125 -109.136 47.5
    endloop
  endfacet
  facet normal 0 0 1
    outer loop
      vertex 67.7665 -110.232 47.5
      vertex 67.7197 -110.183 47.5
      vertex 66.8523 -115.343 47.5
    endloop
  endfacet
  facet normal 0 0 1
    outer loop
      vertex 70.3597 -108.734 47.5
      vertex 70.3758 -108.8 47.5
      vertex 81.6 -115.343 47.5
    endloop
  endfacet
  facet normal 0 0 1
    outer loop
      vertex 70.3758 -108.8 47.5
      vertex 70.389 -108.866 47.5
      vertex 81.6 -115.343 47.5
    endloop
  endfacet
  facet normal 0 0 1
    outer loop
      vertex 81.6 -115.343 47.5
      vertex 70.389 -108.866 47.5
      vertex 70.3993 -108.933 47.5
    endloop
  endfacet
  facet normal 0 0 1
    outer loop
      vertex 68.9976 -110.68 47.5
      vertex 68.9301 -110.684 47.5
      vertex 66.8523 -115.343 47.5
    endloop
  endfacet
  facet normal 0 0 1
    outer loop
      vertex 68.7949 -107.587 47.5
      vertex 68.8625 -107.586 47.5
      vertex 66.8523 -76.4379 47.5
    endloop
  endfacet
  facet normal 0 0 1
    outer loop
      vertex 70.4125 -109.136 47.5
      vertex 70.411 -109.203 47.5
      vertex 81.6 -115.343 47.5
    endloop
  endfacet
  facet normal 0 0 1
    outer loop
      vertex 70.411 -109.203 47.5
      vertex 70.4066 -109.271 47.5
      vertex 81.6 -115.343 47.5
    endloop
  endfacet
  facet normal 0 0 1
    outer loop
      vertex 81.6 -115.343 47.5
      vertex 70.4066 -109.271 47.5
      vertex 70.3993 -109.338 47.5
    endloop
  endfacet
  facet normal 0 0 1
    outer loop
      vertex 68.9301 -110.684 47.5
      vertex 68.8625 -110.686 47.5
      vertex 66.8523 -115.343 47.5
    endloop
  endfacet
  facet normal 0 0 1
    outer loop
      vertex 68.8625 -110.686 47.5
      vertex 68.7949 -110.684 47.5
      vertex 66.8523 -115.343 47.5
    endloop
  endfacet
  facet normal 0 0 1
    outer loop
      vertex 66.8523 -115.343 47.5
      vertex 68.7949 -110.684 47.5
      vertex 68.7274 -110.68 47.5
    endloop
  endfacet
  facet normal 0 0 1
    outer loop
      vertex 68.6602 -110.672 47.5
      vertex 68.5934 -110.662 47.5
      vertex 66.8523 -115.343 47.5
    endloop
  endfacet
  facet normal 0 0 1
    outer loop
      vertex 68.5934 -110.662 47.5
      vertex 68.527 -110.649 47.5
      vertex 66.8523 -115.343 47.5
    endloop
  endfacet
  facet normal 0 0 1
    outer loop
      vertex 66.8523 -115.343 47.5
      vertex 68.527 -110.649 47.5
      vertex 68.4614 -110.633 47.5
    endloop
  endfacet
  facet normal 0 0 1
    outer loop
      vertex 68.4614 -110.633 47.5
      vertex 68.3964 -110.614 47.5
      vertex 66.8523 -115.343 47.5
    endloop
  endfacet
  facet normal 0 0 1
    outer loop
      vertex 68.3964 -110.614 47.5
      vertex 68.3324 -110.592 47.5
      vertex 66.8523 -115.343 47.5
    endloop
  endfacet
  facet normal 0 0 1
    outer loop
      vertex 66.8523 -115.343 47.5
      vertex 68.3324 -110.592 47.5
      vertex 68.2694 -110.568 47.5
    endloop
  endfacet
  facet normal 0 0 1
    outer loop
      vertex 68.2694 -110.568 47.5
      vertex 68.2075 -110.54 47.5
      vertex 66.8523 -115.343 47.5
    endloop
  endfacet
  facet normal 0 0 1
    outer loop
      vertex 68.2075 -110.54 47.5
      vertex 68.1468 -110.51 47.5
      vertex 66.8523 -115.343 47.5
    endloop
  endfacet
  facet normal 0 0 1
    outer loop
      vertex 66.8523 -115.343 47.5
      vertex 68.1468 -110.51 47.5
      vertex 68.0875 -110.478 47.5
    endloop
  endfacet
  facet normal 0 0 1
    outer loop
      vertex 67.9189 -110.365 47.5
      vertex 67.8662 -110.323 47.5
      vertex 66.8523 -115.343 47.5
    endloop
  endfacet
  facet normal 0 0 1
    outer loop
      vertex 67.8662 -110.323 47.5
      vertex 67.8154 -110.278 47.5
      vertex 66.8523 -115.343 47.5
    endloop
  endfacet
  facet normal 0 0 1
    outer loop
      vertex 66.8523 -115.343 47.5
      vertex 67.8154 -110.278 47.5
      vertex 67.7665 -110.232 47.5
    endloop
  endfacet
  facet normal 0 0 1
    outer loop
      vertex 67.3125 -109.136 47.5
      vertex 67.314 -109.068 47.5
      vertex 66.8523 -76.4379 47.5
    endloop
  endfacet
  facet normal 0 0 1
    outer loop
      vertex 67.314 -109.068 47.5
      vertex 67.3184 -109 47.5
      vertex 66.8523 -76.4379 47.5
    endloop
  endfacet
  facet normal 0 0 1
    outer loop
      vertex 66.8523 -76.4379 47.5
      vertex 67.3184 -109 47.5
      vertex 67.3258 -108.933 47.5
    endloop
  endfacet
  facet normal 0 0 1
    outer loop
      vertex 68.2694 -107.704 47.5
      vertex 68.3324 -107.679 47.5
      vertex 66.8523 -76.4379 47.5
    endloop
  endfacet
  facet normal 0 0 1
    outer loop
      vertex 68.7949 -107.587 47.5
      vertex 66.8523 -76.4379 47.5
      vertex 68.7274 -107.591 47.5
    endloop
  endfacet
  facet normal 0 0 1
    outer loop
      vertex 70.3993 -109.338 47.5
      vertex 70.389 -109.405 47.5
      vertex 81.6 -115.343 47.5
    endloop
  endfacet
  facet normal 0 0 1
    outer loop
      vertex 70.389 -109.405 47.5
      vertex 70.3758 -109.471 47.5
      vertex 81.6 -115.343 47.5
    endloop
  endfacet
  facet normal 0 0 1
    outer loop
      vertex 81.6 -115.343 47.5
      vertex 70.3758 -109.471 47.5
      vertex 70.3597 -109.537 47.5
    endloop
  endfacet
  facet normal 0 0 1
    outer loop
      vertex 69.3927 -110.592 47.5
      vertex 69.3286 -110.614 47.5
      vertex 66.8523 -115.343 47.5
    endloop
  endfacet
  facet normal 0 0 1
    outer loop
      vertex 69.3286 -110.614 47.5
      vertex 69.2637 -110.633 47.5
      vertex 66.8523 -115.343 47.5
    endloop
  endfacet
  facet normal 0 0 1
    outer loop
      vertex 66.8523 -115.343 47.5
      vertex 69.2637 -110.633 47.5
      vertex 69.198 -110.649 47.5
    endloop
  endfacet
  facet normal 0 0 1
    outer loop
      vertex 68.0875 -110.478 47.5
      vertex 68.0297 -110.443 47.5
      vertex 66.8523 -115.343 47.5
    endloop
  endfacet
  facet normal 0 0 1
    outer loop
      vertex 68.0297 -110.443 47.5
      vertex 67.9735 -110.405 47.5
      vertex 66.8523 -115.343 47.5
    endloop
  endfacet
  facet normal 0 0 1
    outer loop
      vertex 66.8523 -115.343 47.5
      vertex 67.9735 -110.405 47.5
      vertex 67.9189 -110.365 47.5
    endloop
  endfacet
  facet normal 0 0 1
    outer loop
      vertex 67.4877 -109.851 47.5
      vertex 67.4577 -109.791 47.5
      vertex 66.8523 -115.343 47.5
    endloop
  endfacet
  facet normal 0 0 1
    outer loop
      vertex 67.4577 -109.791 47.5
      vertex 67.4305 -109.729 47.5
      vertex 66.8523 -115.343 47.5
    endloop
  endfacet
  facet normal 0 0 1
    outer loop
      vertex 67.4305 -109.729 47.5
      vertex 67.406 -109.666 47.5
      vertex 66.8523 -115.343 47.5
    endloop
  endfacet
  facet normal 0 0 1
    outer loop
      vertex 67.406 -109.666 47.5
      vertex 67.3843 -109.602 47.5
      vertex 66.8523 -115.343 47.5
    endloop
  endfacet
  facet normal 0 0 1
    outer loop
      vertex 66.8523 -115.343 47.5
      vertex 67.3843 -109.602 47.5
      vertex 67.3653 -109.537 47.5
    endloop
  endfacet
  facet normal 0 0 1
    outer loop
      vertex 68.8625 -107.586 47.5
      vertex 68.9301 -107.587 47.5
      vertex 66.8523 -76.4379 47.5
    endloop
  endfacet
  facet normal 0 0 1
    outer loop
      vertex 68.9301 -107.587 47.5
      vertex 68.9976 -107.591 47.5
      vertex 66.8523 -76.4379 47.5
    endloop
  endfacet
  facet normal 0 0 1
    outer loop
      vertex 66.8523 -76.4379 47.5
      vertex 68.9976 -107.591 47.5
      vertex 69.0648 -107.599 47.5
    endloop
  endfacet
  facet normal 0 0 1
    outer loop
      vertex 70.3597 -109.537 47.5
      vertex 70.3408 -109.602 47.5
      vertex 81.6 -115.343 47.5
    endloop
  endfacet
  facet normal 0 0 1
    outer loop
      vertex 70.3408 -109.602 47.5
      vertex 70.319 -109.666 47.5
      vertex 81.6 -115.343 47.5
    endloop
  endfacet
  facet normal 0 0 1
    outer loop
      vertex 81.6 -115.343 47.5
      vertex 70.319 -109.666 47.5
      vertex 70.2945 -109.729 47.5
    endloop
  endfacet
  facet normal 0 0 1
    outer loop
      vertex 69.6375 -110.478 47.5
      vertex 69.5782 -110.51 47.5
      vertex 81.6 -115.343 47.5
    endloop
  endfacet
  facet normal 0 0 1
    outer loop
      vertex 69.5782 -110.51 47.5
      vertex 69.5176 -110.54 47.5
      vertex 81.6 -115.343 47.5
    endloop
  endfacet
  facet normal 0 0 1
    outer loop
      vertex 81.6 -115.343 47.5
      vertex 69.5176 -110.54 47.5
      vertex 66.8523 -115.343 47.5
    endloop
  endfacet
  facet normal 0 0 1
    outer loop
      vertex 69.5176 -110.54 47.5
      vertex 69.4557 -110.568 47.5
      vertex 66.8523 -115.343 47.5
    endloop
  endfacet
  facet normal 0 0 1
    outer loop
      vertex 66.8523 -115.343 47.5
      vertex 69.4557 -110.568 47.5
      vertex 69.3927 -110.592 47.5
    endloop
  endfacet
  facet normal 0 0 1
    outer loop
      vertex 69.198 -110.649 47.5
      vertex 69.1317 -110.662 47.5
      vertex 66.8523 -115.343 47.5
    endloop
  endfacet
  facet normal 0 0 1
    outer loop
      vertex 69.1317 -110.662 47.5
      vertex 69.0648 -110.672 47.5
      vertex 66.8523 -115.343 47.5
    endloop
  endfacet
  facet normal 0 0 1
    outer loop
      vertex 66.8523 -115.343 47.5
      vertex 69.0648 -110.672 47.5
      vertex 68.9976 -110.68 47.5
    endloop
  endfacet
  facet normal 0 0 1
    outer loop
      vertex 67.3653 -109.537 47.5
      vertex 67.3493 -109.471 47.5
      vertex 66.8523 -115.343 47.5
    endloop
  endfacet
  facet normal 0 0 1
    outer loop
      vertex 67.3493 -109.471 47.5
      vertex 67.3361 -109.405 47.5
      vertex 66.8523 -115.343 47.5
    endloop
  endfacet
  facet normal 0 0 1
    outer loop
      vertex 66.8523 -115.343 47.5
      vertex 67.3361 -109.405 47.5
      vertex 67.3258 -109.338 47.5
    endloop
  endfacet
  facet normal 0 0 1
    outer loop
      vertex 67.3258 -109.338 47.5
      vertex 67.3184 -109.271 47.5
      vertex 66.8523 -115.343 47.5
    endloop
  endfacet
  facet normal 0 0 1
    outer loop
      vertex 67.3184 -109.271 47.5
      vertex 67.314 -109.203 47.5
      vertex 66.8523 -115.343 47.5
    endloop
  endfacet
  facet normal 0 0 1
    outer loop
      vertex 66.8523 -115.343 47.5
      vertex 67.314 -109.203 47.5
      vertex 67.3125 -109.136 47.5
    endloop
  endfacet
  facet normal 0 0 1
    outer loop
      vertex 67.3258 -108.933 47.5
      vertex 67.3361 -108.866 47.5
      vertex 66.8523 -76.4379 47.5
    endloop
  endfacet
  facet normal 0 0 1
    outer loop
      vertex 67.3361 -108.866 47.5
      vertex 67.3493 -108.8 47.5
      vertex 66.8523 -76.4379 47.5
    endloop
  endfacet
  facet normal 0 0 1
    outer loop
      vertex 66.8523 -76.4379 47.5
      vertex 67.3493 -108.8 47.5
      vertex 67.3653 -108.734 47.5
    endloop
  endfacet
  facet normal 0 0 1
    outer loop
      vertex 68.527 -107.622 47.5
      vertex 68.5934 -107.609 47.5
      vertex 66.8523 -76.4379 47.5
    endloop
  endfacet
  facet normal 0 0 1
    outer loop
      vertex 68.5934 -107.609 47.5
      vertex 68.6602 -107.599 47.5
      vertex 66.8523 -76.4379 47.5
    endloop
  endfacet
  facet normal 0 0 1
    outer loop
      vertex 66.8523 -76.4379 47.5
      vertex 68.6602 -107.599 47.5
      vertex 68.7274 -107.591 47.5
    endloop
  endfacet
  facet normal 0 0 1
    outer loop
      vertex 69.1317 -107.609 47.5
      vertex 69.198 -107.622 47.5
      vertex 81.6 -76.4379 47.5
    endloop
  endfacet
  facet normal 0 0 1
    outer loop
      vertex 69.198 -107.622 47.5
      vertex 69.2637 -107.638 47.5
      vertex 81.6 -76.4379 47.5
    endloop
  endfacet
  facet normal 0 0 1
    outer loop
      vertex 69.2637 -107.638 47.5
      vertex 69.3286 -107.657 47.5
      vertex 81.6 -76.4379 47.5
    endloop
  endfacet
  facet normal 0 0 1
    outer loop
      vertex 81.6 -76.4379 47.5
      vertex 69.3286 -107.657 47.5
      vertex 69.3927 -107.679 47.5
    endloop
  endfacet
  facet normal 0 0 1
    outer loop
      vertex 69.3927 -107.679 47.5
      vertex 69.4557 -107.704 47.5
      vertex 81.6 -76.4379 47.5
    endloop
  endfacet
  facet normal 0 0 1
    outer loop
      vertex 69.4557 -107.704 47.5
      vertex 69.5176 -107.731 47.5
      vertex 81.6 -76.4379 47.5
    endloop
  endfacet
  facet normal 0 0 1
    outer loop
      vertex 81.6 -76.4379 47.5
      vertex 69.5176 -107.731 47.5
      vertex 69.5782 -107.761 47.5
    endloop
  endfacet
  facet normal 0 0 1
    outer loop
      vertex 70.0922 -110.079 47.5
      vertex 70.0499 -110.132 47.5
      vertex 81.6 -115.343 47.5
    endloop
  endfacet
  facet normal 0 0 1
    outer loop
      vertex 70.0499 -110.132 47.5
      vertex 70.0053 -110.183 47.5
      vertex 81.6 -115.343 47.5
    endloop
  endfacet
  facet normal 0 0 1
    outer loop
      vertex 81.6 -115.343 47.5
      vertex 70.0053 -110.183 47.5
      vertex 69.9585 -110.232 47.5
    endloop
  endfacet
  facet normal 0 0 1
    outer loop
      vertex 69.9585 -110.232 47.5
      vertex 69.9097 -110.278 47.5
      vertex 81.6 -115.343 47.5
    endloop
  endfacet
  facet normal 0 0 1
    outer loop
      vertex 69.9097 -110.278 47.5
      vertex 69.8588 -110.323 47.5
      vertex 81.6 -115.343 47.5
    endloop
  endfacet
  facet normal 0 0 1
    outer loop
      vertex 81.6 -115.343 47.5
      vertex 69.8588 -110.323 47.5
      vertex 69.8061 -110.365 47.5
    endloop
  endfacet
  facet normal 0 0 1
    outer loop
      vertex 67.7197 -110.183 47.5
      vertex 67.6752 -110.132 47.5
      vertex 66.8523 -115.343 47.5
    endloop
  endfacet
  facet normal 0 0 1
    outer loop
      vertex 67.6752 -110.132 47.5
      vertex 67.6328 -110.079 47.5
      vertex 66.8523 -115.343 47.5
    endloop
  endfacet
  facet normal 0 0 1
    outer loop
      vertex 66.8523 -115.343 47.5
      vertex 67.6328 -110.079 47.5
      vertex 67.5928 -110.025 47.5
    endloop
  endfacet
  facet normal 0 0 1
    outer loop
      vertex 67.3653 -108.734 47.5
      vertex 67.3843 -108.669 47.5
      vertex 66.8523 -76.4379 47.5
    endloop
  endfacet
  facet normal 0 0 1
    outer loop
      vertex 67.3843 -108.669 47.5
      vertex 67.406 -108.605 47.5
      vertex 66.8523 -76.4379 47.5
    endloop
  endfacet
  facet normal 0 0 1
    outer loop
      vertex 66.8523 -76.4379 47.5
      vertex 67.406 -108.605 47.5
      vertex 67.4305 -108.542 47.5
    endloop
  endfacet
  facet normal 0 0 1
    outer loop
      vertex 67.4305 -108.542 47.5
      vertex 67.4577 -108.48 47.5
      vertex 66.8523 -76.4379 47.5
    endloop
  endfacet
  facet normal 0 0 1
    outer loop
      vertex 67.4577 -108.48 47.5
      vertex 67.4877 -108.42 47.5
      vertex 66.8523 -76.4379 47.5
    endloop
  endfacet
  facet normal 0 0 1
    outer loop
      vertex 66.8523 -76.4379 47.5
      vertex 67.4877 -108.42 47.5
      vertex 67.5202 -108.361 47.5
    endloop
  endfacet
  facet normal 0 0 1
    outer loop
      vertex 68.3324 -107.679 47.5
      vertex 68.3964 -107.657 47.5
      vertex 66.8523 -76.4379 47.5
    endloop
  endfacet
  facet normal 0 0 1
    outer loop
      vertex 68.3964 -107.657 47.5
      vertex 68.4614 -107.638 47.5
      vertex 66.8523 -76.4379 47.5
    endloop
  endfacet
  facet normal 0 0 1
    outer loop
      vertex 66.8523 -76.4379 47.5
      vertex 68.4614 -107.638 47.5
      vertex 68.527 -107.622 47.5
    endloop
  endfacet
  facet normal 0 0 1
    outer loop
      vertex 70.2374 -108.42 47.5
      vertex 70.2673 -108.48 47.5
      vertex 81.6 -76.4379 47.5
    endloop
  endfacet
  facet normal 0 0 1
    outer loop
      vertex 70.2673 -108.48 47.5
      vertex 70.2945 -108.542 47.5
      vertex 81.6 -76.4379 47.5
    endloop
  endfacet
  facet normal 0 0 1
    outer loop
      vertex 81.6 -76.4379 47.5
      vertex 70.2945 -108.542 47.5
      vertex 81.6 -115.343 47.5
    endloop
  endfacet
  facet normal 0 0 1
    outer loop
      vertex 70.2945 -108.542 47.5
      vertex 70.319 -108.605 47.5
      vertex 81.6 -115.343 47.5
    endloop
  endfacet
  facet normal 0 0 1
    outer loop
      vertex 81.6 -115.343 47.5
      vertex 70.319 -108.605 47.5
      vertex 70.3408 -108.669 47.5
    endloop
  endfacet
  facet normal 0 0 1
    outer loop
      vertex 70.2945 -109.729 47.5
      vertex 70.2673 -109.791 47.5
      vertex 81.6 -115.343 47.5
    endloop
  endfacet
  facet normal 0 0 1
    outer loop
      vertex 70.2673 -109.791 47.5
      vertex 70.2374 -109.851 47.5
      vertex 81.6 -115.343 47.5
    endloop
  endfacet
  facet normal 0 0 1
    outer loop
      vertex 81.6 -115.343 47.5
      vertex 70.2374 -109.851 47.5
      vertex 70.2049 -109.911 47.5
    endloop
  endfacet
  facet normal 0 0 1
    outer loop
      vertex 70.2049 -109.911 47.5
      vertex 70.1698 -109.968 47.5
      vertex 81.6 -115.343 47.5
    endloop
  endfacet
  facet normal 0 0 1
    outer loop
      vertex 70.1698 -109.968 47.5
      vertex 70.1322 -110.025 47.5
      vertex 81.6 -115.343 47.5
    endloop
  endfacet
  facet normal 0 0 1
    outer loop
      vertex 81.6 -115.343 47.5
      vertex 70.1322 -110.025 47.5
      vertex 70.0922 -110.079 47.5
    endloop
  endfacet
  facet normal 0 0 1
    outer loop
      vertex 69.8061 -110.365 47.5
      vertex 69.7516 -110.405 47.5
      vertex 81.6 -115.343 47.5
    endloop
  endfacet
  facet normal 0 0 1
    outer loop
      vertex 69.7516 -110.405 47.5
      vertex 69.6953 -110.443 47.5
      vertex 81.6 -115.343 47.5
    endloop
  endfacet
  facet normal 0 0 1
    outer loop
      vertex 81.6 -115.343 47.5
      vertex 69.6953 -110.443 47.5
      vertex 69.6375 -110.478 47.5
    endloop
  endfacet
  facet normal 0 0 1
    outer loop
      vertex 67.5928 -110.025 47.5
      vertex 67.5553 -109.968 47.5
      vertex 66.8523 -115.343 47.5
    endloop
  endfacet
  facet normal 0 0 1
    outer loop
      vertex 67.5553 -109.968 47.5
      vertex 67.5202 -109.911 47.5
      vertex 66.8523 -115.343 47.5
    endloop
  endfacet
  facet normal 0 0 1
    outer loop
      vertex 66.8523 -115.343 47.5
      vertex 67.5202 -109.911 47.5
      vertex 67.4877 -109.851 47.5
    endloop
  endfacet
  facet normal 0 0 1
    outer loop
      vertex 68.0875 -107.793 47.5
      vertex 68.1468 -107.761 47.5
      vertex 66.8523 -76.4379 47.5
    endloop
  endfacet
  facet normal 0 0 1
    outer loop
      vertex 68.1468 -107.761 47.5
      vertex 68.2075 -107.731 47.5
      vertex 66.8523 -76.4379 47.5
    endloop
  endfacet
  facet normal 0 0 1
    outer loop
      vertex 66.8523 -76.4379 47.5
      vertex 68.2075 -107.731 47.5
      vertex 68.2694 -107.704 47.5
    endloop
  endfacet
  facet normal 0 0 1
    outer loop
      vertex 66.8461 106.703 47.5
      vertex 58.2069 55.4796 47.5
      vertex 66.8523 55.4796 47.5
    endloop
  endfacet
  facet normal 0 0 1
    outer loop
      vertex 58.2069 55.4796 47.5
      vertex 66.8523 -76.4379 47.5
      vertex 66.8523 55.4796 47.5
    endloop
  endfacet
  facet normal 0 0 1
    outer loop
      vertex 66.8523 55.4796 47.5
      vertex 66.8523 -76.4379 47.5
      vertex 81.6 -76.4379 47.5
    endloop
  endfacet
  facet normal 0 0 1
    outer loop
      vertex 66.8523 -76.4379 47.5
      vertex 69.0648 -107.599 47.5
      vertex 81.6 -76.4379 47.5
    endloop
  endfacet
  facet normal 0 0 1
    outer loop
      vertex 81.6 -76.4379 47.5
      vertex 69.0648 -107.599 47.5
      vertex 69.1317 -107.609 47.5
    endloop
  endfacet
  facet normal 0 0 1
    outer loop
      vertex 67.6328 -108.192 47.5
      vertex 67.6752 -108.139 47.5
      vertex 66.8523 -76.4379 47.5
    endloop
  endfacet
  facet normal 0 0 1
    outer loop
      vertex 67.6752 -108.139 47.5
      vertex 67.7197 -108.088 47.5
      vertex 66.8523 -76.4379 47.5
    endloop
  endfacet
  facet normal 0 0 1
    outer loop
      vertex 69.5782 -107.761 47.5
      vertex 69.6375 -107.793 47.5
      vertex 81.6 -76.4379 47.5
    endloop
  endfacet
  facet normal 0 0 1
    outer loop
      vertex 69.6375 -107.793 47.5
      vertex 69.6953 -107.828 47.5
      vertex 81.6 -76.4379 47.5
    endloop
  endfacet
  facet normal 0 0 1
    outer loop
      vertex 81.6 -76.4379 47.5
      vertex 69.6953 -107.828 47.5
      vertex 69.7516 -107.866 47.5
    endloop
  endfacet
  facet normal 0 0 1
    outer loop
      vertex 69.7516 -107.866 47.5
      vertex 69.8061 -107.906 47.5
      vertex 81.6 -76.4379 47.5
    endloop
  endfacet
  facet normal 0 0 1
    outer loop
      vertex 69.8061 -107.906 47.5
      vertex 69.8588 -107.948 47.5
      vertex 81.6 -76.4379 47.5
    endloop
  endfacet
  facet normal 0 0 1
    outer loop
      vertex 81.6 -76.4379 47.5
      vertex 69.8588 -107.948 47.5
      vertex 69.9097 -107.993 47.5
    endloop
  endfacet
  facet normal 0 0 1
    outer loop
      vertex 70.0499 -108.139 47.5
      vertex 70.0922 -108.192 47.5
      vertex 81.6 -76.4379 47.5
    endloop
  endfacet
  facet normal 0 0 1
    outer loop
      vertex 70.0922 -108.192 47.5
      vertex 70.1322 -108.247 47.5
      vertex 81.6 -76.4379 47.5
    endloop
  endfacet
  facet normal 0 0 1
    outer loop
      vertex 67.5202 -108.361 47.5
      vertex 67.5553 -108.303 47.5
      vertex 66.8523 -76.4379 47.5
    endloop
  endfacet
  facet normal 0 0 1
    outer loop
      vertex 67.5553 -108.303 47.5
      vertex 67.5928 -108.247 47.5
      vertex 66.8523 -76.4379 47.5
    endloop
  endfacet
  facet normal 0 0 1
    outer loop
      vertex 66.8523 -76.4379 47.5
      vertex 67.5928 -108.247 47.5
      vertex 67.6328 -108.192 47.5
    endloop
  endfacet
  facet normal 0 0 1
    outer loop
      vertex 66.8523 -76.4379 47.5
      vertex 67.8662 -107.948 47.5
      vertex 67.9189 -107.906 47.5
    endloop
  endfacet
  facet normal 0 0 1
    outer loop
      vertex 69.9097 -107.993 47.5
      vertex 69.9585 -108.04 47.5
      vertex 81.6 -76.4379 47.5
    endloop
  endfacet
  facet normal 0 0 1
    outer loop
      vertex 69.9585 -108.04 47.5
      vertex 70.0053 -108.088 47.5
      vertex 81.6 -76.4379 47.5
    endloop
  endfacet
  facet normal 0 0 1
    outer loop
      vertex 81.6 -76.4379 47.5
      vertex 70.0053 -108.088 47.5
      vertex 70.0499 -108.139 47.5
    endloop
  endfacet
  facet normal 0 0 1
    outer loop
      vertex 70.1322 -108.247 47.5
      vertex 70.1698 -108.303 47.5
      vertex 81.6 -76.4379 47.5
    endloop
  endfacet
  facet normal 0 0 1
    outer loop
      vertex 70.1698 -108.303 47.5
      vertex 70.2049 -108.361 47.5
      vertex 81.6 -76.4379 47.5
    endloop
  endfacet
  facet normal 0 0 1
    outer loop
      vertex 81.6 -76.4379 47.5
      vertex 70.2049 -108.361 47.5
      vertex 70.2374 -108.42 47.5
    endloop
  endfacet
  facet normal 0 0 1
    outer loop
      vertex 67.7197 -108.088 47.5
      vertex 67.7665 -108.04 47.5
      vertex 66.8523 -76.4379 47.5
    endloop
  endfacet
  facet normal 0 0 1
    outer loop
      vertex 67.7665 -108.04 47.5
      vertex 67.8154 -107.993 47.5
      vertex 66.8523 -76.4379 47.5
    endloop
  endfacet
  facet normal 0 0 1
    outer loop
      vertex 66.8523 -76.4379 47.5
      vertex 67.8154 -107.993 47.5
      vertex 67.8662 -107.948 47.5
    endloop
  endfacet
  facet normal 0 0 1
    outer loop
      vertex 67.9189 -107.906 47.5
      vertex 67.9735 -107.866 47.5
      vertex 66.8523 -76.4379 47.5
    endloop
  endfacet
  facet normal 0 0 1
    outer loop
      vertex 67.9735 -107.866 47.5
      vertex 68.0297 -107.828 47.5
      vertex 66.8523 -76.4379 47.5
    endloop
  endfacet
  facet normal 0 0 1
    outer loop
      vertex 66.8523 -76.4379 47.5
      vertex 68.0297 -107.828 47.5
      vertex 68.0875 -107.793 47.5
    endloop
  endfacet
  facet normal 0 0 1
    outer loop
      vertex 67.3125 -109.136 47.5
      vertex 66.8523 -76.4379 47.5
      vertex 66.8523 -115.343 47.5
    endloop
  endfacet
  facet normal 0 0 1
    outer loop
      vertex 66.8523 -76.4379 47.5
      vertex 58.2069 -76.4379 47.5
      vertex 66.8523 -115.343 47.5
    endloop
  endfacet
  facet normal 0 0 1
    outer loop
      vertex 66.8523 -115.343 47.5
      vertex 58.2069 -76.4379 47.5
      vertex 58.2069 -115.343 47.5
    endloop
  endfacet
  facet normal 0 0 1
    outer loop
      vertex 58.2069 -76.4379 47.5
      vertex -6.93889e-15 -76.4379 47.5
      vertex 58.2069 -115.343 47.5
    endloop
  endfacet
  facet normal 0 0 1
    outer loop
      vertex 58.2069 -115.343 47.5
      vertex -6.93889e-15 -76.4379 47.5
      vertex -6.93889e-15 -115.343 47.5
    endloop
  endfacet
  facet normal 0 0 1
    outer loop
      vertex -6.93889e-15 -76.4379 47.5
      vertex -60.9696 -76.4379 47.5
      vertex -6.93889e-15 -115.343 47.5
    endloop
  endfacet
  facet normal 0 0 1
    outer loop
      vertex -6.93889e-15 -115.343 47.5
      vertex -60.9696 -76.4379 47.5
      vertex -60.9696 -115.343 47.5
    endloop
  endfacet
  facet normal 0 0 1
    outer loop
      vertex -71.9893 -108.669 47.5
      vertex -71.9704 -108.734 47.5
      vertex -60.9696 -115.343 47.5
    endloop
  endfacet
  facet normal 0 0 1
    outer loop
      vertex -73.6026 -110.68 47.5
      vertex -73.6699 -110.672 47.5
      vertex -78.3088 -115.343 47.5
    endloop
  endfacet
  facet normal 0 0 1
    outer loop
      vertex -71.9308 -108.933 47.5
      vertex -71.9234 -109 47.5
      vertex -60.9696 -115.343 47.5
    endloop
  endfacet
  facet normal 0 0 1
    outer loop
      vertex -71.9234 -109 47.5
      vertex -71.919 -109.068 47.5
      vertex -60.9696 -115.343 47.5
    endloop
  endfacet
  facet normal 0 0 1
    outer loop
      vertex -60.9696 -115.343 47.5
      vertex -71.919 -109.068 47.5
      vertex -71.9175 -109.136 47.5
    endloop
  endfacet
  facet normal 0 0 1
    outer loop
      vertex -74.5636 -110.232 47.5
      vertex -74.6103 -110.183 47.5
      vertex -78.3088 -115.343 47.5
    endloop
  endfacet
  facet normal 0 0 1
    outer loop
      vertex -73.3325 -107.591 47.5
      vertex -73.2652 -107.599 47.5
      vertex -60.9696 -76.4379 47.5
    endloop
  endfacet
  facet normal 0 0 1
    outer loop
      vertex -71.9704 -108.734 47.5
      vertex -71.9543 -108.8 47.5
      vertex -60.9696 -115.343 47.5
    endloop
  endfacet
  facet normal 0 0 1
    outer loop
      vertex -71.9543 -108.8 47.5
      vertex -71.9411 -108.866 47.5
      vertex -60.9696 -115.343 47.5
    endloop
  endfacet
  facet normal 0 0 1
    outer loop
      vertex -60.9696 -115.343 47.5
      vertex -71.9411 -108.866 47.5
      vertex -71.9308 -108.933 47.5
    endloop
  endfacet
  facet normal 0 0 1
    outer loop
      vertex -72.8744 -110.568 47.5
      vertex -72.9374 -110.592 47.5
      vertex -60.9696 -115.343 47.5
    endloop
  endfacet
  facet normal 0 0 1
    outer loop
      vertex -71.9175 -109.136 47.5
      vertex -71.919 -109.203 47.5
      vertex -60.9696 -115.343 47.5
    endloop
  endfacet
  facet normal 0 0 1
    outer loop
      vertex -71.919 -109.203 47.5
      vertex -71.9234 -109.271 47.5
      vertex -60.9696 -115.343 47.5
    endloop
  endfacet
  facet normal 0 0 1
    outer loop
      vertex -60.9696 -115.343 47.5
      vertex -71.9234 -109.271 47.5
      vertex -71.9308 -109.338 47.5
    endloop
  endfacet
  facet normal 0 0 1
    outer loop
      vertex -73.1984 -110.662 47.5
      vertex -73.2652 -110.672 47.5
      vertex -78.3088 -115.343 47.5
    endloop
  endfacet
  facet normal 0 0 1
    outer loop
      vertex -73.2652 -110.672 47.5
      vertex -73.3325 -110.68 47.5
      vertex -78.3088 -115.343 47.5
    endloop
  endfacet
  facet normal 0 0 1
    outer loop
      vertex -78.3088 -115.343 47.5
      vertex -73.3325 -110.68 47.5
      vertex -73.3999 -110.684 47.5
    endloop
  endfacet
  facet normal 0 0 1
    outer loop
      vertex -73.3999 -110.684 47.5
      vertex -73.4675 -110.686 47.5
      vertex -78.3088 -115.343 47.5
    endloop
  endfacet
  facet normal 0 0 1
    outer loop
      vertex -73.4675 -110.686 47.5
      vertex -73.5352 -110.684 47.5
      vertex -78.3088 -115.343 47.5
    endloop
  endfacet
  facet normal 0 0 1
    outer loop
      vertex -78.3088 -115.343 47.5
      vertex -73.5352 -110.684 47.5
      vertex -73.6026 -110.68 47.5
    endloop
  endfacet
  facet normal 0 0 1
    outer loop
      vertex -73.6699 -110.672 47.5
      vertex -73.7367 -110.662 47.5
      vertex -78.3088 -115.343 47.5
    endloop
  endfacet
  facet normal 0 0 1
    outer loop
      vertex -73.7367 -110.662 47.5
      vertex -73.803 -110.649 47.5
      vertex -78.3088 -115.343 47.5
    endloop
  endfacet
  facet normal 0 0 1
    outer loop
      vertex -78.3088 -115.343 47.5
      vertex -73.803 -110.649 47.5
      vertex -73.8687 -110.633 47.5
    endloop
  endfacet
  facet normal 0 0 1
    outer loop
      vertex -73.8687 -110.633 47.5
      vertex -73.9336 -110.614 47.5
      vertex -78.3088 -115.343 47.5
    endloop
  endfacet
  facet normal 0 0 1
    outer loop
      vertex -73.9336 -110.614 47.5
      vertex -73.9977 -110.592 47.5
      vertex -78.3088 -115.343 47.5
    endloop
  endfacet
  facet normal 0 0 1
    outer loop
      vertex -78.3088 -115.343 47.5
      vertex -73.9977 -110.592 47.5
      vertex -74.0607 -110.568 47.5
    endloop
  endfacet
  facet normal 0 0 1
    outer loop
      vertex -74.0607 -110.568 47.5
      vertex -74.1226 -110.54 47.5
      vertex -78.3088 -115.343 47.5
    endloop
  endfacet
  facet normal 0 0 1
    outer loop
      vertex -74.1226 -110.54 47.5
      vertex -74.1833 -110.51 47.5
      vertex -78.3088 -115.343 47.5
    endloop
  endfacet
  facet normal 0 0 1
    outer loop
      vertex -78.3088 -115.343 47.5
      vertex -74.1833 -110.51 47.5
      vertex -74.2425 -110.478 47.5
    endloop
  endfacet
  facet normal 0 0 1
    outer loop
      vertex -74.4111 -110.365 47.5
      vertex -74.4639 -110.323 47.5
      vertex -78.3088 -115.343 47.5
    endloop
  endfacet
  facet normal 0 0 1
    outer loop
      vertex -74.4639 -110.323 47.5
      vertex -74.5147 -110.278 47.5
      vertex -78.3088 -115.343 47.5
    endloop
  endfacet
  facet normal 0 0 1
    outer loop
      vertex -78.3088 -115.343 47.5
      vertex -74.5147 -110.278 47.5
      vertex -74.5636 -110.232 47.5
    endloop
  endfacet
  facet normal 0 0 1
    outer loop
      vertex -75.0116 -109.271 47.5
      vertex -75.0161 -109.203 47.5
      vertex -78.3088 -115.343 47.5
    endloop
  endfacet
  facet normal 0 0 1
    outer loop
      vertex -71.9308 -109.338 47.5
      vertex -71.9411 -109.405 47.5
      vertex -60.9696 -115.343 47.5
    endloop
  endfacet
  facet normal 0 0 1
    outer loop
      vertex -71.9411 -109.405 47.5
      vertex -71.9543 -109.471 47.5
      vertex -60.9696 -115.343 47.5
    endloop
  endfacet
  facet normal 0 0 1
    outer loop
      vertex -60.9696 -115.343 47.5
      vertex -71.9543 -109.471 47.5
      vertex -71.9704 -109.537 47.5
    endloop
  endfacet
  facet normal 0 0 1
    outer loop
      vertex -74.2425 -110.478 47.5
      vertex -74.3004 -110.443 47.5
      vertex -78.3088 -115.343 47.5
    endloop
  endfacet
  facet normal 0 0 1
    outer loop
      vertex -74.3004 -110.443 47.5
      vertex -74.3566 -110.405 47.5
      vertex -78.3088 -115.343 47.5
    endloop
  endfacet
  facet normal 0 0 1
    outer loop
      vertex -78.3088 -115.343 47.5
      vertex -74.3566 -110.405 47.5
      vertex -74.4111 -110.365 47.5
    endloop
  endfacet
  facet normal 0 0 1
    outer loop
      vertex -74.8424 -109.851 47.5
      vertex -74.8723 -109.791 47.5
      vertex -78.3088 -115.343 47.5
    endloop
  endfacet
  facet normal 0 0 1
    outer loop
      vertex -74.8723 -109.791 47.5
      vertex -74.8996 -109.729 47.5
      vertex -78.3088 -115.343 47.5
    endloop
  endfacet
  facet normal 0 0 1
    outer loop
      vertex -78.3088 -115.343 47.5
      vertex -74.8996 -109.729 47.5
      vertex -74.9241 -109.666 47.5
    endloop
  endfacet
  facet normal 0 0 1
    outer loop
      vertex -74.9241 -109.666 47.5
      vertex -74.9458 -109.602 47.5
      vertex -78.3088 -115.343 47.5
    endloop
  endfacet
  facet normal 0 0 1
    outer loop
      vertex -74.9458 -109.602 47.5
      vertex -74.9647 -109.537 47.5
      vertex -78.3088 -115.343 47.5
    endloop
  endfacet
  facet normal 0 0 1
    outer loop
      vertex -78.3088 -115.343 47.5
      vertex -74.9647 -109.537 47.5
      vertex -74.9808 -109.471 47.5
    endloop
  endfacet
  facet normal 0 0 1
    outer loop
      vertex -75.0161 -109.203 47.5
      vertex -75.0175 -109.136 47.5
      vertex -78.3088 -115.343 47.5
    endloop
  endfacet
  facet normal 0 0 1
    outer loop
      vertex -75.0175 -109.136 47.5
      vertex -75.0161 -109.068 47.5
      vertex -78.3088 -115.343 47.5
    endloop
  endfacet
  facet normal 0 0 1
    outer loop
      vertex -78.3088 -115.343 47.5
      vertex -75.0161 -109.068 47.5
      vertex -75.0116 -109 47.5
    endloop
  endfacet
  facet normal 0 0 1
    outer loop
      vertex -74.0607 -107.704 47.5
      vertex -73.9977 -107.679 47.5
      vertex -78.3088 -76.4379 47.5
    endloop
  endfacet
  facet normal 0 0 1
    outer loop
      vertex -71.9704 -109.537 47.5
      vertex -71.9893 -109.602 47.5
      vertex -60.9696 -115.343 47.5
    endloop
  endfacet
  facet normal 0 0 1
    outer loop
      vertex -71.9893 -109.602 47.5
      vertex -72.011 -109.666 47.5
      vertex -60.9696 -115.343 47.5
    endloop
  endfacet
  facet normal 0 0 1
    outer loop
      vertex -60.9696 -115.343 47.5
      vertex -72.011 -109.666 47.5
      vertex -72.0355 -109.729 47.5
    endloop
  endfacet
  facet normal 0 0 1
    outer loop
      vertex -72.6925 -110.478 47.5
      vertex -72.7518 -110.51 47.5
      vertex -60.9696 -115.343 47.5
    endloop
  endfacet
  facet normal 0 0 1
    outer loop
      vertex -72.7518 -110.51 47.5
      vertex -72.8125 -110.54 47.5
      vertex -60.9696 -115.343 47.5
    endloop
  endfacet
  facet normal 0 0 1
    outer loop
      vertex -60.9696 -115.343 47.5
      vertex -72.8125 -110.54 47.5
      vertex -72.8744 -110.568 47.5
    endloop
  endfacet
  facet normal 0 0 1
    outer loop
      vertex -72.9374 -110.592 47.5
      vertex -73.0015 -110.614 47.5
      vertex -60.9696 -115.343 47.5
    endloop
  endfacet
  facet normal 0 0 1
    outer loop
      vertex -73.0015 -110.614 47.5
      vertex -73.0664 -110.633 47.5
      vertex -60.9696 -115.343 47.5
    endloop
  endfacet
  facet normal 0 0 1
    outer loop
      vertex -60.9696 -115.343 47.5
      vertex -73.0664 -110.633 47.5
      vertex -78.3088 -115.343 47.5
    endloop
  endfacet
  facet normal 0 0 1
    outer loop
      vertex -73.0664 -110.633 47.5
      vertex -73.1321 -110.649 47.5
      vertex -78.3088 -115.343 47.5
    endloop
  endfacet
  facet normal 0 0 1
    outer loop
      vertex -78.3088 -115.343 47.5
      vertex -73.1321 -110.649 47.5
      vertex -73.1984 -110.662 47.5
    endloop
  endfacet
  facet normal 0 0 1
    outer loop
      vertex -74.9808 -109.471 47.5
      vertex -74.994 -109.405 47.5
      vertex -78.3088 -115.343 47.5
    endloop
  endfacet
  facet normal 0 0 1
    outer loop
      vertex -74.994 -109.405 47.5
      vertex -75.0043 -109.338 47.5
      vertex -78.3088 -115.343 47.5
    endloop
  endfacet
  facet normal 0 0 1
    outer loop
      vertex -78.3088 -115.343 47.5
      vertex -75.0043 -109.338 47.5
      vertex -75.0116 -109.271 47.5
    endloop
  endfacet
  facet normal 0 0 1
    outer loop
      vertex -75.0116 -109 47.5
      vertex -75.0043 -108.933 47.5
      vertex -78.3088 -115.343 47.5
    endloop
  endfacet
  facet normal 0 0 1
    outer loop
      vertex -75.0043 -108.933 47.5
      vertex -74.994 -108.866 47.5
      vertex -78.3088 -115.343 47.5
    endloop
  endfacet
  facet normal 0 0 1
    outer loop
      vertex -78.3088 -115.343 47.5
      vertex -74.994 -108.866 47.5
      vertex -78.3088 -76.4379 47.5
    endloop
  endfacet
  facet normal 0 0 1
    outer loop
      vertex -74.994 -108.866 47.5
      vertex -74.9808 -108.8 47.5
      vertex -78.3088 -76.4379 47.5
    endloop
  endfacet
  facet normal 0 0 1
    outer loop
      vertex -78.3088 -76.4379 47.5
      vertex -74.9808 -108.8 47.5
      vertex -74.9647 -108.734 47.5
    endloop
  endfacet
  facet normal 0 0 1
    outer loop
      vertex -73.5352 -107.587 47.5
      vertex -73.4675 -107.586 47.5
      vertex -60.9696 -76.4379 47.5
    endloop
  endfacet
  facet normal 0 0 1
    outer loop
      vertex -73.4675 -107.586 47.5
      vertex -73.3999 -107.587 47.5
      vertex -60.9696 -76.4379 47.5
    endloop
  endfacet
  facet normal 0 0 1
    outer loop
      vertex -60.9696 -76.4379 47.5
      vertex -73.3999 -107.587 47.5
      vertex -73.3325 -107.591 47.5
    endloop
  endfacet
  facet normal 0 0 1
    outer loop
      vertex -72.9374 -107.679 47.5
      vertex -60.9696 -76.4379 47.5
      vertex -73.0015 -107.657 47.5
    endloop
  endfacet
  facet normal 0 0 1
    outer loop
      vertex -60.9696 -76.4379 47.5
      vertex -73.0664 -107.638 47.5
      vertex -73.0015 -107.657 47.5
    endloop
  endfacet
  facet normal 0 0 1
    outer loop
      vertex -72.9374 -107.679 47.5
      vertex -72.8744 -107.704 47.5
      vertex -60.9696 -76.4379 47.5
    endloop
  endfacet
  facet normal 0 0 1
    outer loop
      vertex -72.8744 -107.704 47.5
      vertex -72.8125 -107.731 47.5
      vertex -60.9696 -76.4379 47.5
    endloop
  endfacet
  facet normal 0 0 1
    outer loop
      vertex -60.9696 -76.4379 47.5
      vertex -72.8125 -107.731 47.5
      vertex -72.7518 -107.761 47.5
    endloop
  endfacet
  facet normal 0 0 1
    outer loop
      vertex -72.2378 -110.079 47.5
      vertex -72.2802 -110.132 47.5
      vertex -60.9696 -115.343 47.5
    endloop
  endfacet
  facet normal 0 0 1
    outer loop
      vertex -72.2802 -110.132 47.5
      vertex -72.3248 -110.183 47.5
      vertex -60.9696 -115.343 47.5
    endloop
  endfacet
  facet normal 0 0 1
    outer loop
      vertex -60.9696 -115.343 47.5
      vertex -72.3248 -110.183 47.5
      vertex -72.3715 -110.232 47.5
    endloop
  endfacet
  facet normal 0 0 1
    outer loop
      vertex -72.3715 -110.232 47.5
      vertex -72.4204 -110.278 47.5
      vertex -60.9696 -115.343 47.5
    endloop
  endfacet
  facet normal 0 0 1
    outer loop
      vertex -72.4204 -110.278 47.5
      vertex -72.4712 -110.323 47.5
      vertex -60.9696 -115.343 47.5
    endloop
  endfacet
  facet normal 0 0 1
    outer loop
      vertex -60.9696 -115.343 47.5
      vertex -72.4712 -110.323 47.5
      vertex -72.524 -110.365 47.5
    endloop
  endfacet
  facet normal 0 0 1
    outer loop
      vertex -74.6103 -110.183 47.5
      vertex -74.6549 -110.132 47.5
      vertex -78.3088 -115.343 47.5
    endloop
  endfacet
  facet normal 0 0 1
    outer loop
      vertex -74.6549 -110.132 47.5
      vertex -74.6972 -110.079 47.5
      vertex -78.3088 -115.343 47.5
    endloop
  endfacet
  facet normal 0 0 1
    outer loop
      vertex -78.3088 -115.343 47.5
      vertex -74.6972 -110.079 47.5
      vertex -74.7372 -110.025 47.5
    endloop
  endfacet
  facet normal 0 0 1
    outer loop
      vertex -74.9647 -108.734 47.5
      vertex -74.9458 -108.669 47.5
      vertex -78.3088 -76.4379 47.5
    endloop
  endfacet
  facet normal 0 0 1
    outer loop
      vertex -74.9458 -108.669 47.5
      vertex -74.9241 -108.605 47.5
      vertex -78.3088 -76.4379 47.5
    endloop
  endfacet
  facet normal 0 0 1
    outer loop
      vertex -78.3088 -76.4379 47.5
      vertex -74.9241 -108.605 47.5
      vertex -74.8996 -108.542 47.5
    endloop
  endfacet
  facet normal 0 0 1
    outer loop
      vertex -74.8996 -108.542 47.5
      vertex -74.8723 -108.48 47.5
      vertex -78.3088 -76.4379 47.5
    endloop
  endfacet
  facet normal 0 0 1
    outer loop
      vertex -74.8723 -108.48 47.5
      vertex -74.8424 -108.42 47.5
      vertex -78.3088 -76.4379 47.5
    endloop
  endfacet
  facet normal 0 0 1
    outer loop
      vertex -78.3088 -76.4379 47.5
      vertex -74.8424 -108.42 47.5
      vertex -74.8099 -108.361 47.5
    endloop
  endfacet
  facet normal 0 0 1
    outer loop
      vertex -73.803 -107.622 47.5
      vertex -73.7367 -107.609 47.5
      vertex -78.3088 -76.4379 47.5
    endloop
  endfacet
  facet normal 0 0 1
    outer loop
      vertex -73.7367 -107.609 47.5
      vertex -73.6699 -107.599 47.5
      vertex -78.3088 -76.4379 47.5
    endloop
  endfacet
  facet normal 0 0 1
    outer loop
      vertex -78.3088 -76.4379 47.5
      vertex -73.6699 -107.599 47.5
      vertex -60.9696 -76.4379 47.5
    endloop
  endfacet
  facet normal 0 0 1
    outer loop
      vertex -73.6699 -107.599 47.5
      vertex -73.6026 -107.591 47.5
      vertex -60.9696 -76.4379 47.5
    endloop
  endfacet
  facet normal 0 0 1
    outer loop
      vertex -60.9696 -76.4379 47.5
      vertex -73.6026 -107.591 47.5
      vertex -73.5352 -107.587 47.5
    endloop
  endfacet
  facet normal 0 0 1
    outer loop
      vertex -73.2652 -107.599 47.5
      vertex -73.1984 -107.609 47.5
      vertex -60.9696 -76.4379 47.5
    endloop
  endfacet
  facet normal 0 0 1
    outer loop
      vertex -73.1984 -107.609 47.5
      vertex -73.1321 -107.622 47.5
      vertex -60.9696 -76.4379 47.5
    endloop
  endfacet
  facet normal 0 0 1
    outer loop
      vertex -60.9696 -76.4379 47.5
      vertex -73.1321 -107.622 47.5
      vertex -73.0664 -107.638 47.5
    endloop
  endfacet
  facet normal 0 0 1
    outer loop
      vertex -72.0927 -108.42 47.5
      vertex -72.0628 -108.48 47.5
      vertex -60.9696 -76.4379 47.5
    endloop
  endfacet
  facet normal 0 0 1
    outer loop
      vertex -72.0628 -108.48 47.5
      vertex -72.0355 -108.542 47.5
      vertex -60.9696 -76.4379 47.5
    endloop
  endfacet
  facet normal 0 0 1
    outer loop
      vertex -60.9696 -76.4379 47.5
      vertex -72.0355 -108.542 47.5
      vertex -60.9696 -115.343 47.5
    endloop
  endfacet
  facet normal 0 0 1
    outer loop
      vertex -72.0355 -108.542 47.5
      vertex -72.011 -108.605 47.5
      vertex -60.9696 -115.343 47.5
    endloop
  endfacet
  facet normal 0 0 1
    outer loop
      vertex -60.9696 -115.343 47.5
      vertex -72.011 -108.605 47.5
      vertex -71.9893 -108.669 47.5
    endloop
  endfacet
  facet normal 0 0 1
    outer loop
      vertex -72.0355 -109.729 47.5
      vertex -72.0628 -109.791 47.5
      vertex -60.9696 -115.343 47.5
    endloop
  endfacet
  facet normal 0 0 1
    outer loop
      vertex -72.0628 -109.791 47.5
      vertex -72.0927 -109.851 47.5
      vertex -60.9696 -115.343 47.5
    endloop
  endfacet
  facet normal 0 0 1
    outer loop
      vertex -60.9696 -115.343 47.5
      vertex -72.0927 -109.851 47.5
      vertex -72.1252 -109.911 47.5
    endloop
  endfacet
  facet normal 0 0 1
    outer loop
      vertex -72.1252 -109.911 47.5
      vertex -72.1603 -109.968 47.5
      vertex -60.9696 -115.343 47.5
    endloop
  endfacet
  facet normal 0 0 1
    outer loop
      vertex -72.1603 -109.968 47.5
      vertex -72.1979 -110.025 47.5
      vertex -60.9696 -115.343 47.5
    endloop
  endfacet
  facet normal 0 0 1
    outer loop
      vertex -60.9696 -115.343 47.5
      vertex -72.1979 -110.025 47.5
      vertex -72.2378 -110.079 47.5
    endloop
  endfacet
  facet normal 0 0 1
    outer loop
      vertex -72.524 -110.365 47.5
      vertex -72.5785 -110.405 47.5
      vertex -60.9696 -115.343 47.5
    endloop
  endfacet
  facet normal 0 0 1
    outer loop
      vertex -72.5785 -110.405 47.5
      vertex -72.6347 -110.443 47.5
      vertex -60.9696 -115.343 47.5
    endloop
  endfacet
  facet normal 0 0 1
    outer loop
      vertex -60.9696 -115.343 47.5
      vertex -72.6347 -110.443 47.5
      vertex -72.6925 -110.478 47.5
    endloop
  endfacet
  facet normal 0 0 1
    outer loop
      vertex -74.7372 -110.025 47.5
      vertex -74.7748 -109.968 47.5
      vertex -78.3088 -115.343 47.5
    endloop
  endfacet
  facet normal 0 0 1
    outer loop
      vertex -74.7748 -109.968 47.5
      vertex -74.8099 -109.911 47.5
      vertex -78.3088 -115.343 47.5
    endloop
  endfacet
  facet normal 0 0 1
    outer loop
      vertex -78.3088 -115.343 47.5
      vertex -74.8099 -109.911 47.5
      vertex -74.8424 -109.851 47.5
    endloop
  endfacet
  facet normal 0 0 1
    outer loop
      vertex -74.2425 -107.793 47.5
      vertex -74.1833 -107.761 47.5
      vertex -78.3088 -76.4379 47.5
    endloop
  endfacet
  facet normal 0 0 1
    outer loop
      vertex -74.1833 -107.761 47.5
      vertex -74.1226 -107.731 47.5
      vertex -78.3088 -76.4379 47.5
    endloop
  endfacet
  facet normal 0 0 1
    outer loop
      vertex -78.3088 -76.4379 47.5
      vertex -74.1226 -107.731 47.5
      vertex -74.0607 -107.704 47.5
    endloop
  endfacet
  facet normal 0 0 1
    outer loop
      vertex -73.9977 -107.679 47.5
      vertex -73.9336 -107.657 47.5
      vertex -78.3088 -76.4379 47.5
    endloop
  endfacet
  facet normal 0 0 1
    outer loop
      vertex -73.9336 -107.657 47.5
      vertex -73.8687 -107.638 47.5
      vertex -78.3088 -76.4379 47.5
    endloop
  endfacet
  facet normal 0 0 1
    outer loop
      vertex -78.3088 -76.4379 47.5
      vertex -73.8687 -107.638 47.5
      vertex -73.803 -107.622 47.5
    endloop
  endfacet
  facet normal 0 0 1
    outer loop
      vertex -72.7518 -107.761 47.5
      vertex -72.6925 -107.793 47.5
      vertex -60.9696 -76.4379 47.5
    endloop
  endfacet
  facet normal 0 0 1
    outer loop
      vertex -72.6925 -107.793 47.5
      vertex -72.6347 -107.828 47.5
      vertex -60.9696 -76.4379 47.5
    endloop
  endfacet
  facet normal 0 0 1
    outer loop
      vertex -60.9696 -76.4379 47.5
      vertex -72.6347 -107.828 47.5
      vertex -72.5785 -107.866 47.5
    endloop
  endfacet
  facet normal 0 0 1
    outer loop
      vertex -72.5785 -107.866 47.5
      vertex -72.524 -107.906 47.5
      vertex -60.9696 -76.4379 47.5
    endloop
  endfacet
  facet normal 0 0 1
    outer loop
      vertex -72.524 -107.906 47.5
      vertex -72.4712 -107.948 47.5
      vertex -60.9696 -76.4379 47.5
    endloop
  endfacet
  facet normal 0 0 1
    outer loop
      vertex -60.9696 -76.4379 47.5
      vertex -72.4712 -107.948 47.5
      vertex -72.4204 -107.993 47.5
    endloop
  endfacet
  facet normal 0 0 1
    outer loop
      vertex -72.2802 -108.139 47.5
      vertex -72.2378 -108.192 47.5
      vertex -60.9696 -76.4379 47.5
    endloop
  endfacet
  facet normal 0 0 1
    outer loop
      vertex -72.2378 -108.192 47.5
      vertex -72.1979 -108.247 47.5
      vertex -60.9696 -76.4379 47.5
    endloop
  endfacet
  facet normal 0 0 1
    outer loop
      vertex -74.6972 -108.192 47.5
      vertex -74.6549 -108.139 47.5
      vertex -78.3088 -76.4379 47.5
    endloop
  endfacet
  facet normal 0 0 1
    outer loop
      vertex -74.6549 -108.139 47.5
      vertex -74.6103 -108.088 47.5
      vertex -78.3088 -76.4379 47.5
    endloop
  endfacet
  facet normal 0 0 1
    outer loop
      vertex -72.4204 -107.993 47.5
      vertex -72.3715 -108.04 47.5
      vertex -60.9696 -76.4379 47.5
    endloop
  endfacet
  facet normal 0 0 1
    outer loop
      vertex -72.3715 -108.04 47.5
      vertex -72.3248 -108.088 47.5
      vertex -60.9696 -76.4379 47.5
    endloop
  endfacet
  facet normal 0 0 1
    outer loop
      vertex -60.9696 -76.4379 47.5
      vertex -72.3248 -108.088 47.5
      vertex -72.2802 -108.139 47.5
    endloop
  endfacet
  facet normal 0 0 1
    outer loop
      vertex -72.1979 -108.247 47.5
      vertex -72.1603 -108.303 47.5
      vertex -60.9696 -76.4379 47.5
    endloop
  endfacet
  facet normal 0 0 1
    outer loop
      vertex -72.1603 -108.303 47.5
      vertex -72.1252 -108.361 47.5
      vertex -60.9696 -76.4379 47.5
    endloop
  endfacet
  facet normal 0 0 1
    outer loop
      vertex -60.9696 -76.4379 47.5
      vertex -72.1252 -108.361 47.5
      vertex -72.0927 -108.42 47.5
    endloop
  endfacet
  facet normal 0 0 1
    outer loop
      vertex -74.8099 -108.361 47.5
      vertex -74.7748 -108.303 47.5
      vertex -78.3088 -76.4379 47.5
    endloop
  endfacet
  facet normal 0 0 1
    outer loop
      vertex -74.7748 -108.303 47.5
      vertex -74.7372 -108.247 47.5
      vertex -78.3088 -76.4379 47.5
    endloop
  endfacet
  facet normal 0 0 1
    outer loop
      vertex -78.3088 -76.4379 47.5
      vertex -74.7372 -108.247 47.5
      vertex -74.6972 -108.192 47.5
    endloop
  endfacet
  facet normal 0 0 1
    outer loop
      vertex -78.3088 -76.4379 47.5
      vertex -74.4639 -107.948 47.5
      vertex -74.4111 -107.906 47.5
    endloop
  endfacet
  facet normal 0 0 1
    outer loop
      vertex -74.6103 -108.088 47.5
      vertex -74.5636 -108.04 47.5
      vertex -78.3088 -76.4379 47.5
    endloop
  endfacet
  facet normal 0 0 1
    outer loop
      vertex -74.5636 -108.04 47.5
      vertex -74.5147 -107.993 47.5
      vertex -78.3088 -76.4379 47.5
    endloop
  endfacet
  facet normal 0 0 1
    outer loop
      vertex -78.3088 -76.4379 47.5
      vertex -74.5147 -107.993 47.5
      vertex -74.4639 -107.948 47.5
    endloop
  endfacet
  facet normal 0 0 1
    outer loop
      vertex -74.4111 -107.906 47.5
      vertex -74.3566 -107.866 47.5
      vertex -78.3088 -76.4379 47.5
    endloop
  endfacet
  facet normal 0 0 1
    outer loop
      vertex -74.3566 -107.866 47.5
      vertex -74.3004 -107.828 47.5
      vertex -78.3088 -76.4379 47.5
    endloop
  endfacet
  facet normal 0 0 1
    outer loop
      vertex -78.3088 -76.4379 47.5
      vertex -74.3004 -107.828 47.5
      vertex -74.2425 -107.793 47.5
    endloop
  endfacet
  facet normal 0 0 1
    outer loop
      vertex -78.3088 120 47.5
      vertex -81.6 120 47.5
      vertex -78.3088 55.4796 47.5
    endloop
  endfacet
  facet normal 0 0 1
    outer loop
      vertex -81.6 120 47.5
      vertex -81.6 55.4796 47.5
      vertex -78.3088 55.4796 47.5
    endloop
  endfacet
  facet normal 0 0 1
    outer loop
      vertex -78.3088 55.4796 47.5
      vertex -81.6 55.4796 47.5
      vertex -78.3088 -76.4379 47.5
    endloop
  endfacet
  facet normal 0 0 1
    outer loop
      vertex -81.6 55.4796 47.5
      vertex -81.6 -76.4379 47.5
      vertex -78.3088 -76.4379 47.5
    endloop
  endfacet
  facet normal 0 0 1
    outer loop
      vertex -78.3088 -76.4379 47.5
      vertex -81.6 -76.4379 47.5
      vertex -78.3088 -115.343 47.5
    endloop
  endfacet
  facet normal 0 0 1
    outer loop
      vertex -81.6 -76.4379 47.5
      vertex -81.6 -115.343 47.5
      vertex -78.3088 -115.343 47.5
    endloop
  endfacet
  facet normal 0 0 1
    outer loop
      vertex 81.6 -120 47.5
      vertex 66.8523 -115.343 47.5
      vertex 66.8523 -120 47.5
    endloop
  endfacet
  facet normal 0 0 1
    outer loop
      vertex 66.8523 -115.343 47.5
      vertex 58.2069 -115.343 47.5
      vertex 66.8523 -120 47.5
    endloop
  endfacet
  facet normal 0 0 1
    outer loop
      vertex 66.8523 -120 47.5
      vertex 58.2069 -115.343 47.5
      vertex 58.2069 -120 47.5
    endloop
  endfacet
  facet normal 0 0 1
    outer loop
      vertex 58.2069 -115.343 47.5
      vertex -6.93889e-15 -115.343 47.5
      vertex 58.2069 -120 47.5
    endloop
  endfacet
  facet normal 0 0 1
    outer loop
      vertex 58.2069 -120 47.5
      vertex -6.93889e-15 -115.343 47.5
      vertex -6.93889e-15 -120 47.5
    endloop
  endfacet
  facet normal 0 0 1
    outer loop
      vertex -6.93889e-15 -115.343 47.5
      vertex -60.9696 -115.343 47.5
      vertex -6.93889e-15 -120 47.5
    endloop
  endfacet
  facet normal 0 0 1
    outer loop
      vertex -6.93889e-15 -120 47.5
      vertex -60.9696 -115.343 47.5
      vertex -60.9696 -120 47.5
    endloop
  endfacet
  facet normal 0 0 1
    outer loop
      vertex -60.9696 -115.343 47.5
      vertex -78.3088 -115.343 47.5
      vertex -60.9696 -120 47.5
    endloop
  endfacet
  facet normal 0 0 1
    outer loop
      vertex -60.9696 -120 47.5
      vertex -78.3088 -115.343 47.5
      vertex -78.3088 -120 47.5
    endloop
  endfacet
  facet normal 0 0 1
    outer loop
      vertex -78.3088 -115.343 47.5
      vertex -81.6 -115.343 47.5
      vertex -78.3088 -120 47.5
    endloop
  endfacet
  facet normal 0 0 1
    outer loop
      vertex -78.3088 -120 47.5
      vertex -81.6 -115.343 47.5
      vertex -81.6 -120 47.5
    endloop
  endfacet
  facet normal 0 1 0
    outer loop
      vertex -81.6 120 42.5
      vertex -81.6 120 47.5
      vertex -78.3088 120 42.5
    endloop
  endfacet
  facet normal 0 1 0
    outer loop
      vertex -81.6 120 47.5
      vertex -78.3088 120 47.5
      vertex -78.3088 120 42.5
    endloop
  endfacet
  facet normal 0 1 0
    outer loop
      vertex -78.3088 120 42.5
      vertex -78.3088 120 47.5
      vertex -60.9696 120 42.5
    endloop
  endfacet
  facet normal 0 1 0
    outer loop
      vertex -78.3088 120 47.5
      vertex -60.9696 120 47.5
      vertex -60.9696 120 42.5
    endloop
  endfacet
  facet normal 0 1 0
    outer loop
      vertex -60.9696 120 42.5
      vertex -60.9696 120 47.5
      vertex -6.93889e-15 120 42.5
    endloop
  endfacet
  facet normal 0 1 0
    outer loop
      vertex -60.9696 120 47.5
      vertex -6.93889e-15 120 47.5
      vertex -6.93889e-15 120 42.5
    endloop
  endfacet
  facet normal 0 1 0
    outer loop
      vertex -6.93889e-15 120 42.5
      vertex -6.93889e-15 120 47.5
      vertex 58.2069 120 42.5
    endloop
  endfacet
  facet normal 0 1 0
    outer loop
      vertex -6.93889e-15 120 47.5
      vertex 58.2069 120 47.5
      vertex 58.2069 120 42.5
    endloop
  endfacet
  facet normal 0 1 0
    outer loop
      vertex 58.2069 120 42.5
      vertex 58.2069 120 47.5
      vertex 66.8523 120 42.5
    endloop
  endfacet
  facet normal 0 1 0
    outer loop
      vertex 58.2069 120 47.5
      vertex 66.8523 120 47.5
      vertex 66.8523 120 42.5
    endloop
  endfacet
  facet normal 0 1 0
    outer loop
      vertex 66.8523 120 42.5
      vertex 66.8523 120 47.5
      vertex 81.6 120 42.5
    endloop
  endfacet
  facet normal 0 1 0
    outer loop
      vertex 66.8523 120 47.5
      vertex 81.6 120 47.5
      vertex 81.6 120 42.5
    endloop
  endfacet
  facet normal 0 0 -1
    outer loop
      vertex -35.0217 4.70975 42.5
      vertex -50.0217 4.70975 42.5
      vertex -60.9696 55.4796 42.5
    endloop
  endfacet
  facet normal 0 0 -1
    outer loop
      vertex 50.0217 4.70975 42.5
      vertex 35.0217 4.70975 42.5
      vertex -6.93889e-15 55.4796 42.5
    endloop
  endfacet
  facet normal 0 0 -1
    outer loop
      vertex 58.2069 -115.343 42.5
      vertex -6.93889e-15 -115.343 42.5
      vertex -6.93889e-15 -76.4379 42.5
    endloop
  endfacet
  facet normal 0 0 -1
    outer loop
      vertex 67.314 -109.068 42.5
      vertex 67.3125 -109.136 42.5
      vertex 66.8523 -115.343 42.5
    endloop
  endfacet
  facet normal 0 0 -1
    outer loop
      vertex -78.3088 -120 42.5
      vertex -81.6 -120 42.5
      vertex -81.6 -115.343 42.5
    endloop
  endfacet
  facet normal 0 0 -1
    outer loop
      vertex 66.7993 106.752 42.5
      vertex 66.8461 106.703 42.5
      vertex 66.8523 55.4796 42.5
    endloop
  endfacet
  facet normal 0 0 -1
    outer loop
      vertex 66.8461 106.703 42.5
      vertex 66.8949 106.657 42.5
      vertex 66.8523 55.4796 42.5
    endloop
  endfacet
  facet normal 0 0 -1
    outer loop
      vertex 66.8949 106.657 42.5
      vertex 66.9458 106.612 42.5
      vertex 66.8523 55.4796 42.5
    endloop
  endfacet
  facet normal 0 0 -1
    outer loop
      vertex 66.8523 55.4796 42.5
      vertex 66.9458 106.612 42.5
      vertex 66.9985 106.57 42.5
    endloop
  endfacet
  facet normal 0 0 -1
    outer loop
      vertex 66.9985 106.57 42.5
      vertex 67.053 106.53 42.5
      vertex 66.8523 55.4796 42.5
    endloop
  endfacet
  facet normal 0 0 -1
    outer loop
      vertex 67.053 106.53 42.5
      vertex 67.1093 106.492 42.5
      vertex 66.8523 55.4796 42.5
    endloop
  endfacet
  facet normal 0 0 -1
    outer loop
      vertex 66.8523 55.4796 42.5
      vertex 67.1093 106.492 42.5
      vertex 67.1671 106.457 42.5
    endloop
  endfacet
  facet normal 0 0 -1
    outer loop
      vertex 67.1671 106.457 42.5
      vertex 67.2264 106.424 42.5
      vertex 66.8523 55.4796 42.5
    endloop
  endfacet
  facet normal 0 0 -1
    outer loop
      vertex 67.2264 106.424 42.5
      vertex 67.287 106.395 42.5
      vertex 66.8523 55.4796 42.5
    endloop
  endfacet
  facet normal 0 0 -1
    outer loop
      vertex 66.8523 55.4796 42.5
      vertex 67.287 106.395 42.5
      vertex 67.3489 106.367 42.5
    endloop
  endfacet
  facet normal 0 0 -1
    outer loop
      vertex 67.5409 106.302 42.5
      vertex 67.6066 106.286 42.5
      vertex 66.8523 55.4796 42.5
    endloop
  endfacet
  facet normal 0 0 -1
    outer loop
      vertex 67.6066 106.286 42.5
      vertex 67.6729 106.273 42.5
      vertex 66.8523 55.4796 42.5
    endloop
  endfacet
  facet normal 0 0 -1
    outer loop
      vertex 66.8523 55.4796 42.5
      vertex 67.6729 106.273 42.5
      vertex 67.7398 106.263 42.5
    endloop
  endfacet
  facet normal 0 0 -1
    outer loop
      vertex 69.3741 108.393 42.5
      vertex 69.3469 108.454 42.5
      vertex 81.6 120 42.5
    endloop
  endfacet
  facet normal 0 0 -1
    outer loop
      vertex 69.3469 108.454 42.5
      vertex 69.3169 108.515 42.5
      vertex 81.6 120 42.5
    endloop
  endfacet
  facet normal 0 0 -1
    outer loop
      vertex 81.6 120 42.5
      vertex 69.3169 108.515 42.5
      vertex 69.2844 108.574 42.5
    endloop
  endfacet
  facet normal 0 0 -1
    outer loop
      vertex 69.1718 108.743 42.5
      vertex 69.1294 108.796 42.5
      vertex 81.6 120 42.5
    endloop
  endfacet
  facet normal 0 0 -1
    outer loop
      vertex 68.4722 109.256 42.5
      vertex 66.8523 120 42.5
      vertex 68.5352 109.231 42.5
    endloop
  endfacet
  facet normal 0 0 -1
    outer loop
      vertex 66.8523 120 42.5
      vertex 81.6 120 42.5
      vertex 68.5352 109.231 42.5
    endloop
  endfacet
  facet normal 0 0 -1
    outer loop
      vertex 68.5352 109.231 42.5
      vertex 81.6 120 42.5
      vertex 68.5971 109.204 42.5
    endloop
  endfacet
  facet normal 0 0 -1
    outer loop
      vertex 81.6 120 42.5
      vertex 68.6578 109.174 42.5
      vertex 68.5971 109.204 42.5
    endloop
  endfacet
  facet normal 0 0 -1
    outer loop
      vertex 68.4722 109.256 42.5
      vertex 68.4082 109.278 42.5
      vertex 66.8523 120 42.5
    endloop
  endfacet
  facet normal 0 0 -1
    outer loop
      vertex 68.4082 109.278 42.5
      vertex 68.3432 109.297 42.5
      vertex 66.8523 120 42.5
    endloop
  endfacet
  facet normal 0 0 -1
    outer loop
      vertex 66.8523 120 42.5
      vertex 68.3432 109.297 42.5
      vertex 68.2776 109.313 42.5
    endloop
  endfacet
  facet normal 0 0 -1
    outer loop
      vertex 68.0772 109.343 42.5
      vertex 68.0097 109.348 42.5
      vertex 66.8523 120 42.5
    endloop
  endfacet
  facet normal 0 0 -1
    outer loop
      vertex 68.0097 109.348 42.5
      vertex 67.9421 109.349 42.5
      vertex 66.8523 120 42.5
    endloop
  endfacet
  facet normal 0 0 -1
    outer loop
      vertex 67.9421 109.349 42.5
      vertex 67.8745 109.348 42.5
      vertex 66.8523 120 42.5
    endloop
  endfacet
  facet normal 0 0 -1
    outer loop
      vertex 67.8745 109.348 42.5
      vertex 67.807 109.343 42.5
      vertex 66.8523 120 42.5
    endloop
  endfacet
  facet normal 0 0 -1
    outer loop
      vertex 66.8523 120 42.5
      vertex 67.807 109.343 42.5
      vertex 67.7398 109.336 42.5
    endloop
  endfacet
  facet normal 0 0 -1
    outer loop
      vertex 67.5409 109.297 42.5
      vertex 67.476 109.278 42.5
      vertex 66.8523 120 42.5
    endloop
  endfacet
  facet normal 0 0 -1
    outer loop
      vertex 67.476 109.278 42.5
      vertex 67.4119 109.256 42.5
      vertex 66.8523 120 42.5
    endloop
  endfacet
  facet normal 0 0 -1
    outer loop
      vertex 66.8523 120 42.5
      vertex 67.4119 109.256 42.5
      vertex 67.3489 109.231 42.5
    endloop
  endfacet
  facet normal 0 0 -1
    outer loop
      vertex 67.807 106.255 42.5
      vertex 67.8745 106.251 42.5
      vertex 81.6 55.4796 42.5
    endloop
  endfacet
  facet normal 0 0 -1
    outer loop
      vertex 67.8745 106.251 42.5
      vertex 67.9421 106.249 42.5
      vertex 81.6 55.4796 42.5
    endloop
  endfacet
  facet normal 0 0 -1
    outer loop
      vertex 67.9421 106.249 42.5
      vertex 68.0097 106.251 42.5
      vertex 81.6 55.4796 42.5
    endloop
  endfacet
  facet normal 0 0 -1
    outer loop
      vertex 68.0097 106.251 42.5
      vertex 68.0772 106.255 42.5
      vertex 81.6 55.4796 42.5
    endloop
  endfacet
  facet normal 0 0 -1
    outer loop
      vertex 81.6 55.4796 42.5
      vertex 68.0772 106.255 42.5
      vertex 68.1444 106.263 42.5
    endloop
  endfacet
  facet normal 0 0 -1
    outer loop
      vertex 69.4788 108.002 42.5
      vertex 69.4685 108.069 42.5
      vertex 81.6 120 42.5
    endloop
  endfacet
  facet normal 0 0 -1
    outer loop
      vertex 69.4685 108.069 42.5
      vertex 69.4553 108.135 42.5
      vertex 81.6 120 42.5
    endloop
  endfacet
  facet normal 0 0 -1
    outer loop
      vertex 81.6 120 42.5
      vertex 69.4553 108.135 42.5
      vertex 69.4393 108.201 42.5
    endloop
  endfacet
  facet normal 0 0 -1
    outer loop
      vertex 69.4393 108.201 42.5
      vertex 69.4203 108.265 42.5
      vertex 81.6 120 42.5
    endloop
  endfacet
  facet normal 0 0 -1
    outer loop
      vertex 69.4203 108.265 42.5
      vertex 69.3986 108.329 42.5
      vertex 81.6 120 42.5
    endloop
  endfacet
  facet normal 0 0 -1
    outer loop
      vertex 81.6 120 42.5
      vertex 69.3986 108.329 42.5
      vertex 69.3741 108.393 42.5
    endloop
  endfacet
  facet normal 0 0 -1
    outer loop
      vertex 68.2776 109.313 42.5
      vertex 68.2112 109.326 42.5
      vertex 66.8523 120 42.5
    endloop
  endfacet
  facet normal 0 0 -1
    outer loop
      vertex 68.2112 109.326 42.5
      vertex 68.1444 109.336 42.5
      vertex 66.8523 120 42.5
    endloop
  endfacet
  facet normal 0 0 -1
    outer loop
      vertex 66.8523 120 42.5
      vertex 68.1444 109.336 42.5
      vertex 68.0772 109.343 42.5
    endloop
  endfacet
  facet normal 0 0 -1
    outer loop
      vertex 67.7398 109.336 42.5
      vertex 67.6729 109.326 42.5
      vertex 66.8523 120 42.5
    endloop
  endfacet
  facet normal 0 0 -1
    outer loop
      vertex 67.6729 109.326 42.5
      vertex 67.6066 109.313 42.5
      vertex 66.8523 120 42.5
    endloop
  endfacet
  facet normal 0 0 -1
    outer loop
      vertex 66.8523 120 42.5
      vertex 67.6066 109.313 42.5
      vertex 67.5409 109.297 42.5
    endloop
  endfacet
  facet normal 0 0 -1
    outer loop
      vertex 67.3489 109.231 42.5
      vertex 67.287 109.204 42.5
      vertex 66.8523 120 42.5
    endloop
  endfacet
  facet normal 0 0 -1
    outer loop
      vertex 67.287 109.204 42.5
      vertex 67.2264 109.174 42.5
      vertex 66.8523 120 42.5
    endloop
  endfacet
  facet normal 0 0 -1
    outer loop
      vertex 66.8523 120 42.5
      vertex 67.2264 109.174 42.5
      vertex 67.1671 109.142 42.5
    endloop
  endfacet
  facet normal 0 0 -1
    outer loop
      vertex 66.9985 109.029 42.5
      vertex 66.9458 108.987 42.5
      vertex 66.8523 120 42.5
    endloop
  endfacet
  facet normal 0 0 -1
    outer loop
      vertex 67.3489 106.367 42.5
      vertex 67.4119 106.343 42.5
      vertex 66.8523 55.4796 42.5
    endloop
  endfacet
  facet normal 0 0 -1
    outer loop
      vertex 67.4119 106.343 42.5
      vertex 67.476 106.321 42.5
      vertex 66.8523 55.4796 42.5
    endloop
  endfacet
  facet normal 0 0 -1
    outer loop
      vertex 66.8523 55.4796 42.5
      vertex 67.476 106.321 42.5
      vertex 67.5409 106.302 42.5
    endloop
  endfacet
  facet normal 0 0 -1
    outer loop
      vertex 81.6 120 42.5
      vertex 81.6 55.4796 42.5
      vertex 69.0849 106.752 42.5
    endloop
  endfacet
  facet normal 0 0 -1
    outer loop
      vertex 81.6 55.4796 42.5
      vertex 69.0381 106.703 42.5
      vertex 69.0849 106.752 42.5
    endloop
  endfacet
  facet normal 0 0 -1
    outer loop
      vertex 68.3432 106.302 42.5
      vertex 68.4082 106.321 42.5
      vertex 81.6 55.4796 42.5
    endloop
  endfacet
  facet normal 0 0 -1
    outer loop
      vertex 68.4082 106.321 42.5
      vertex 68.4722 106.343 42.5
      vertex 81.6 55.4796 42.5
    endloop
  endfacet
  facet normal 0 0 -1
    outer loop
      vertex 81.6 55.4796 42.5
      vertex 68.4722 106.343 42.5
      vertex 68.5352 106.367 42.5
    endloop
  endfacet
  facet normal 0 0 -1
    outer loop
      vertex 68.5352 106.367 42.5
      vertex 68.5971 106.395 42.5
      vertex 81.6 55.4796 42.5
    endloop
  endfacet
  facet normal 0 0 -1
    outer loop
      vertex 68.5971 106.395 42.5
      vertex 68.6578 106.424 42.5
      vertex 81.6 55.4796 42.5
    endloop
  endfacet
  facet normal 0 0 -1
    outer loop
      vertex 81.6 55.4796 42.5
      vertex 68.6578 106.424 42.5
      vertex 68.7171 106.457 42.5
    endloop
  endfacet
  facet normal 0 0 -1
    outer loop
      vertex 68.8857 106.57 42.5
      vertex 68.9384 106.612 42.5
      vertex 81.6 55.4796 42.5
    endloop
  endfacet
  facet normal 0 0 -1
    outer loop
      vertex 68.9384 106.612 42.5
      vertex 68.9892 106.657 42.5
      vertex 81.6 55.4796 42.5
    endloop
  endfacet
  facet normal 0 0 -1
    outer loop
      vertex 81.6 55.4796 42.5
      vertex 68.9892 106.657 42.5
      vertex 69.0381 106.703 42.5
    endloop
  endfacet
  facet normal 0 0 -1
    outer loop
      vertex 69.2844 108.574 42.5
      vertex 69.2493 108.632 42.5
      vertex 81.6 120 42.5
    endloop
  endfacet
  facet normal 0 0 -1
    outer loop
      vertex 69.2493 108.632 42.5
      vertex 69.2118 108.688 42.5
      vertex 81.6 120 42.5
    endloop
  endfacet
  facet normal 0 0 -1
    outer loop
      vertex 81.6 120 42.5
      vertex 69.2118 108.688 42.5
      vertex 69.1718 108.743 42.5
    endloop
  endfacet
  facet normal 0 0 -1
    outer loop
      vertex 69.1294 108.796 42.5
      vertex 69.0849 108.847 42.5
      vertex 81.6 120 42.5
    endloop
  endfacet
  facet normal 0 0 -1
    outer loop
      vertex 69.0849 108.847 42.5
      vertex 69.0381 108.895 42.5
      vertex 81.6 120 42.5
    endloop
  endfacet
  facet normal 0 0 -1
    outer loop
      vertex 81.6 120 42.5
      vertex 69.0381 108.895 42.5
      vertex 68.9892 108.942 42.5
    endloop
  endfacet
  facet normal 0 0 -1
    outer loop
      vertex 68.9892 108.942 42.5
      vertex 68.9384 108.987 42.5
      vertex 81.6 120 42.5
    endloop
  endfacet
  facet normal 0 0 -1
    outer loop
      vertex 68.9384 108.987 42.5
      vertex 68.8857 109.029 42.5
      vertex 81.6 120 42.5
    endloop
  endfacet
  facet normal 0 0 -1
    outer loop
      vertex 81.6 120 42.5
      vertex 68.8857 109.029 42.5
      vertex 68.8311 109.069 42.5
    endloop
  endfacet
  facet normal 0 0 -1
    outer loop
      vertex 68.8311 109.069 42.5
      vertex 68.7749 109.107 42.5
      vertex 81.6 120 42.5
    endloop
  endfacet
  facet normal 0 0 -1
    outer loop
      vertex 68.7749 109.107 42.5
      vertex 68.7171 109.142 42.5
      vertex 81.6 120 42.5
    endloop
  endfacet
  facet normal 0 0 -1
    outer loop
      vertex 81.6 120 42.5
      vertex 68.7171 109.142 42.5
      vertex 68.6578 109.174 42.5
    endloop
  endfacet
  facet normal 0 0 -1
    outer loop
      vertex 68.1444 106.263 42.5
      vertex 68.2112 106.273 42.5
      vertex 81.6 55.4796 42.5
    endloop
  endfacet
  facet normal 0 0 -1
    outer loop
      vertex 68.2112 106.273 42.5
      vertex 68.2776 106.286 42.5
      vertex 81.6 55.4796 42.5
    endloop
  endfacet
  facet normal 0 0 -1
    outer loop
      vertex 81.6 55.4796 42.5
      vertex 68.2776 106.286 42.5
      vertex 68.3432 106.302 42.5
    endloop
  endfacet
  facet normal 0 0 -1
    outer loop
      vertex 68.7171 106.457 42.5
      vertex 68.7749 106.492 42.5
      vertex 81.6 55.4796 42.5
    endloop
  endfacet
  facet normal 0 0 -1
    outer loop
      vertex 68.7749 106.492 42.5
      vertex 68.8311 106.53 42.5
      vertex 81.6 55.4796 42.5
    endloop
  endfacet
  facet normal 0 0 -1
    outer loop
      vertex 81.6 55.4796 42.5
      vertex 68.8311 106.53 42.5
      vertex 68.8857 106.57 42.5
    endloop
  endfacet
  facet normal 0 0 -1
    outer loop
      vertex 69.4393 107.398 42.5
      vertex 81.6 120 42.5
      vertex 69.4203 107.333 42.5
    endloop
  endfacet
  facet normal 0 0 -1
    outer loop
      vertex 81.6 120 42.5
      vertex 69.3986 107.269 42.5
      vertex 69.4203 107.333 42.5
    endloop
  endfacet
  facet normal 0 0 -1
    outer loop
      vertex 69.4393 107.398 42.5
      vertex 69.4553 107.464 42.5
      vertex 81.6 120 42.5
    endloop
  endfacet
  facet normal 0 0 -1
    outer loop
      vertex 69.4553 107.464 42.5
      vertex 69.4685 107.53 42.5
      vertex 81.6 120 42.5
    endloop
  endfacet
  facet normal 0 0 -1
    outer loop
      vertex 81.6 120 42.5
      vertex 69.4685 107.53 42.5
      vertex 69.4788 107.597 42.5
    endloop
  endfacet
  facet normal 0 0 -1
    outer loop
      vertex 69.4788 107.597 42.5
      vertex 69.4862 107.664 42.5
      vertex 81.6 120 42.5
    endloop
  endfacet
  facet normal 0 0 -1
    outer loop
      vertex 69.4862 107.664 42.5
      vertex 69.4906 107.732 42.5
      vertex 81.6 120 42.5
    endloop
  endfacet
  facet normal 0 0 -1
    outer loop
      vertex 81.6 120 42.5
      vertex 69.4906 107.732 42.5
      vertex 69.4921 107.799 42.5
    endloop
  endfacet
  facet normal 0 0 -1
    outer loop
      vertex 69.4921 107.799 42.5
      vertex 69.4906 107.867 42.5
      vertex 81.6 120 42.5
    endloop
  endfacet
  facet normal 0 0 -1
    outer loop
      vertex 69.4906 107.867 42.5
      vertex 69.4862 107.934 42.5
      vertex 81.6 120 42.5
    endloop
  endfacet
  facet normal 0 0 -1
    outer loop
      vertex 81.6 120 42.5
      vertex 69.4862 107.934 42.5
      vertex 69.4788 108.002 42.5
    endloop
  endfacet
  facet normal 0 0 -1
    outer loop
      vertex 67.1671 109.142 42.5
      vertex 67.1093 109.107 42.5
      vertex 66.8523 120 42.5
    endloop
  endfacet
  facet normal 0 0 -1
    outer loop
      vertex 67.1093 109.107 42.5
      vertex 67.053 109.069 42.5
      vertex 66.8523 120 42.5
    endloop
  endfacet
  facet normal 0 0 -1
    outer loop
      vertex 66.8523 120 42.5
      vertex 67.053 109.069 42.5
      vertex 66.9985 109.029 42.5
    endloop
  endfacet
  facet normal 0 0 -1
    outer loop
      vertex 69.3169 107.084 42.5
      vertex 69.3469 107.144 42.5
      vertex 81.6 120 42.5
    endloop
  endfacet
  facet normal 0 0 -1
    outer loop
      vertex 69.3469 107.144 42.5
      vertex 69.3741 107.206 42.5
      vertex 81.6 120 42.5
    endloop
  endfacet
  facet normal 0 0 -1
    outer loop
      vertex 81.6 120 42.5
      vertex 69.3741 107.206 42.5
      vertex 69.3986 107.269 42.5
    endloop
  endfacet
  facet normal 0 0 -1
    outer loop
      vertex 69.0849 106.752 42.5
      vertex 69.1294 106.803 42.5
      vertex 81.6 120 42.5
    endloop
  endfacet
  facet normal 0 0 -1
    outer loop
      vertex 69.1294 106.803 42.5
      vertex 69.1718 106.856 42.5
      vertex 81.6 120 42.5
    endloop
  endfacet
  facet normal 0 0 -1
    outer loop
      vertex 81.6 120 42.5
      vertex 69.1718 106.856 42.5
      vertex 69.2118 106.91 42.5
    endloop
  endfacet
  facet normal 0 0 -1
    outer loop
      vertex 69.2118 106.91 42.5
      vertex 69.2493 106.967 42.5
      vertex 81.6 120 42.5
    endloop
  endfacet
  facet normal 0 0 -1
    outer loop
      vertex 69.2493 106.967 42.5
      vertex 69.2844 107.024 42.5
      vertex 81.6 120 42.5
    endloop
  endfacet
  facet normal 0 0 -1
    outer loop
      vertex 81.6 120 42.5
      vertex 69.2844 107.024 42.5
      vertex 69.3169 107.084 42.5
    endloop
  endfacet
  facet normal 0 0 -1
    outer loop
      vertex 66.4638 108.265 42.5
      vertex 66.4449 108.201 42.5
      vertex 58.2069 120 42.5
    endloop
  endfacet
  facet normal 0 0 -1
    outer loop
      vertex 66.4288 107.464 42.5
      vertex 66.4449 107.398 42.5
      vertex 58.2069 55.4796 42.5
    endloop
  endfacet
  facet normal 0 0 -1
    outer loop
      vertex 66.5672 108.515 42.5
      vertex 66.5373 108.454 42.5
      vertex 58.2069 120 42.5
    endloop
  endfacet
  facet normal 0 0 -1
    outer loop
      vertex 66.4449 108.201 42.5
      vertex 66.4288 108.135 42.5
      vertex 58.2069 120 42.5
    endloop
  endfacet
  facet normal 0 0 -1
    outer loop
      vertex 66.4288 108.135 42.5
      vertex 66.4156 108.069 42.5
      vertex 58.2069 120 42.5
    endloop
  endfacet
  facet normal 0 0 -1
    outer loop
      vertex 58.2069 120 42.5
      vertex 66.4156 108.069 42.5
      vertex 66.4053 108.002 42.5
    endloop
  endfacet
  facet normal 0 0 -1
    outer loop
      vertex 66.4053 108.002 42.5
      vertex 66.398 107.934 42.5
      vertex 58.2069 120 42.5
    endloop
  endfacet
  facet normal 0 0 -1
    outer loop
      vertex 66.398 107.934 42.5
      vertex 66.3936 107.867 42.5
      vertex 58.2069 120 42.5
    endloop
  endfacet
  facet normal 0 0 -1
    outer loop
      vertex 58.2069 120 42.5
      vertex 66.3936 107.867 42.5
      vertex 66.3921 107.799 42.5
    endloop
  endfacet
  facet normal 0 0 -1
    outer loop
      vertex 66.3921 107.799 42.5
      vertex 66.3936 107.732 42.5
      vertex 58.2069 120 42.5
    endloop
  endfacet
  facet normal 0 0 -1
    outer loop
      vertex 66.3936 107.732 42.5
      vertex 66.398 107.664 42.5
      vertex 58.2069 120 42.5
    endloop
  endfacet
  facet normal 0 0 -1
    outer loop
      vertex 58.2069 120 42.5
      vertex 66.398 107.664 42.5
      vertex 66.4053 107.597 42.5
    endloop
  endfacet
  facet normal 0 0 -1
    outer loop
      vertex 66.4288 107.464 42.5
      vertex 58.2069 55.4796 42.5
      vertex 66.4156 107.53 42.5
    endloop
  endfacet
  facet normal 0 0 -1
    outer loop
      vertex 58.2069 55.4796 42.5
      vertex 66.7124 106.856 42.5
      vertex 66.7547 106.803 42.5
    endloop
  endfacet
  facet normal 0 0 -1
    outer loop
      vertex 66.5373 108.454 42.5
      vertex 66.5101 108.393 42.5
      vertex 58.2069 120 42.5
    endloop
  endfacet
  facet normal 0 0 -1
    outer loop
      vertex 66.5101 108.393 42.5
      vertex 66.4856 108.329 42.5
      vertex 58.2069 120 42.5
    endloop
  endfacet
  facet normal 0 0 -1
    outer loop
      vertex 58.2069 120 42.5
      vertex 66.4856 108.329 42.5
      vertex 66.4638 108.265 42.5
    endloop
  endfacet
  facet normal 0 0 -1
    outer loop
      vertex 66.4449 107.398 42.5
      vertex 66.4638 107.333 42.5
      vertex 58.2069 55.4796 42.5
    endloop
  endfacet
  facet normal 0 0 -1
    outer loop
      vertex 66.4638 107.333 42.5
      vertex 66.4856 107.269 42.5
      vertex 58.2069 55.4796 42.5
    endloop
  endfacet
  facet normal 0 0 -1
    outer loop
      vertex 58.2069 55.4796 42.5
      vertex 66.4856 107.269 42.5
      vertex 66.5101 107.206 42.5
    endloop
  endfacet
  facet normal 0 0 -1
    outer loop
      vertex 66.5101 107.206 42.5
      vertex 66.5373 107.144 42.5
      vertex 58.2069 55.4796 42.5
    endloop
  endfacet
  facet normal 0 0 -1
    outer loop
      vertex 66.5373 107.144 42.5
      vertex 66.5672 107.084 42.5
      vertex 58.2069 55.4796 42.5
    endloop
  endfacet
  facet normal 0 0 -1
    outer loop
      vertex 58.2069 55.4796 42.5
      vertex 66.5672 107.084 42.5
      vertex 66.5997 107.024 42.5
    endloop
  endfacet
  facet normal 0 0 -1
    outer loop
      vertex 66.5997 107.024 42.5
      vertex 66.6348 106.967 42.5
      vertex 58.2069 55.4796 42.5
    endloop
  endfacet
  facet normal 0 0 -1
    outer loop
      vertex 66.6348 106.967 42.5
      vertex 66.6724 106.91 42.5
      vertex 58.2069 55.4796 42.5
    endloop
  endfacet
  facet normal 0 0 -1
    outer loop
      vertex 58.2069 55.4796 42.5
      vertex 66.6724 106.91 42.5
      vertex 66.7124 106.856 42.5
    endloop
  endfacet
  facet normal 0 0 -1
    outer loop
      vertex 66.9458 108.987 42.5
      vertex 66.8949 108.942 42.5
      vertex 66.8523 120 42.5
    endloop
  endfacet
  facet normal 0 0 -1
    outer loop
      vertex 66.8949 108.942 42.5
      vertex 66.8461 108.895 42.5
      vertex 66.8523 120 42.5
    endloop
  endfacet
  facet normal 0 0 -1
    outer loop
      vertex 66.8523 120 42.5
      vertex 66.8461 108.895 42.5
      vertex 58.2069 120 42.5
    endloop
  endfacet
  facet normal 0 0 -1
    outer loop
      vertex 66.8461 108.895 42.5
      vertex 66.7993 108.847 42.5
      vertex 58.2069 120 42.5
    endloop
  endfacet
  facet normal 0 0 -1
    outer loop
      vertex 66.7993 108.847 42.5
      vertex 66.7547 108.796 42.5
      vertex 58.2069 120 42.5
    endloop
  endfacet
  facet normal 0 0 -1
    outer loop
      vertex 66.7547 108.796 42.5
      vertex 66.7124 108.743 42.5
      vertex 58.2069 120 42.5
    endloop
  endfacet
  facet normal 0 0 -1
    outer loop
      vertex 58.2069 120 42.5
      vertex 66.7124 108.743 42.5
      vertex 66.6724 108.688 42.5
    endloop
  endfacet
  facet normal 0 0 -1
    outer loop
      vertex 66.6724 108.688 42.5
      vertex 66.6348 108.632 42.5
      vertex 58.2069 120 42.5
    endloop
  endfacet
  facet normal 0 0 -1
    outer loop
      vertex 66.6348 108.632 42.5
      vertex 66.5997 108.574 42.5
      vertex 58.2069 120 42.5
    endloop
  endfacet
  facet normal 0 0 -1
    outer loop
      vertex 58.2069 120 42.5
      vertex 66.5997 108.574 42.5
      vertex 66.5672 108.515 42.5
    endloop
  endfacet
  facet normal 0 0 -1
    outer loop
      vertex 66.8523 -115.343 42.5
      vertex 81.6 -115.343 42.5
      vertex 81.6 -120 42.5
    endloop
  endfacet
  facet normal 0 0 -1
    outer loop
      vertex -6.93889e-15 -120 42.5
      vertex -6.93889e-15 -115.343 42.5
      vertex 58.2069 -120 42.5
    endloop
  endfacet
  facet normal 0 0 -1
    outer loop
      vertex -6.93889e-15 -115.343 42.5
      vertex 58.2069 -115.343 42.5
      vertex 58.2069 -120 42.5
    endloop
  endfacet
  facet normal 0 0 -1
    outer loop
      vertex 58.2069 -120 42.5
      vertex 58.2069 -115.343 42.5
      vertex 66.8523 -120 42.5
    endloop
  endfacet
  facet normal 0 0 -1
    outer loop
      vertex -78.3088 -120 42.5
      vertex -78.3088 -115.343 42.5
      vertex -60.9696 -120 42.5
    endloop
  endfacet
  facet normal 0 0 -1
    outer loop
      vertex -78.3088 -115.343 42.5
      vertex -60.9696 -115.343 42.5
      vertex -60.9696 -120 42.5
    endloop
  endfacet
  facet normal 0 0 -1
    outer loop
      vertex -60.9696 -120 42.5
      vertex -60.9696 -115.343 42.5
      vertex -6.93889e-15 -120 42.5
    endloop
  endfacet
  facet normal 0 0 -1
    outer loop
      vertex 70.319 -108.605 42.5
      vertex 70.2945 -108.542 42.5
      vertex 81.6 -76.4379 42.5
    endloop
  endfacet
  facet normal 0 0 -1
    outer loop
      vertex 68.2075 -110.54 42.5
      vertex 68.2694 -110.568 42.5
      vertex 66.8523 -115.343 42.5
    endloop
  endfacet
  facet normal 0 0 -1
    outer loop
      vertex 67.7665 -110.232 42.5
      vertex 67.8154 -110.278 42.5
      vertex 66.8523 -115.343 42.5
    endloop
  endfacet
  facet normal 0 0 -1
    outer loop
      vertex 69.4557 -107.704 42.5
      vertex 69.3927 -107.679 42.5
      vertex 66.8523 -76.4379 42.5
    endloop
  endfacet
  facet normal 0 0 -1
    outer loop
      vertex 67.314 -109.068 42.5
      vertex 66.8523 -115.343 42.5
      vertex 67.3184 -109 42.5
    endloop
  endfacet
  facet normal 0 0 -1
    outer loop
      vertex 67.3125 -109.136 42.5
      vertex 67.314 -109.203 42.5
      vertex 66.8523 -115.343 42.5
    endloop
  endfacet
  facet normal 0 0 -1
    outer loop
      vertex 67.314 -109.203 42.5
      vertex 67.3184 -109.271 42.5
      vertex 66.8523 -115.343 42.5
    endloop
  endfacet
  facet normal 0 0 -1
    outer loop
      vertex 66.8523 -115.343 42.5
      vertex 67.3184 -109.271 42.5
      vertex 67.3258 -109.338 42.5
    endloop
  endfacet
  facet normal 0 0 -1
    outer loop
      vertex 69.0648 -107.599 42.5
      vertex 66.8523 -76.4379 42.5
      vertex 69.1317 -107.609 42.5
    endloop
  endfacet
  facet normal 0 0 -1
    outer loop
      vertex 66.8523 -76.4379 42.5
      vertex 69.198 -107.622 42.5
      vertex 69.1317 -107.609 42.5
    endloop
  endfacet
  facet normal 0 0 -1
    outer loop
      vertex 69.0648 -107.599 42.5
      vertex 68.9976 -107.591 42.5
      vertex 66.8523 -76.4379 42.5
    endloop
  endfacet
  facet normal 0 0 -1
    outer loop
      vertex 68.9976 -107.591 42.5
      vertex 68.9301 -107.587 42.5
      vertex 66.8523 -76.4379 42.5
    endloop
  endfacet
  facet normal 0 0 -1
    outer loop
      vertex 66.8523 -76.4379 42.5
      vertex 68.9301 -107.587 42.5
      vertex 68.8625 -107.586 42.5
    endloop
  endfacet
  facet normal 0 0 -1
    outer loop
      vertex 68.8625 -107.586 42.5
      vertex 68.7949 -107.587 42.5
      vertex 66.8523 -76.4379 42.5
    endloop
  endfacet
  facet normal 0 0 -1
    outer loop
      vertex 68.7949 -107.587 42.5
      vertex 68.7274 -107.591 42.5
      vertex 66.8523 -76.4379 42.5
    endloop
  endfacet
  facet normal 0 0 -1
    outer loop
      vertex 66.8523 -76.4379 42.5
      vertex 68.7274 -107.591 42.5
      vertex 68.6602 -107.599 42.5
    endloop
  endfacet
  facet normal 0 0 -1
    outer loop
      vertex 67.3843 -108.669 42.5
      vertex 67.3653 -108.734 42.5
      vertex 66.8523 -76.4379 42.5
    endloop
  endfacet
  facet normal 0 0 -1
    outer loop
      vertex 67.3653 -108.734 42.5
      vertex 67.3493 -108.8 42.5
      vertex 66.8523 -76.4379 42.5
    endloop
  endfacet
  facet normal 0 0 -1
    outer loop
      vertex 67.3258 -109.338 42.5
      vertex 67.3361 -109.405 42.5
      vertex 66.8523 -115.343 42.5
    endloop
  endfacet
  facet normal 0 0 -1
    outer loop
      vertex 67.3361 -109.405 42.5
      vertex 67.3493 -109.471 42.5
      vertex 66.8523 -115.343 42.5
    endloop
  endfacet
  facet normal 0 0 -1
    outer loop
      vertex 66.8523 -115.343 42.5
      vertex 67.3493 -109.471 42.5
      vertex 67.3653 -109.537 42.5
    endloop
  endfacet
  facet normal 0 0 -1
    outer loop
      vertex 67.3653 -109.537 42.5
      vertex 67.3843 -109.602 42.5
      vertex 66.8523 -115.343 42.5
    endloop
  endfacet
  facet normal 0 0 -1
    outer loop
      vertex 67.3843 -109.602 42.5
      vertex 67.406 -109.666 42.5
      vertex 66.8523 -115.343 42.5
    endloop
  endfacet
  facet normal 0 0 -1
    outer loop
      vertex 66.8523 -115.343 42.5
      vertex 67.406 -109.666 42.5
      vertex 67.4305 -109.729 42.5
    endloop
  endfacet
  facet normal 0 0 -1
    outer loop
      vertex 68.2075 -110.54 42.5
      vertex 66.8523 -115.343 42.5
      vertex 68.1468 -110.51 42.5
    endloop
  endfacet
  facet normal 0 0 -1
    outer loop
      vertex 68.2694 -110.568 42.5
      vertex 68.3324 -110.592 42.5
      vertex 66.8523 -115.343 42.5
    endloop
  endfacet
  facet normal 0 0 -1
    outer loop
      vertex 68.3324 -110.592 42.5
      vertex 68.3964 -110.614 42.5
      vertex 66.8523 -115.343 42.5
    endloop
  endfacet
  facet normal 0 0 -1
    outer loop
      vertex 66.8523 -115.343 42.5
      vertex 68.3964 -110.614 42.5
      vertex 68.4614 -110.633 42.5
    endloop
  endfacet
  facet normal 0 0 -1
    outer loop
      vertex 68.4614 -110.633 42.5
      vertex 68.527 -110.649 42.5
      vertex 66.8523 -115.343 42.5
    endloop
  endfacet
  facet normal 0 0 -1
    outer loop
      vertex 68.527 -110.649 42.5
      vertex 68.5934 -110.662 42.5
      vertex 66.8523 -115.343 42.5
    endloop
  endfacet
  facet normal 0 0 -1
    outer loop
      vertex 66.8523 -115.343 42.5
      vertex 68.5934 -110.662 42.5
      vertex 68.6602 -110.672 42.5
    endloop
  endfacet
  facet normal 0 0 -1
    outer loop
      vertex 68.6602 -110.672 42.5
      vertex 68.7274 -110.68 42.5
      vertex 66.8523 -115.343 42.5
    endloop
  endfacet
  facet normal 0 0 -1
    outer loop
      vertex 68.7274 -110.68 42.5
      vertex 68.7949 -110.684 42.5
      vertex 66.8523 -115.343 42.5
    endloop
  endfacet
  facet normal 0 0 -1
    outer loop
      vertex 66.8523 -115.343 42.5
      vertex 68.7949 -110.684 42.5
      vertex 68.8625 -110.686 42.5
    endloop
  endfacet
  facet normal 0 0 -1
    outer loop
      vertex 68.8625 -110.686 42.5
      vertex 68.9301 -110.684 42.5
      vertex 66.8523 -115.343 42.5
    endloop
  endfacet
  facet normal 0 0 -1
    outer loop
      vertex 68.9301 -110.684 42.5
      vertex 68.9976 -110.68 42.5
      vertex 66.8523 -115.343 42.5
    endloop
  endfacet
  facet normal 0 0 -1
    outer loop
      vertex 66.8523 -115.343 42.5
      vertex 68.9976 -110.68 42.5
      vertex 69.0648 -110.672 42.5
    endloop
  endfacet
  facet normal 0 0 -1
    outer loop
      vertex 70.389 -108.866 42.5
      vertex 70.3758 -108.8 42.5
      vertex 81.6 -115.343 42.5
    endloop
  endfacet
  facet normal 0 0 -1
    outer loop
      vertex 70.3758 -108.8 42.5
      vertex 70.3597 -108.734 42.5
      vertex 81.6 -115.343 42.5
    endloop
  endfacet
  facet normal 0 0 -1
    outer loop
      vertex 81.6 -115.343 42.5
      vertex 70.3597 -108.734 42.5
      vertex 81.6 -76.4379 42.5
    endloop
  endfacet
  facet normal 0 0 -1
    outer loop
      vertex 70.3597 -108.734 42.5
      vertex 70.3408 -108.669 42.5
      vertex 81.6 -76.4379 42.5
    endloop
  endfacet
  facet normal 0 0 -1
    outer loop
      vertex 81.6 -76.4379 42.5
      vertex 70.3408 -108.669 42.5
      vertex 70.319 -108.605 42.5
    endloop
  endfacet
  facet normal 0 0 -1
    outer loop
      vertex 70.2945 -108.542 42.5
      vertex 70.2673 -108.48 42.5
      vertex 81.6 -76.4379 42.5
    endloop
  endfacet
  facet normal 0 0 -1
    outer loop
      vertex 70.2673 -108.48 42.5
      vertex 70.2374 -108.42 42.5
      vertex 81.6 -76.4379 42.5
    endloop
  endfacet
  facet normal 0 0 -1
    outer loop
      vertex 81.6 -76.4379 42.5
      vertex 70.2374 -108.42 42.5
      vertex 70.2049 -108.361 42.5
    endloop
  endfacet
  facet normal 0 0 -1
    outer loop
      vertex 69.6375 -107.793 42.5
      vertex 69.5782 -107.761 42.5
      vertex 81.6 -76.4379 42.5
    endloop
  endfacet
  facet normal 0 0 -1
    outer loop
      vertex 69.5782 -107.761 42.5
      vertex 69.5176 -107.731 42.5
      vertex 81.6 -76.4379 42.5
    endloop
  endfacet
  facet normal 0 0 -1
    outer loop
      vertex 69.3927 -107.679 42.5
      vertex 69.3286 -107.657 42.5
      vertex 66.8523 -76.4379 42.5
    endloop
  endfacet
  facet normal 0 0 -1
    outer loop
      vertex 69.3286 -107.657 42.5
      vertex 69.2637 -107.638 42.5
      vertex 66.8523 -76.4379 42.5
    endloop
  endfacet
  facet normal 0 0 -1
    outer loop
      vertex 66.8523 -76.4379 42.5
      vertex 69.2637 -107.638 42.5
      vertex 69.198 -107.622 42.5
    endloop
  endfacet
  facet normal 0 0 -1
    outer loop
      vertex 67.3493 -108.8 42.5
      vertex 67.3361 -108.866 42.5
      vertex 66.8523 -76.4379 42.5
    endloop
  endfacet
  facet normal 0 0 -1
    outer loop
      vertex 67.3361 -108.866 42.5
      vertex 67.3258 -108.933 42.5
      vertex 66.8523 -76.4379 42.5
    endloop
  endfacet
  facet normal 0 0 -1
    outer loop
      vertex 66.8523 -76.4379 42.5
      vertex 67.3258 -108.933 42.5
      vertex 67.3184 -109 42.5
    endloop
  endfacet
  facet normal 0 0 -1
    outer loop
      vertex 67.4305 -109.729 42.5
      vertex 67.4577 -109.791 42.5
      vertex 66.8523 -115.343 42.5
    endloop
  endfacet
  facet normal 0 0 -1
    outer loop
      vertex 67.4577 -109.791 42.5
      vertex 67.4877 -109.851 42.5
      vertex 66.8523 -115.343 42.5
    endloop
  endfacet
  facet normal 0 0 -1
    outer loop
      vertex 66.8523 -115.343 42.5
      vertex 67.4877 -109.851 42.5
      vertex 67.5202 -109.911 42.5
    endloop
  endfacet
  facet normal 0 0 -1
    outer loop
      vertex 67.8154 -110.278 42.5
      vertex 67.8662 -110.323 42.5
      vertex 66.8523 -115.343 42.5
    endloop
  endfacet
  facet normal 0 0 -1
    outer loop
      vertex 67.8662 -110.323 42.5
      vertex 67.9189 -110.365 42.5
      vertex 66.8523 -115.343 42.5
    endloop
  endfacet
  facet normal 0 0 -1
    outer loop
      vertex 66.8523 -115.343 42.5
      vertex 67.9189 -110.365 42.5
      vertex 67.9735 -110.405 42.5
    endloop
  endfacet
  facet normal 0 0 -1
    outer loop
      vertex 68.3324 -107.679 42.5
      vertex 66.8523 -76.4379 42.5
      vertex 68.3964 -107.657 42.5
    endloop
  endfacet
  facet normal 0 0 -1
    outer loop
      vertex 66.8523 -76.4379 42.5
      vertex 68.4614 -107.638 42.5
      vertex 68.3964 -107.657 42.5
    endloop
  endfacet
  facet normal 0 0 -1
    outer loop
      vertex 67.6328 -110.079 42.5
      vertex 67.6752 -110.132 42.5
      vertex 66.8523 -115.343 42.5
    endloop
  endfacet
  facet normal 0 0 -1
    outer loop
      vertex 67.6752 -110.132 42.5
      vertex 67.7197 -110.183 42.5
      vertex 66.8523 -115.343 42.5
    endloop
  endfacet
  facet normal 0 0 -1
    outer loop
      vertex 66.8523 -115.343 42.5
      vertex 67.7197 -110.183 42.5
      vertex 67.7665 -110.232 42.5
    endloop
  endfacet
  facet normal 0 0 -1
    outer loop
      vertex 67.9735 -110.405 42.5
      vertex 68.0297 -110.443 42.5
      vertex 66.8523 -115.343 42.5
    endloop
  endfacet
  facet normal 0 0 -1
    outer loop
      vertex 68.0297 -110.443 42.5
      vertex 68.0875 -110.478 42.5
      vertex 66.8523 -115.343 42.5
    endloop
  endfacet
  facet normal 0 0 -1
    outer loop
      vertex 66.8523 -115.343 42.5
      vertex 68.0875 -110.478 42.5
      vertex 68.1468 -110.51 42.5
    endloop
  endfacet
  facet normal 0 0 -1
    outer loop
      vertex 69.0648 -110.672 42.5
      vertex 69.1317 -110.662 42.5
      vertex 66.8523 -115.343 42.5
    endloop
  endfacet
  facet normal 0 0 -1
    outer loop
      vertex 69.1317 -110.662 42.5
      vertex 69.198 -110.649 42.5
      vertex 66.8523 -115.343 42.5
    endloop
  endfacet
  facet normal 0 0 -1
    outer loop
      vertex 66.8523 -115.343 42.5
      vertex 69.198 -110.649 42.5
      vertex 69.2637 -110.633 42.5
    endloop
  endfacet
  facet normal 0 0 -1
    outer loop
      vertex 69.2637 -110.633 42.5
      vertex 69.3286 -110.614 42.5
      vertex 66.8523 -115.343 42.5
    endloop
  endfacet
  facet normal 0 0 -1
    outer loop
      vertex 69.3286 -110.614 42.5
      vertex 69.3927 -110.592 42.5
      vertex 66.8523 -115.343 42.5
    endloop
  endfacet
  facet normal 0 0 -1
    outer loop
      vertex 66.8523 -115.343 42.5
      vertex 69.3927 -110.592 42.5
      vertex 81.6 -115.343 42.5
    endloop
  endfacet
  facet normal 0 0 -1
    outer loop
      vertex 69.3927 -110.592 42.5
      vertex 69.4557 -110.568 42.5
      vertex 81.6 -115.343 42.5
    endloop
  endfacet
  facet normal 0 0 -1
    outer loop
      vertex 69.4557 -110.568 42.5
      vertex 69.5176 -110.54 42.5
      vertex 81.6 -115.343 42.5
    endloop
  endfacet
  facet normal 0 0 -1
    outer loop
      vertex 69.5176 -110.54 42.5
      vertex 69.5782 -110.51 42.5
      vertex 81.6 -115.343 42.5
    endloop
  endfacet
  facet normal 0 0 -1
    outer loop
      vertex 81.6 -115.343 42.5
      vertex 69.5782 -110.51 42.5
      vertex 69.6375 -110.478 42.5
    endloop
  endfacet
  facet normal 0 0 -1
    outer loop
      vertex 70.2945 -109.729 42.5
      vertex 70.319 -109.666 42.5
      vertex 81.6 -115.343 42.5
    endloop
  endfacet
  facet normal 0 0 -1
    outer loop
      vertex 70.2049 -108.361 42.5
      vertex 70.1698 -108.303 42.5
      vertex 81.6 -76.4379 42.5
    endloop
  endfacet
  facet normal 0 0 -1
    outer loop
      vertex 70.1698 -108.303 42.5
      vertex 70.1322 -108.247 42.5
      vertex 81.6 -76.4379 42.5
    endloop
  endfacet
  facet normal 0 0 -1
    outer loop
      vertex 81.6 -76.4379 42.5
      vertex 70.1322 -108.247 42.5
      vertex 70.0922 -108.192 42.5
    endloop
  endfacet
  facet normal 0 0 -1
    outer loop
      vertex 70.0922 -108.192 42.5
      vertex 70.0499 -108.139 42.5
      vertex 81.6 -76.4379 42.5
    endloop
  endfacet
  facet normal 0 0 -1
    outer loop
      vertex 70.0499 -108.139 42.5
      vertex 70.0053 -108.088 42.5
      vertex 81.6 -76.4379 42.5
    endloop
  endfacet
  facet normal 0 0 -1
    outer loop
      vertex 81.6 -76.4379 42.5
      vertex 70.0053 -108.088 42.5
      vertex 69.9585 -108.04 42.5
    endloop
  endfacet
  facet normal 0 0 -1
    outer loop
      vertex 69.9585 -108.04 42.5
      vertex 69.9097 -107.993 42.5
      vertex 81.6 -76.4379 42.5
    endloop
  endfacet
  facet normal 0 0 -1
    outer loop
      vertex 69.9097 -107.993 42.5
      vertex 69.8588 -107.948 42.5
      vertex 81.6 -76.4379 42.5
    endloop
  endfacet
  facet normal 0 0 -1
    outer loop
      vertex 81.6 -76.4379 42.5
      vertex 69.8588 -107.948 42.5
      vertex 69.8061 -107.906 42.5
    endloop
  endfacet
  facet normal 0 0 -1
    outer loop
      vertex 68.6602 -107.599 42.5
      vertex 68.5934 -107.609 42.5
      vertex 66.8523 -76.4379 42.5
    endloop
  endfacet
  facet normal 0 0 -1
    outer loop
      vertex 68.5934 -107.609 42.5
      vertex 68.527 -107.622 42.5
      vertex 66.8523 -76.4379 42.5
    endloop
  endfacet
  facet normal 0 0 -1
    outer loop
      vertex 66.8523 -76.4379 42.5
      vertex 68.527 -107.622 42.5
      vertex 68.4614 -107.638 42.5
    endloop
  endfacet
  facet normal 0 0 -1
    outer loop
      vertex 67.4877 -108.42 42.5
      vertex 67.4577 -108.48 42.5
      vertex 66.8523 -76.4379 42.5
    endloop
  endfacet
  facet normal 0 0 -1
    outer loop
      vertex 67.5202 -109.911 42.5
      vertex 67.5553 -109.968 42.5
      vertex 66.8523 -115.343 42.5
    endloop
  endfacet
  facet normal 0 0 -1
    outer loop
      vertex 67.5553 -109.968 42.5
      vertex 67.5928 -110.025 42.5
      vertex 66.8523 -115.343 42.5
    endloop
  endfacet
  facet normal 0 0 -1
    outer loop
      vertex 66.8523 -115.343 42.5
      vertex 67.5928 -110.025 42.5
      vertex 67.6328 -110.079 42.5
    endloop
  endfacet
  facet normal 0 0 -1
    outer loop
      vertex 69.8061 -110.365 42.5
      vertex 69.8588 -110.323 42.5
      vertex 81.6 -115.343 42.5
    endloop
  endfacet
  facet normal 0 0 -1
    outer loop
      vertex 69.8588 -110.323 42.5
      vertex 69.9097 -110.278 42.5
      vertex 81.6 -115.343 42.5
    endloop
  endfacet
  facet normal 0 0 -1
    outer loop
      vertex 81.6 -115.343 42.5
      vertex 69.9097 -110.278 42.5
      vertex 69.9585 -110.232 42.5
    endloop
  endfacet
  facet normal 0 0 -1
    outer loop
      vertex 70.319 -109.666 42.5
      vertex 70.3408 -109.602 42.5
      vertex 81.6 -115.343 42.5
    endloop
  endfacet
  facet normal 0 0 -1
    outer loop
      vertex 70.3408 -109.602 42.5
      vertex 70.3597 -109.537 42.5
      vertex 81.6 -115.343 42.5
    endloop
  endfacet
  facet normal 0 0 -1
    outer loop
      vertex 81.6 -115.343 42.5
      vertex 70.3597 -109.537 42.5
      vertex 70.3758 -109.471 42.5
    endloop
  endfacet
  facet normal 0 0 -1
    outer loop
      vertex 70.3758 -109.471 42.5
      vertex 70.389 -109.405 42.5
      vertex 81.6 -115.343 42.5
    endloop
  endfacet
  facet normal 0 0 -1
    outer loop
      vertex 70.389 -109.405 42.5
      vertex 70.3993 -109.338 42.5
      vertex 81.6 -115.343 42.5
    endloop
  endfacet
  facet normal 0 0 -1
    outer loop
      vertex 81.6 -115.343 42.5
      vertex 70.3993 -109.338 42.5
      vertex 70.4066 -109.271 42.5
    endloop
  endfacet
  facet normal 0 0 -1
    outer loop
      vertex 70.4066 -109.271 42.5
      vertex 70.411 -109.203 42.5
      vertex 81.6 -115.343 42.5
    endloop
  endfacet
  facet normal 0 0 -1
    outer loop
      vertex 70.411 -109.203 42.5
      vertex 70.4125 -109.136 42.5
      vertex 81.6 -115.343 42.5
    endloop
  endfacet
  facet normal 0 0 -1
    outer loop
      vertex 81.6 -115.343 42.5
      vertex 70.4125 -109.136 42.5
      vertex 70.411 -109.068 42.5
    endloop
  endfacet
  facet normal 0 0 -1
    outer loop
      vertex 70.411 -109.068 42.5
      vertex 70.4066 -109 42.5
      vertex 81.6 -115.343 42.5
    endloop
  endfacet
  facet normal 0 0 -1
    outer loop
      vertex 70.4066 -109 42.5
      vertex 70.3993 -108.933 42.5
      vertex 81.6 -115.343 42.5
    endloop
  endfacet
  facet normal 0 0 -1
    outer loop
      vertex 81.6 -115.343 42.5
      vertex 70.3993 -108.933 42.5
      vertex 70.389 -108.866 42.5
    endloop
  endfacet
  facet normal 0 0 -1
    outer loop
      vertex 69.8061 -107.906 42.5
      vertex 69.7516 -107.866 42.5
      vertex 81.6 -76.4379 42.5
    endloop
  endfacet
  facet normal 0 0 -1
    outer loop
      vertex 69.7516 -107.866 42.5
      vertex 69.6953 -107.828 42.5
      vertex 81.6 -76.4379 42.5
    endloop
  endfacet
  facet normal 0 0 -1
    outer loop
      vertex 81.6 -76.4379 42.5
      vertex 69.6953 -107.828 42.5
      vertex 69.6375 -107.793 42.5
    endloop
  endfacet
  facet normal 0 0 -1
    outer loop
      vertex 68.3324 -107.679 42.5
      vertex 68.2694 -107.704 42.5
      vertex 66.8523 -76.4379 42.5
    endloop
  endfacet
  facet normal 0 0 -1
    outer loop
      vertex 68.2694 -107.704 42.5
      vertex 68.2075 -107.731 42.5
      vertex 66.8523 -76.4379 42.5
    endloop
  endfacet
  facet normal 0 0 -1
    outer loop
      vertex 66.8523 -76.4379 42.5
      vertex 68.2075 -107.731 42.5
      vertex 68.1468 -107.761 42.5
    endloop
  endfacet
  facet normal 0 0 -1
    outer loop
      vertex 67.4577 -108.48 42.5
      vertex 67.4305 -108.542 42.5
      vertex 66.8523 -76.4379 42.5
    endloop
  endfacet
  facet normal 0 0 -1
    outer loop
      vertex 67.4305 -108.542 42.5
      vertex 67.406 -108.605 42.5
      vertex 66.8523 -76.4379 42.5
    endloop
  endfacet
  facet normal 0 0 -1
    outer loop
      vertex 66.8523 -76.4379 42.5
      vertex 67.406 -108.605 42.5
      vertex 67.3843 -108.669 42.5
    endloop
  endfacet
  facet normal 0 0 -1
    outer loop
      vertex 69.6375 -110.478 42.5
      vertex 69.6953 -110.443 42.5
      vertex 81.6 -115.343 42.5
    endloop
  endfacet
  facet normal 0 0 -1
    outer loop
      vertex 69.6953 -110.443 42.5
      vertex 69.7516 -110.405 42.5
      vertex 81.6 -115.343 42.5
    endloop
  endfacet
  facet normal 0 0 -1
    outer loop
      vertex 81.6 -115.343 42.5
      vertex 69.7516 -110.405 42.5
      vertex 69.8061 -110.365 42.5
    endloop
  endfacet
  facet normal 0 0 -1
    outer loop
      vertex 69.9585 -110.232 42.5
      vertex 70.0053 -110.183 42.5
      vertex 81.6 -115.343 42.5
    endloop
  endfacet
  facet normal 0 0 -1
    outer loop
      vertex 70.0053 -110.183 42.5
      vertex 70.0499 -110.132 42.5
      vertex 81.6 -115.343 42.5
    endloop
  endfacet
  facet normal 0 0 -1
    outer loop
      vertex 81.6 -115.343 42.5
      vertex 70.0499 -110.132 42.5
      vertex 70.0922 -110.079 42.5
    endloop
  endfacet
  facet normal 0 0 -1
    outer loop
      vertex 68.1468 -107.761 42.5
      vertex 68.0875 -107.793 42.5
      vertex 66.8523 -76.4379 42.5
    endloop
  endfacet
  facet normal 0 0 -1
    outer loop
      vertex 68.0875 -107.793 42.5
      vertex 68.0297 -107.828 42.5
      vertex 66.8523 -76.4379 42.5
    endloop
  endfacet
  facet normal 0 0 -1
    outer loop
      vertex 66.8523 -76.4379 42.5
      vertex 68.0297 -107.828 42.5
      vertex 67.9735 -107.866 42.5
    endloop
  endfacet
  facet normal 0 0 -1
    outer loop
      vertex 70.0922 -110.079 42.5
      vertex 70.1322 -110.025 42.5
      vertex 81.6 -115.343 42.5
    endloop
  endfacet
  facet normal 0 0 -1
    outer loop
      vertex 70.1322 -110.025 42.5
      vertex 70.1698 -109.968 42.5
      vertex 81.6 -115.343 42.5
    endloop
  endfacet
  facet normal 0 0 -1
    outer loop
      vertex 81.6 -115.343 42.5
      vertex 70.1698 -109.968 42.5
      vertex 70.2049 -109.911 42.5
    endloop
  endfacet
  facet normal 0 0 -1
    outer loop
      vertex 70.2049 -109.911 42.5
      vertex 70.2374 -109.851 42.5
      vertex 81.6 -115.343 42.5
    endloop
  endfacet
  facet normal 0 0 -1
    outer loop
      vertex 70.2374 -109.851 42.5
      vertex 70.2673 -109.791 42.5
      vertex 81.6 -115.343 42.5
    endloop
  endfacet
  facet normal 0 0 -1
    outer loop
      vertex 81.6 -115.343 42.5
      vertex 70.2673 -109.791 42.5
      vertex 70.2945 -109.729 42.5
    endloop
  endfacet
  facet normal 0 0 -1
    outer loop
      vertex 67.9735 -107.866 42.5
      vertex 67.9189 -107.906 42.5
      vertex 66.8523 -76.4379 42.5
    endloop
  endfacet
  facet normal 0 0 -1
    outer loop
      vertex 67.9189 -107.906 42.5
      vertex 67.8662 -107.948 42.5
      vertex 66.8523 -76.4379 42.5
    endloop
  endfacet
  facet normal 0 0 -1
    outer loop
      vertex 66.8523 -76.4379 42.5
      vertex 67.8662 -107.948 42.5
      vertex 67.8154 -107.993 42.5
    endloop
  endfacet
  facet normal 0 0 -1
    outer loop
      vertex 67.6752 -108.139 42.5
      vertex 67.6328 -108.192 42.5
      vertex 66.8523 -76.4379 42.5
    endloop
  endfacet
  facet normal 0 0 -1
    outer loop
      vertex 67.6328 -108.192 42.5
      vertex 67.5928 -108.247 42.5
      vertex 66.8523 -76.4379 42.5
    endloop
  endfacet
  facet normal 0 0 -1
    outer loop
      vertex 67.5928 -108.247 42.5
      vertex 67.5553 -108.303 42.5
      vertex 66.8523 -76.4379 42.5
    endloop
  endfacet
  facet normal 0 0 -1
    outer loop
      vertex 67.5553 -108.303 42.5
      vertex 67.5202 -108.361 42.5
      vertex 66.8523 -76.4379 42.5
    endloop
  endfacet
  facet normal 0 0 -1
    outer loop
      vertex 66.8523 -76.4379 42.5
      vertex 67.5202 -108.361 42.5
      vertex 67.4877 -108.42 42.5
    endloop
  endfacet
  facet normal 0 0 -1
    outer loop
      vertex 67.8154 -107.993 42.5
      vertex 67.7665 -108.04 42.5
      vertex 66.8523 -76.4379 42.5
    endloop
  endfacet
  facet normal 0 0 -1
    outer loop
      vertex 67.7665 -108.04 42.5
      vertex 67.7197 -108.088 42.5
      vertex 66.8523 -76.4379 42.5
    endloop
  endfacet
  facet normal 0 0 -1
    outer loop
      vertex 66.8523 -76.4379 42.5
      vertex 67.7197 -108.088 42.5
      vertex 67.6752 -108.139 42.5
    endloop
  endfacet
  facet normal 0 0 -1
    outer loop
      vertex 67.3184 -109 42.5
      vertex 66.8523 -115.343 42.5
      vertex 66.8523 -76.4379 42.5
    endloop
  endfacet
  facet normal 0 0 -1
    outer loop
      vertex 66.8523 -115.343 42.5
      vertex 58.2069 -76.4379 42.5
      vertex 66.8523 -76.4379 42.5
    endloop
  endfacet
  facet normal 0 0 -1
    outer loop
      vertex 66.8523 -76.4379 42.5
      vertex 58.2069 -76.4379 42.5
      vertex 58.2069 55.4796 42.5
    endloop
  endfacet
  facet normal 0 0 -1
    outer loop
      vertex -6.93889e-15 -120 42.5
      vertex -60.9696 -115.343 42.5
      vertex -6.93889e-15 -115.343 42.5
    endloop
  endfacet
  facet normal 0 0 -1
    outer loop
      vertex -60.9696 -115.343 42.5
      vertex -60.9696 -76.4379 42.5
      vertex -6.93889e-15 -115.343 42.5
    endloop
  endfacet
  facet normal 0 0 -1
    outer loop
      vertex -6.93889e-15 -115.343 42.5
      vertex -60.9696 -76.4379 42.5
      vertex -6.93889e-15 -76.4379 42.5
    endloop
  endfacet
  facet normal 0 0 -1
    outer loop
      vertex -72.011 -108.605 42.5
      vertex -72.0355 -108.542 42.5
      vertex -60.9696 -76.4379 42.5
    endloop
  endfacet
  facet normal 0 0 -1
    outer loop
      vertex -74.1226 -110.54 42.5
      vertex -74.0607 -110.568 42.5
      vertex -78.3088 -115.343 42.5
    endloop
  endfacet
  facet normal 0 0 -1
    outer loop
      vertex -73.6026 -107.591 42.5
      vertex -73.6699 -107.599 42.5
      vertex -78.3088 -76.4379 42.5
    endloop
  endfacet
  facet normal 0 0 -1
    outer loop
      vertex -73.3325 -107.591 42.5
      vertex -73.3999 -107.587 42.5
      vertex -78.3088 -76.4379 42.5
    endloop
  endfacet
  facet normal 0 0 -1
    outer loop
      vertex -75.0175 -109.136 42.5
      vertex -75.0161 -109.203 42.5
      vertex -78.3088 -115.343 42.5
    endloop
  endfacet
  facet normal 0 0 -1
    outer loop
      vertex -75.0161 -109.203 42.5
      vertex -75.0116 -109.271 42.5
      vertex -78.3088 -115.343 42.5
    endloop
  endfacet
  facet normal 0 0 -1
    outer loop
      vertex -78.3088 -115.343 42.5
      vertex -75.0116 -109.271 42.5
      vertex -75.0043 -109.338 42.5
    endloop
  endfacet
  facet normal 0 0 -1
    outer loop
      vertex -74.5636 -110.232 42.5
      vertex -74.5147 -110.278 42.5
      vertex -78.3088 -115.343 42.5
    endloop
  endfacet
  facet normal 0 0 -1
    outer loop
      vertex -73.6026 -110.68 42.5
      vertex -73.5352 -110.684 42.5
      vertex -78.3088 -115.343 42.5
    endloop
  endfacet
  facet normal 0 0 -1
    outer loop
      vertex -78.3088 -115.343 42.5
      vertex -73.8687 -110.633 42.5
      vertex -73.803 -110.649 42.5
    endloop
  endfacet
  facet normal 0 0 -1
    outer loop
      vertex -60.9696 -76.4379 42.5
      vertex -72.6925 -107.793 42.5
      vertex -72.7518 -107.761 42.5
    endloop
  endfacet
  facet normal 0 0 -1
    outer loop
      vertex -73.0664 -107.638 42.5
      vertex -60.9696 -76.4379 42.5
      vertex -73.0015 -107.657 42.5
    endloop
  endfacet
  facet normal 0 0 -1
    outer loop
      vertex -60.9696 -76.4379 42.5
      vertex -72.9374 -107.679 42.5
      vertex -73.0015 -107.657 42.5
    endloop
  endfacet
  facet normal 0 0 -1
    outer loop
      vertex -73.0664 -107.638 42.5
      vertex -73.1321 -107.622 42.5
      vertex -60.9696 -76.4379 42.5
    endloop
  endfacet
  facet normal 0 0 -1
    outer loop
      vertex -73.1321 -107.622 42.5
      vertex -73.1984 -107.609 42.5
      vertex -60.9696 -76.4379 42.5
    endloop
  endfacet
  facet normal 0 0 -1
    outer loop
      vertex -60.9696 -76.4379 42.5
      vertex -73.1984 -107.609 42.5
      vertex -73.2652 -107.599 42.5
    endloop
  endfacet
  facet normal 0 0 -1
    outer loop
      vertex -75.0043 -108.933 42.5
      vertex -75.0116 -109 42.5
      vertex -78.3088 -115.343 42.5
    endloop
  endfacet
  facet normal 0 0 -1
    outer loop
      vertex -75.0116 -109 42.5
      vertex -75.0161 -109.068 42.5
      vertex -78.3088 -115.343 42.5
    endloop
  endfacet
  facet normal 0 0 -1
    outer loop
      vertex -78.3088 -115.343 42.5
      vertex -75.0161 -109.068 42.5
      vertex -75.0175 -109.136 42.5
    endloop
  endfacet
  facet normal 0 0 -1
    outer loop
      vertex -74.9647 -109.537 42.5
      vertex -74.9458 -109.602 42.5
      vertex -78.3088 -115.343 42.5
    endloop
  endfacet
  facet normal 0 0 -1
    outer loop
      vertex -74.9458 -109.602 42.5
      vertex -74.9241 -109.666 42.5
      vertex -78.3088 -115.343 42.5
    endloop
  endfacet
  facet normal 0 0 -1
    outer loop
      vertex -78.3088 -115.343 42.5
      vertex -74.9241 -109.666 42.5
      vertex -74.8996 -109.729 42.5
    endloop
  endfacet
  facet normal 0 0 -1
    outer loop
      vertex -74.1226 -110.54 42.5
      vertex -78.3088 -115.343 42.5
      vertex -74.1833 -110.51 42.5
    endloop
  endfacet
  facet normal 0 0 -1
    outer loop
      vertex -74.0607 -110.568 42.5
      vertex -73.9977 -110.592 42.5
      vertex -78.3088 -115.343 42.5
    endloop
  endfacet
  facet normal 0 0 -1
    outer loop
      vertex -73.9977 -110.592 42.5
      vertex -73.9336 -110.614 42.5
      vertex -78.3088 -115.343 42.5
    endloop
  endfacet
  facet normal 0 0 -1
    outer loop
      vertex -78.3088 -115.343 42.5
      vertex -73.9336 -110.614 42.5
      vertex -73.8687 -110.633 42.5
    endloop
  endfacet
  facet normal 0 0 -1
    outer loop
      vertex -73.803 -110.649 42.5
      vertex -73.7367 -110.662 42.5
      vertex -78.3088 -115.343 42.5
    endloop
  endfacet
  facet normal 0 0 -1
    outer loop
      vertex -73.7367 -110.662 42.5
      vertex -73.6699 -110.672 42.5
      vertex -78.3088 -115.343 42.5
    endloop
  endfacet
  facet normal 0 0 -1
    outer loop
      vertex -78.3088 -115.343 42.5
      vertex -73.6699 -110.672 42.5
      vertex -73.6026 -110.68 42.5
    endloop
  endfacet
  facet normal 0 0 -1
    outer loop
      vertex -73.5352 -110.684 42.5
      vertex -73.4675 -110.686 42.5
      vertex -78.3088 -115.343 42.5
    endloop
  endfacet
  facet normal 0 0 -1
    outer loop
      vertex -73.4675 -110.686 42.5
      vertex -73.3999 -110.684 42.5
      vertex -78.3088 -115.343 42.5
    endloop
  endfacet
  facet normal 0 0 -1
    outer loop
      vertex -78.3088 -115.343 42.5
      vertex -73.3999 -110.684 42.5
      vertex -73.3325 -110.68 42.5
    endloop
  endfacet
  facet normal 0 0 -1
    outer loop
      vertex -71.9411 -108.866 42.5
      vertex -71.9543 -108.8 42.5
      vertex -60.9696 -115.343 42.5
    endloop
  endfacet
  facet normal 0 0 -1
    outer loop
      vertex -71.9543 -108.8 42.5
      vertex -71.9704 -108.734 42.5
      vertex -60.9696 -115.343 42.5
    endloop
  endfacet
  facet normal 0 0 -1
    outer loop
      vertex -60.9696 -115.343 42.5
      vertex -71.9704 -108.734 42.5
      vertex -60.9696 -76.4379 42.5
    endloop
  endfacet
  facet normal 0 0 -1
    outer loop
      vertex -71.9704 -108.734 42.5
      vertex -71.9893 -108.669 42.5
      vertex -60.9696 -76.4379 42.5
    endloop
  endfacet
  facet normal 0 0 -1
    outer loop
      vertex -60.9696 -76.4379 42.5
      vertex -71.9893 -108.669 42.5
      vertex -72.011 -108.605 42.5
    endloop
  endfacet
  facet normal 0 0 -1
    outer loop
      vertex -72.0355 -108.542 42.5
      vertex -72.0628 -108.48 42.5
      vertex -60.9696 -76.4379 42.5
    endloop
  endfacet
  facet normal 0 0 -1
    outer loop
      vertex -72.0628 -108.48 42.5
      vertex -72.0927 -108.42 42.5
      vertex -60.9696 -76.4379 42.5
    endloop
  endfacet
  facet normal 0 0 -1
    outer loop
      vertex -60.9696 -76.4379 42.5
      vertex -72.0927 -108.42 42.5
      vertex -72.1252 -108.361 42.5
    endloop
  endfacet
  facet normal 0 0 -1
    outer loop
      vertex -72.7518 -107.761 42.5
      vertex -72.8125 -107.731 42.5
      vertex -60.9696 -76.4379 42.5
    endloop
  endfacet
  facet normal 0 0 -1
    outer loop
      vertex -72.8125 -107.731 42.5
      vertex -72.8744 -107.704 42.5
      vertex -60.9696 -76.4379 42.5
    endloop
  endfacet
  facet normal 0 0 -1
    outer loop
      vertex -60.9696 -76.4379 42.5
      vertex -72.8744 -107.704 42.5
      vertex -72.9374 -107.679 42.5
    endloop
  endfacet
  facet normal 0 0 -1
    outer loop
      vertex -73.3999 -107.587 42.5
      vertex -73.4675 -107.586 42.5
      vertex -78.3088 -76.4379 42.5
    endloop
  endfacet
  facet normal 0 0 -1
    outer loop
      vertex -73.4675 -107.586 42.5
      vertex -73.5352 -107.587 42.5
      vertex -78.3088 -76.4379 42.5
    endloop
  endfacet
  facet normal 0 0 -1
    outer loop
      vertex -78.3088 -76.4379 42.5
      vertex -73.5352 -107.587 42.5
      vertex -73.6026 -107.591 42.5
    endloop
  endfacet
  facet normal 0 0 -1
    outer loop
      vertex -74.9458 -108.669 42.5
      vertex -74.9647 -108.734 42.5
      vertex -78.3088 -76.4379 42.5
    endloop
  endfacet
  facet normal 0 0 -1
    outer loop
      vertex -74.9647 -108.734 42.5
      vertex -74.9808 -108.8 42.5
      vertex -78.3088 -76.4379 42.5
    endloop
  endfacet
  facet normal 0 0 -1
    outer loop
      vertex -78.3088 -76.4379 42.5
      vertex -74.9808 -108.8 42.5
      vertex -78.3088 -115.343 42.5
    endloop
  endfacet
  facet normal 0 0 -1
    outer loop
      vertex -74.9808 -108.8 42.5
      vertex -74.994 -108.866 42.5
      vertex -78.3088 -115.343 42.5
    endloop
  endfacet
  facet normal 0 0 -1
    outer loop
      vertex -78.3088 -115.343 42.5
      vertex -74.994 -108.866 42.5
      vertex -75.0043 -108.933 42.5
    endloop
  endfacet
  facet normal 0 0 -1
    outer loop
      vertex -75.0043 -109.338 42.5
      vertex -74.994 -109.405 42.5
      vertex -78.3088 -115.343 42.5
    endloop
  endfacet
  facet normal 0 0 -1
    outer loop
      vertex -74.994 -109.405 42.5
      vertex -74.9808 -109.471 42.5
      vertex -78.3088 -115.343 42.5
    endloop
  endfacet
  facet normal 0 0 -1
    outer loop
      vertex -78.3088 -115.343 42.5
      vertex -74.9808 -109.471 42.5
      vertex -74.9647 -109.537 42.5
    endloop
  endfacet
  facet normal 0 0 -1
    outer loop
      vertex -74.8996 -109.729 42.5
      vertex -74.8723 -109.791 42.5
      vertex -78.3088 -115.343 42.5
    endloop
  endfacet
  facet normal 0 0 -1
    outer loop
      vertex -74.8723 -109.791 42.5
      vertex -74.8424 -109.851 42.5
      vertex -78.3088 -115.343 42.5
    endloop
  endfacet
  facet normal 0 0 -1
    outer loop
      vertex -78.3088 -115.343 42.5
      vertex -74.8424 -109.851 42.5
      vertex -74.8099 -109.911 42.5
    endloop
  endfacet
  facet normal 0 0 -1
    outer loop
      vertex -74.5147 -110.278 42.5
      vertex -74.4639 -110.323 42.5
      vertex -78.3088 -115.343 42.5
    endloop
  endfacet
  facet normal 0 0 -1
    outer loop
      vertex -74.4639 -110.323 42.5
      vertex -74.4111 -110.365 42.5
      vertex -78.3088 -115.343 42.5
    endloop
  endfacet
  facet normal 0 0 -1
    outer loop
      vertex -78.3088 -115.343 42.5
      vertex -74.4111 -110.365 42.5
      vertex -74.3566 -110.405 42.5
    endloop
  endfacet
  facet normal 0 0 -1
    outer loop
      vertex -73.0664 -110.633 42.5
      vertex -73.0015 -110.614 42.5
      vertex -60.9696 -115.343 42.5
    endloop
  endfacet
  facet normal 0 0 -1
    outer loop
      vertex -73.0015 -110.614 42.5
      vertex -72.9374 -110.592 42.5
      vertex -60.9696 -115.343 42.5
    endloop
  endfacet
  facet normal 0 0 -1
    outer loop
      vertex -60.9696 -115.343 42.5
      vertex -72.9374 -110.592 42.5
      vertex -72.8744 -110.568 42.5
    endloop
  endfacet
  facet normal 0 0 -1
    outer loop
      vertex -73.9977 -107.679 42.5
      vertex -78.3088 -76.4379 42.5
      vertex -73.9336 -107.657 42.5
    endloop
  endfacet
  facet normal 0 0 -1
    outer loop
      vertex -78.3088 -76.4379 42.5
      vertex -73.8687 -107.638 42.5
      vertex -73.9336 -107.657 42.5
    endloop
  endfacet
  facet normal 0 0 -1
    outer loop
      vertex -74.6972 -110.079 42.5
      vertex -74.6549 -110.132 42.5
      vertex -78.3088 -115.343 42.5
    endloop
  endfacet
  facet normal 0 0 -1
    outer loop
      vertex -74.6549 -110.132 42.5
      vertex -74.6103 -110.183 42.5
      vertex -78.3088 -115.343 42.5
    endloop
  endfacet
  facet normal 0 0 -1
    outer loop
      vertex -78.3088 -115.343 42.5
      vertex -74.6103 -110.183 42.5
      vertex -74.5636 -110.232 42.5
    endloop
  endfacet
  facet normal 0 0 -1
    outer loop
      vertex -74.3566 -110.405 42.5
      vertex -74.3004 -110.443 42.5
      vertex -78.3088 -115.343 42.5
    endloop
  endfacet
  facet normal 0 0 -1
    outer loop
      vertex -74.3004 -110.443 42.5
      vertex -74.2425 -110.478 42.5
      vertex -78.3088 -115.343 42.5
    endloop
  endfacet
  facet normal 0 0 -1
    outer loop
      vertex -78.3088 -115.343 42.5
      vertex -74.2425 -110.478 42.5
      vertex -74.1833 -110.51 42.5
    endloop
  endfacet
  facet normal 0 0 -1
    outer loop
      vertex -72.8744 -110.568 42.5
      vertex -72.8125 -110.54 42.5
      vertex -60.9696 -115.343 42.5
    endloop
  endfacet
  facet normal 0 0 -1
    outer loop
      vertex -72.8125 -110.54 42.5
      vertex -72.7518 -110.51 42.5
      vertex -60.9696 -115.343 42.5
    endloop
  endfacet
  facet normal 0 0 -1
    outer loop
      vertex -60.9696 -115.343 42.5
      vertex -72.7518 -110.51 42.5
      vertex -72.6925 -110.478 42.5
    endloop
  endfacet
  facet normal 0 0 -1
    outer loop
      vertex -72.0355 -109.729 42.5
      vertex -72.011 -109.666 42.5
      vertex -60.9696 -115.343 42.5
    endloop
  endfacet
  facet normal 0 0 -1
    outer loop
      vertex -72.1252 -108.361 42.5
      vertex -72.1603 -108.303 42.5
      vertex -60.9696 -76.4379 42.5
    endloop
  endfacet
  facet normal 0 0 -1
    outer loop
      vertex -72.1603 -108.303 42.5
      vertex -72.1979 -108.247 42.5
      vertex -60.9696 -76.4379 42.5
    endloop
  endfacet
  facet normal 0 0 -1
    outer loop
      vertex -60.9696 -76.4379 42.5
      vertex -72.1979 -108.247 42.5
      vertex -72.2378 -108.192 42.5
    endloop
  endfacet
  facet normal 0 0 -1
    outer loop
      vertex -72.2378 -108.192 42.5
      vertex -72.2802 -108.139 42.5
      vertex -60.9696 -76.4379 42.5
    endloop
  endfacet
  facet normal 0 0 -1
    outer loop
      vertex -72.2802 -108.139 42.5
      vertex -72.3248 -108.088 42.5
      vertex -60.9696 -76.4379 42.5
    endloop
  endfacet
  facet normal 0 0 -1
    outer loop
      vertex -60.9696 -76.4379 42.5
      vertex -72.3248 -108.088 42.5
      vertex -72.3715 -108.04 42.5
    endloop
  endfacet
  facet normal 0 0 -1
    outer loop
      vertex -72.3715 -108.04 42.5
      vertex -72.4204 -107.993 42.5
      vertex -60.9696 -76.4379 42.5
    endloop
  endfacet
  facet normal 0 0 -1
    outer loop
      vertex -72.4204 -107.993 42.5
      vertex -72.4712 -107.948 42.5
      vertex -60.9696 -76.4379 42.5
    endloop
  endfacet
  facet normal 0 0 -1
    outer loop
      vertex -60.9696 -76.4379 42.5
      vertex -72.4712 -107.948 42.5
      vertex -72.524 -107.906 42.5
    endloop
  endfacet
  facet normal 0 0 -1
    outer loop
      vertex -73.6699 -107.599 42.5
      vertex -73.7367 -107.609 42.5
      vertex -78.3088 -76.4379 42.5
    endloop
  endfacet
  facet normal 0 0 -1
    outer loop
      vertex -73.7367 -107.609 42.5
      vertex -73.803 -107.622 42.5
      vertex -78.3088 -76.4379 42.5
    endloop
  endfacet
  facet normal 0 0 -1
    outer loop
      vertex -78.3088 -76.4379 42.5
      vertex -73.803 -107.622 42.5
      vertex -73.8687 -107.638 42.5
    endloop
  endfacet
  facet normal 0 0 -1
    outer loop
      vertex -74.8424 -108.42 42.5
      vertex -74.8723 -108.48 42.5
      vertex -78.3088 -76.4379 42.5
    endloop
  endfacet
  facet normal 0 0 -1
    outer loop
      vertex -74.8099 -109.911 42.5
      vertex -74.7748 -109.968 42.5
      vertex -78.3088 -115.343 42.5
    endloop
  endfacet
  facet normal 0 0 -1
    outer loop
      vertex -74.7748 -109.968 42.5
      vertex -74.7372 -110.025 42.5
      vertex -78.3088 -115.343 42.5
    endloop
  endfacet
  facet normal 0 0 -1
    outer loop
      vertex -78.3088 -115.343 42.5
      vertex -74.7372 -110.025 42.5
      vertex -74.6972 -110.079 42.5
    endloop
  endfacet
  facet normal 0 0 -1
    outer loop
      vertex -73.3325 -110.68 42.5
      vertex -73.2652 -110.672 42.5
      vertex -78.3088 -115.343 42.5
    endloop
  endfacet
  facet normal 0 0 -1
    outer loop
      vertex -73.2652 -110.672 42.5
      vertex -73.1984 -110.662 42.5
      vertex -78.3088 -115.343 42.5
    endloop
  endfacet
  facet normal 0 0 -1
    outer loop
      vertex -78.3088 -115.343 42.5
      vertex -73.1984 -110.662 42.5
      vertex -60.9696 -115.343 42.5
    endloop
  endfacet
  facet normal 0 0 -1
    outer loop
      vertex -73.1984 -110.662 42.5
      vertex -73.1321 -110.649 42.5
      vertex -60.9696 -115.343 42.5
    endloop
  endfacet
  facet normal 0 0 -1
    outer loop
      vertex -60.9696 -115.343 42.5
      vertex -73.1321 -110.649 42.5
      vertex -73.0664 -110.633 42.5
    endloop
  endfacet
  facet normal 0 0 -1
    outer loop
      vertex -72.524 -110.365 42.5
      vertex -72.4712 -110.323 42.5
      vertex -60.9696 -115.343 42.5
    endloop
  endfacet
  facet normal 0 0 -1
    outer loop
      vertex -72.4712 -110.323 42.5
      vertex -72.4204 -110.278 42.5
      vertex -60.9696 -115.343 42.5
    endloop
  endfacet
  facet normal 0 0 -1
    outer loop
      vertex -60.9696 -115.343 42.5
      vertex -72.4204 -110.278 42.5
      vertex -72.3715 -110.232 42.5
    endloop
  endfacet
  facet normal 0 0 -1
    outer loop
      vertex -72.011 -109.666 42.5
      vertex -71.9893 -109.602 42.5
      vertex -60.9696 -115.343 42.5
    endloop
  endfacet
  facet normal 0 0 -1
    outer loop
      vertex -71.9893 -109.602 42.5
      vertex -71.9704 -109.537 42.5
      vertex -60.9696 -115.343 42.5
    endloop
  endfacet
  facet normal 0 0 -1
    outer loop
      vertex -60.9696 -115.343 42.5
      vertex -71.9704 -109.537 42.5
      vertex -71.9543 -109.471 42.5
    endloop
  endfacet
  facet normal 0 0 -1
    outer loop
      vertex -71.9543 -109.471 42.5
      vertex -71.9411 -109.405 42.5
      vertex -60.9696 -115.343 42.5
    endloop
  endfacet
  facet normal 0 0 -1
    outer loop
      vertex -71.9411 -109.405 42.5
      vertex -71.9308 -109.338 42.5
      vertex -60.9696 -115.343 42.5
    endloop
  endfacet
  facet normal 0 0 -1
    outer loop
      vertex -60.9696 -115.343 42.5
      vertex -71.9308 -109.338 42.5
      vertex -71.9234 -109.271 42.5
    endloop
  endfacet
  facet normal 0 0 -1
    outer loop
      vertex -71.9234 -109.271 42.5
      vertex -71.919 -109.203 42.5
      vertex -60.9696 -115.343 42.5
    endloop
  endfacet
  facet normal 0 0 -1
    outer loop
      vertex -71.919 -109.203 42.5
      vertex -71.9175 -109.136 42.5
      vertex -60.9696 -115.343 42.5
    endloop
  endfacet
  facet normal 0 0 -1
    outer loop
      vertex -60.9696 -115.343 42.5
      vertex -71.9175 -109.136 42.5
      vertex -71.919 -109.068 42.5
    endloop
  endfacet
  facet normal 0 0 -1
    outer loop
      vertex -71.919 -109.068 42.5
      vertex -71.9234 -109 42.5
      vertex -60.9696 -115.343 42.5
    endloop
  endfacet
  facet normal 0 0 -1
    outer loop
      vertex -71.9234 -109 42.5
      vertex -71.9308 -108.933 42.5
      vertex -60.9696 -115.343 42.5
    endloop
  endfacet
  facet normal 0 0 -1
    outer loop
      vertex -60.9696 -115.343 42.5
      vertex -71.9308 -108.933 42.5
      vertex -71.9411 -108.866 42.5
    endloop
  endfacet
  facet normal 0 0 -1
    outer loop
      vertex -72.524 -107.906 42.5
      vertex -72.5785 -107.866 42.5
      vertex -60.9696 -76.4379 42.5
    endloop
  endfacet
  facet normal 0 0 -1
    outer loop
      vertex -72.5785 -107.866 42.5
      vertex -72.6347 -107.828 42.5
      vertex -60.9696 -76.4379 42.5
    endloop
  endfacet
  facet normal 0 0 -1
    outer loop
      vertex -60.9696 -76.4379 42.5
      vertex -72.6347 -107.828 42.5
      vertex -72.6925 -107.793 42.5
    endloop
  endfacet
  facet normal 0 0 -1
    outer loop
      vertex -73.9977 -107.679 42.5
      vertex -74.0607 -107.704 42.5
      vertex -78.3088 -76.4379 42.5
    endloop
  endfacet
  facet normal 0 0 -1
    outer loop
      vertex -74.0607 -107.704 42.5
      vertex -74.1226 -107.731 42.5
      vertex -78.3088 -76.4379 42.5
    endloop
  endfacet
  facet normal 0 0 -1
    outer loop
      vertex -78.3088 -76.4379 42.5
      vertex -74.1226 -107.731 42.5
      vertex -74.1833 -107.761 42.5
    endloop
  endfacet
  facet normal 0 0 -1
    outer loop
      vertex -74.8723 -108.48 42.5
      vertex -74.8996 -108.542 42.5
      vertex -78.3088 -76.4379 42.5
    endloop
  endfacet
  facet normal 0 0 -1
    outer loop
      vertex -74.8996 -108.542 42.5
      vertex -74.9241 -108.605 42.5
      vertex -78.3088 -76.4379 42.5
    endloop
  endfacet
  facet normal 0 0 -1
    outer loop
      vertex -78.3088 -76.4379 42.5
      vertex -74.9241 -108.605 42.5
      vertex -74.9458 -108.669 42.5
    endloop
  endfacet
  facet normal 0 0 -1
    outer loop
      vertex -72.6925 -110.478 42.5
      vertex -72.6347 -110.443 42.5
      vertex -60.9696 -115.343 42.5
    endloop
  endfacet
  facet normal 0 0 -1
    outer loop
      vertex -72.6347 -110.443 42.5
      vertex -72.5785 -110.405 42.5
      vertex -60.9696 -115.343 42.5
    endloop
  endfacet
  facet normal 0 0 -1
    outer loop
      vertex -60.9696 -115.343 42.5
      vertex -72.5785 -110.405 42.5
      vertex -72.524 -110.365 42.5
    endloop
  endfacet
  facet normal 0 0 -1
    outer loop
      vertex -72.3715 -110.232 42.5
      vertex -72.3248 -110.183 42.5
      vertex -60.9696 -115.343 42.5
    endloop
  endfacet
  facet normal 0 0 -1
    outer loop
      vertex -72.3248 -110.183 42.5
      vertex -72.2802 -110.132 42.5
      vertex -60.9696 -115.343 42.5
    endloop
  endfacet
  facet normal 0 0 -1
    outer loop
      vertex -60.9696 -115.343 42.5
      vertex -72.2802 -110.132 42.5
      vertex -72.2378 -110.079 42.5
    endloop
  endfacet
  facet normal 0 0 -1
    outer loop
      vertex -74.1833 -107.761 42.5
      vertex -74.2425 -107.793 42.5
      vertex -78.3088 -76.4379 42.5
    endloop
  endfacet
  facet normal 0 0 -1
    outer loop
      vertex -74.2425 -107.793 42.5
      vertex -74.3004 -107.828 42.5
      vertex -78.3088 -76.4379 42.5
    endloop
  endfacet
  facet normal 0 0 -1
    outer loop
      vertex -78.3088 -76.4379 42.5
      vertex -74.3004 -107.828 42.5
      vertex -74.3566 -107.866 42.5
    endloop
  endfacet
  facet normal 0 0 -1
    outer loop
      vertex -72.2378 -110.079 42.5
      vertex -72.1979 -110.025 42.5
      vertex -60.9696 -115.343 42.5
    endloop
  endfacet
  facet normal 0 0 -1
    outer loop
      vertex -72.1979 -110.025 42.5
      vertex -72.1603 -109.968 42.5
      vertex -60.9696 -115.343 42.5
    endloop
  endfacet
  facet normal 0 0 -1
    outer loop
      vertex -60.9696 -115.343 42.5
      vertex -72.1603 -109.968 42.5
      vertex -72.1252 -109.911 42.5
    endloop
  endfacet
  facet normal 0 0 -1
    outer loop
      vertex -72.1252 -109.911 42.5
      vertex -72.0927 -109.851 42.5
      vertex -60.9696 -115.343 42.5
    endloop
  endfacet
  facet normal 0 0 -1
    outer loop
      vertex -72.0927 -109.851 42.5
      vertex -72.0628 -109.791 42.5
      vertex -60.9696 -115.343 42.5
    endloop
  endfacet
  facet normal 0 0 -1
    outer loop
      vertex -60.9696 -115.343 42.5
      vertex -72.0628 -109.791 42.5
      vertex -72.0355 -109.729 42.5
    endloop
  endfacet
  facet normal 0 0 -1
    outer loop
      vertex -74.3566 -107.866 42.5
      vertex -74.4111 -107.906 42.5
      vertex -78.3088 -76.4379 42.5
    endloop
  endfacet
  facet normal 0 0 -1
    outer loop
      vertex -74.4111 -107.906 42.5
      vertex -74.4639 -107.948 42.5
      vertex -78.3088 -76.4379 42.5
    endloop
  endfacet
  facet normal 0 0 -1
    outer loop
      vertex -78.3088 -76.4379 42.5
      vertex -74.4639 -107.948 42.5
      vertex -74.5147 -107.993 42.5
    endloop
  endfacet
  facet normal 0 0 -1
    outer loop
      vertex -74.6549 -108.139 42.5
      vertex -74.6972 -108.192 42.5
      vertex -78.3088 -76.4379 42.5
    endloop
  endfacet
  facet normal 0 0 -1
    outer loop
      vertex -74.6972 -108.192 42.5
      vertex -74.7372 -108.247 42.5
      vertex -78.3088 -76.4379 42.5
    endloop
  endfacet
  facet normal 0 0 -1
    outer loop
      vertex -74.7372 -108.247 42.5
      vertex -74.7748 -108.303 42.5
      vertex -78.3088 -76.4379 42.5
    endloop
  endfacet
  facet normal 0 0 -1
    outer loop
      vertex -74.7748 -108.303 42.5
      vertex -74.8099 -108.361 42.5
      vertex -78.3088 -76.4379 42.5
    endloop
  endfacet
  facet normal 0 0 -1
    outer loop
      vertex -78.3088 -76.4379 42.5
      vertex -74.8099 -108.361 42.5
      vertex -74.8424 -108.42 42.5
    endloop
  endfacet
  facet normal 0 0 -1
    outer loop
      vertex -74.5147 -107.993 42.5
      vertex -74.5636 -108.04 42.5
      vertex -78.3088 -76.4379 42.5
    endloop
  endfacet
  facet normal 0 0 -1
    outer loop
      vertex -74.5636 -108.04 42.5
      vertex -74.6103 -108.088 42.5
      vertex -78.3088 -76.4379 42.5
    endloop
  endfacet
  facet normal 0 0 -1
    outer loop
      vertex -78.3088 -76.4379 42.5
      vertex -74.6103 -108.088 42.5
      vertex -74.6549 -108.139 42.5
    endloop
  endfacet
  facet normal 0 0 -1
    outer loop
      vertex 81.6 -76.4379 42.5
      vertex 66.8523 55.4796 42.5
      vertex 81.6 55.4796 42.5
    endloop
  endfacet
  facet normal 0 0 -1
    outer loop
      vertex 66.8523 55.4796 42.5
      vertex 67.7398 106.263 42.5
      vertex 81.6 55.4796 42.5
    endloop
  endfacet
  facet normal 0 0 -1
    outer loop
      vertex 81.6 55.4796 42.5
      vertex 67.7398 106.263 42.5
      vertex 67.807 106.255 42.5
    endloop
  endfacet
  facet normal 0 0 -1
    outer loop
      vertex 69.5176 -107.731 42.5
      vertex 69.4557 -107.704 42.5
      vertex 81.6 -76.4379 42.5
    endloop
  endfacet
  facet normal 0 0 -1
    outer loop
      vertex 69.4557 -107.704 42.5
      vertex 66.8523 -76.4379 42.5
      vertex 81.6 -76.4379 42.5
    endloop
  endfacet
  facet normal 0 0 -1
    outer loop
      vertex 81.6 -76.4379 42.5
      vertex 66.8523 -76.4379 42.5
      vertex 66.8523 55.4796 42.5
    endloop
  endfacet
  facet normal 0 0 -1
    outer loop
      vertex 66.8523 -76.4379 42.5
      vertex 58.2069 55.4796 42.5
      vertex 66.8523 55.4796 42.5
    endloop
  endfacet
  facet normal 0 0 -1
    outer loop
      vertex 66.8523 55.4796 42.5
      vertex 58.2069 55.4796 42.5
      vertex 66.7993 106.752 42.5
    endloop
  endfacet
  facet normal 0 0 -1
    outer loop
      vertex 58.2069 55.4796 42.5
      vertex 66.7547 106.803 42.5
      vertex 66.7993 106.752 42.5
    endloop
  endfacet
  facet normal 0 0 -1
    outer loop
      vertex -6.93889e-15 55.4796 42.5
      vertex 35.0217 4.70975 42.5
      vertex -6.93889e-15 -76.4379 42.5
    endloop
  endfacet
  facet normal 0 0 -1
    outer loop
      vertex 35.0217 4.70975 42.5
      vertex 35.0217 -45.2902 42.5
      vertex -6.93889e-15 -76.4379 42.5
    endloop
  endfacet
  facet normal 0 0 -1
    outer loop
      vertex 35.0217 -45.2902 42.5
      vertex 58.2069 -76.4379 42.5
      vertex -6.93889e-15 -76.4379 42.5
    endloop
  endfacet
  facet normal 0 0 -1
    outer loop
      vertex -6.93889e-15 -76.4379 42.5
      vertex 58.2069 -76.4379 42.5
      vertex 58.2069 -115.343 42.5
    endloop
  endfacet
  facet normal 0 0 -1
    outer loop
      vertex 58.2069 -76.4379 42.5
      vertex 66.8523 -115.343 42.5
      vertex 58.2069 -115.343 42.5
    endloop
  endfacet
  facet normal 0 0 -1
    outer loop
      vertex 58.2069 -115.343 42.5
      vertex 66.8523 -115.343 42.5
      vertex 66.8523 -120 42.5
    endloop
  endfacet
  facet normal 0 0 -1
    outer loop
      vertex 66.8523 -115.343 42.5
      vertex 81.6 -120 42.5
      vertex 66.8523 -120 42.5
    endloop
  endfacet
  facet normal 0 0 -1
    outer loop
      vertex -60.9696 55.4796 42.5
      vertex -50.0217 4.70975 42.5
      vertex -60.9696 -76.4379 42.5
    endloop
  endfacet
  facet normal 0 0 -1
    outer loop
      vertex -50.0217 4.70975 42.5
      vertex -50.0217 -45.2902 42.5
      vertex -60.9696 -76.4379 42.5
    endloop
  endfacet
  facet normal 0 0 -1
    outer loop
      vertex -60.9696 -76.4379 42.5
      vertex -50.0217 -45.2902 42.5
      vertex -6.93889e-15 -76.4379 42.5
    endloop
  endfacet
  facet normal 0 0 -1
    outer loop
      vertex -50.0217 -45.2902 42.5
      vertex -35.0217 -45.2902 42.5
      vertex -6.93889e-15 -76.4379 42.5
    endloop
  endfacet
  facet normal 0 0 -1
    outer loop
      vertex -6.93889e-15 -76.4379 42.5
      vertex -35.0217 -45.2902 42.5
      vertex -6.93889e-15 55.4796 42.5
    endloop
  endfacet
  facet normal 0 0 -1
    outer loop
      vertex 66.4053 107.597 42.5
      vertex 66.4156 107.53 42.5
      vertex 58.2069 120 42.5
    endloop
  endfacet
  facet normal 0 0 -1
    outer loop
      vertex 66.4156 107.53 42.5
      vertex 58.2069 55.4796 42.5
      vertex 58.2069 120 42.5
    endloop
  endfacet
  facet normal 0 0 -1
    outer loop
      vertex 58.2069 120 42.5
      vertex 58.2069 55.4796 42.5
      vertex -6.93889e-15 120 42.5
    endloop
  endfacet
  facet normal 0 0 -1
    outer loop
      vertex 35.0217 -45.2902 42.5
      vertex 50.0217 -45.2902 42.5
      vertex 58.2069 -76.4379 42.5
    endloop
  endfacet
  facet normal 0 0 -1
    outer loop
      vertex 50.0217 -45.2902 42.5
      vertex 50.0217 4.70975 42.5
      vertex 58.2069 -76.4379 42.5
    endloop
  endfacet
  facet normal 0 0 -1
    outer loop
      vertex 58.2069 -76.4379 42.5
      vertex 50.0217 4.70975 42.5
      vertex 58.2069 55.4796 42.5
    endloop
  endfacet
  facet normal 0 0 -1
    outer loop
      vertex 50.0217 4.70975 42.5
      vertex -6.93889e-15 55.4796 42.5
      vertex 58.2069 55.4796 42.5
    endloop
  endfacet
  facet normal 0 0 -1
    outer loop
      vertex 58.2069 55.4796 42.5
      vertex -6.93889e-15 55.4796 42.5
      vertex -6.93889e-15 120 42.5
    endloop
  endfacet
  facet normal 0 0 -1
    outer loop
      vertex -6.93889e-15 55.4796 42.5
      vertex -60.9696 120 42.5
      vertex -6.93889e-15 120 42.5
    endloop
  endfacet
  facet normal 0 0 -1
    outer loop
      vertex -78.3088 120 42.5
      vertex -75.0175 107.799 42.5
      vertex -75.0161 107.732 42.5
    endloop
  endfacet
  facet normal 0 0 -1
    outer loop
      vertex -78.3088 120 42.5
      vertex -75.0161 107.732 42.5
      vertex -78.3088 55.4796 42.5
    endloop
  endfacet
  facet normal 0 0 -1
    outer loop
      vertex -75.0161 107.732 42.5
      vertex -75.0116 107.664 42.5
      vertex -78.3088 55.4796 42.5
    endloop
  endfacet
  facet normal 0 0 -1
    outer loop
      vertex -78.3088 55.4796 42.5
      vertex -75.0116 107.664 42.5
      vertex -75.0043 107.597 42.5
    endloop
  endfacet
  facet normal 0 0 -1
    outer loop
      vertex -73.0015 109.278 42.5
      vertex -73.0664 109.297 42.5
      vertex -78.3088 120 42.5
    endloop
  endfacet
  facet normal 0 0 -1
    outer loop
      vertex -74.9458 108.265 42.5
      vertex -74.9647 108.201 42.5
      vertex -78.3088 120 42.5
    endloop
  endfacet
  facet normal 0 0 -1
    outer loop
      vertex -73.8687 106.302 42.5
      vertex -73.803 106.286 42.5
      vertex -78.3088 55.4796 42.5
    endloop
  endfacet
  facet normal 0 0 -1
    outer loop
      vertex -73.803 106.286 42.5
      vertex -73.7367 106.273 42.5
      vertex -78.3088 55.4796 42.5
    endloop
  endfacet
  facet normal 0 0 -1
    outer loop
      vertex -78.3088 55.4796 42.5
      vertex -73.7367 106.273 42.5
      vertex -73.6699 106.263 42.5
    endloop
  endfacet
  facet normal 0 0 -1
    outer loop
      vertex -73.6699 106.263 42.5
      vertex -60.9696 55.4796 42.5
      vertex -78.3088 55.4796 42.5
    endloop
  endfacet
  facet normal 0 0 -1
    outer loop
      vertex -60.9696 55.4796 42.5
      vertex -60.9696 -76.4379 42.5
      vertex -78.3088 55.4796 42.5
    endloop
  endfacet
  facet normal 0 0 -1
    outer loop
      vertex -78.3088 55.4796 42.5
      vertex -60.9696 -76.4379 42.5
      vertex -78.3088 -76.4379 42.5
    endloop
  endfacet
  facet normal 0 0 -1
    outer loop
      vertex -60.9696 -76.4379 42.5
      vertex -73.2652 -107.599 42.5
      vertex -78.3088 -76.4379 42.5
    endloop
  endfacet
  facet normal 0 0 -1
    outer loop
      vertex -78.3088 -76.4379 42.5
      vertex -73.2652 -107.599 42.5
      vertex -73.3325 -107.591 42.5
    endloop
  endfacet
  facet normal 0 0 -1
    outer loop
      vertex -72.0355 108.393 42.5
      vertex -72.0628 108.454 42.5
      vertex -60.9696 120 42.5
    endloop
  endfacet
  facet normal 0 0 -1
    outer loop
      vertex -72.0628 108.454 42.5
      vertex -72.0927 108.515 42.5
      vertex -60.9696 120 42.5
    endloop
  endfacet
  facet normal 0 0 -1
    outer loop
      vertex -60.9696 120 42.5
      vertex -72.0927 108.515 42.5
      vertex -72.1252 108.574 42.5
    endloop
  endfacet
  facet normal 0 0 -1
    outer loop
      vertex -72.2378 108.743 42.5
      vertex -72.2802 108.796 42.5
      vertex -60.9696 120 42.5
    endloop
  endfacet
  facet normal 0 0 -1
    outer loop
      vertex -72.7518 109.174 42.5
      vertex -72.8125 109.204 42.5
      vertex -60.9696 120 42.5
    endloop
  endfacet
  facet normal 0 0 -1
    outer loop
      vertex -72.8125 109.204 42.5
      vertex -72.8744 109.231 42.5
      vertex -60.9696 120 42.5
    endloop
  endfacet
  facet normal 0 0 -1
    outer loop
      vertex -60.9696 120 42.5
      vertex -72.8744 109.231 42.5
      vertex -78.3088 120 42.5
    endloop
  endfacet
  facet normal 0 0 -1
    outer loop
      vertex -72.8744 109.231 42.5
      vertex -72.9374 109.256 42.5
      vertex -78.3088 120 42.5
    endloop
  endfacet
  facet normal 0 0 -1
    outer loop
      vertex -78.3088 120 42.5
      vertex -72.9374 109.256 42.5
      vertex -73.0015 109.278 42.5
    endloop
  endfacet
  facet normal 0 0 -1
    outer loop
      vertex -73.2652 109.336 42.5
      vertex -73.3325 109.343 42.5
      vertex -78.3088 120 42.5
    endloop
  endfacet
  facet normal 0 0 -1
    outer loop
      vertex -73.3325 109.343 42.5
      vertex -73.3999 109.348 42.5
      vertex -78.3088 120 42.5
    endloop
  endfacet
  facet normal 0 0 -1
    outer loop
      vertex -78.3088 120 42.5
      vertex -73.3999 109.348 42.5
      vertex -73.4675 109.349 42.5
    endloop
  endfacet
  facet normal 0 0 -1
    outer loop
      vertex -73.4675 109.349 42.5
      vertex -73.5352 109.348 42.5
      vertex -78.3088 120 42.5
    endloop
  endfacet
  facet normal 0 0 -1
    outer loop
      vertex -73.5352 109.348 42.5
      vertex -73.6026 109.343 42.5
      vertex -78.3088 120 42.5
    endloop
  endfacet
  facet normal 0 0 -1
    outer loop
      vertex -78.3088 120 42.5
      vertex -73.6026 109.343 42.5
      vertex -73.6699 109.336 42.5
    endloop
  endfacet
  facet normal 0 0 -1
    outer loop
      vertex -75.0043 108.002 42.5
      vertex -75.0116 107.934 42.5
      vertex -78.3088 120 42.5
    endloop
  endfacet
  facet normal 0 0 -1
    outer loop
      vertex -75.0116 107.934 42.5
      vertex -75.0161 107.867 42.5
      vertex -78.3088 120 42.5
    endloop
  endfacet
  facet normal 0 0 -1
    outer loop
      vertex -78.3088 120 42.5
      vertex -75.0161 107.867 42.5
      vertex -75.0175 107.799 42.5
    endloop
  endfacet
  facet normal 0 0 -1
    outer loop
      vertex -74.7748 106.967 42.5
      vertex -74.7372 106.91 42.5
      vertex -78.3088 55.4796 42.5
    endloop
  endfacet
  facet normal 0 0 -1
    outer loop
      vertex -74.7372 106.91 42.5
      vertex -74.6972 106.856 42.5
      vertex -78.3088 55.4796 42.5
    endloop
  endfacet
  facet normal 0 0 -1
    outer loop
      vertex -78.3088 55.4796 42.5
      vertex -74.6972 106.856 42.5
      vertex -74.6549 106.803 42.5
    endloop
  endfacet
  facet normal 0 0 -1
    outer loop
      vertex -74.6549 106.803 42.5
      vertex -74.6103 106.752 42.5
      vertex -78.3088 55.4796 42.5
    endloop
  endfacet
  facet normal 0 0 -1
    outer loop
      vertex -74.6103 106.752 42.5
      vertex -74.5636 106.703 42.5
      vertex -78.3088 55.4796 42.5
    endloop
  endfacet
  facet normal 0 0 -1
    outer loop
      vertex -78.3088 55.4796 42.5
      vertex -74.5636 106.703 42.5
      vertex -74.5147 106.657 42.5
    endloop
  endfacet
  facet normal 0 0 -1
    outer loop
      vertex -74.2425 106.457 42.5
      vertex -78.3088 55.4796 42.5
      vertex -74.3004 106.492 42.5
    endloop
  endfacet
  facet normal 0 0 -1
    outer loop
      vertex -78.3088 55.4796 42.5
      vertex -74.3566 106.53 42.5
      vertex -74.3004 106.492 42.5
    endloop
  endfacet
  facet normal 0 0 -1
    outer loop
      vertex -73.6699 106.263 42.5
      vertex -73.6026 106.255 42.5
      vertex -60.9696 55.4796 42.5
    endloop
  endfacet
  facet normal 0 0 -1
    outer loop
      vertex -73.6026 106.255 42.5
      vertex -73.5352 106.251 42.5
      vertex -60.9696 55.4796 42.5
    endloop
  endfacet
  facet normal 0 0 -1
    outer loop
      vertex -60.9696 55.4796 42.5
      vertex -73.5352 106.251 42.5
      vertex -73.4675 106.249 42.5
    endloop
  endfacet
  facet normal 0 0 -1
    outer loop
      vertex -73.4675 106.249 42.5
      vertex -73.3999 106.251 42.5
      vertex -60.9696 55.4796 42.5
    endloop
  endfacet
  facet normal 0 0 -1
    outer loop
      vertex -73.3999 106.251 42.5
      vertex -73.3325 106.255 42.5
      vertex -60.9696 55.4796 42.5
    endloop
  endfacet
  facet normal 0 0 -1
    outer loop
      vertex -60.9696 55.4796 42.5
      vertex -73.3325 106.255 42.5
      vertex -73.2652 106.263 42.5
    endloop
  endfacet
  facet normal 0 0 -1
    outer loop
      vertex -71.9308 108.002 42.5
      vertex -71.9411 108.069 42.5
      vertex -60.9696 120 42.5
    endloop
  endfacet
  facet normal 0 0 -1
    outer loop
      vertex -71.9411 108.069 42.5
      vertex -71.9543 108.135 42.5
      vertex -60.9696 120 42.5
    endloop
  endfacet
  facet normal 0 0 -1
    outer loop
      vertex -60.9696 120 42.5
      vertex -71.9543 108.135 42.5
      vertex -71.9704 108.201 42.5
    endloop
  endfacet
  facet normal 0 0 -1
    outer loop
      vertex -71.9704 108.201 42.5
      vertex -71.9893 108.265 42.5
      vertex -60.9696 120 42.5
    endloop
  endfacet
  facet normal 0 0 -1
    outer loop
      vertex -71.9893 108.265 42.5
      vertex -72.011 108.329 42.5
      vertex -60.9696 120 42.5
    endloop
  endfacet
  facet normal 0 0 -1
    outer loop
      vertex -60.9696 120 42.5
      vertex -72.011 108.329 42.5
      vertex -72.0355 108.393 42.5
    endloop
  endfacet
  facet normal 0 0 -1
    outer loop
      vertex -73.0664 109.297 42.5
      vertex -73.1321 109.313 42.5
      vertex -78.3088 120 42.5
    endloop
  endfacet
  facet normal 0 0 -1
    outer loop
      vertex -73.1321 109.313 42.5
      vertex -73.1984 109.326 42.5
      vertex -78.3088 120 42.5
    endloop
  endfacet
  facet normal 0 0 -1
    outer loop
      vertex -78.3088 120 42.5
      vertex -73.1984 109.326 42.5
      vertex -73.2652 109.336 42.5
    endloop
  endfacet
  facet normal 0 0 -1
    outer loop
      vertex -74.9647 108.201 42.5
      vertex -74.9808 108.135 42.5
      vertex -78.3088 120 42.5
    endloop
  endfacet
  facet normal 0 0 -1
    outer loop
      vertex -74.9808 108.135 42.5
      vertex -74.994 108.069 42.5
      vertex -78.3088 120 42.5
    endloop
  endfacet
  facet normal 0 0 -1
    outer loop
      vertex -78.3088 120 42.5
      vertex -74.994 108.069 42.5
      vertex -75.0043 108.002 42.5
    endloop
  endfacet
  facet normal 0 0 -1
    outer loop
      vertex -78.3088 55.4796 42.5
      vertex -74.9647 107.398 42.5
      vertex -74.9458 107.333 42.5
    endloop
  endfacet
  facet normal 0 0 -1
    outer loop
      vertex -74.9458 107.333 42.5
      vertex -74.9241 107.269 42.5
      vertex -78.3088 55.4796 42.5
    endloop
  endfacet
  facet normal 0 0 -1
    outer loop
      vertex -74.9241 107.269 42.5
      vertex -74.8996 107.206 42.5
      vertex -78.3088 55.4796 42.5
    endloop
  endfacet
  facet normal 0 0 -1
    outer loop
      vertex -78.3088 55.4796 42.5
      vertex -74.8996 107.206 42.5
      vertex -74.8723 107.144 42.5
    endloop
  endfacet
  facet normal 0 0 -1
    outer loop
      vertex -74.5147 106.657 42.5
      vertex -74.4639 106.612 42.5
      vertex -78.3088 55.4796 42.5
    endloop
  endfacet
  facet normal 0 0 -1
    outer loop
      vertex -74.4639 106.612 42.5
      vertex -74.4111 106.57 42.5
      vertex -78.3088 55.4796 42.5
    endloop
  endfacet
  facet normal 0 0 -1
    outer loop
      vertex -78.3088 55.4796 42.5
      vertex -74.4111 106.57 42.5
      vertex -74.3566 106.53 42.5
    endloop
  endfacet
  facet normal 0 0 -1
    outer loop
      vertex -74.2425 106.457 42.5
      vertex -74.1833 106.424 42.5
      vertex -78.3088 55.4796 42.5
    endloop
  endfacet
  facet normal 0 0 -1
    outer loop
      vertex -74.1833 106.424 42.5
      vertex -74.1226 106.395 42.5
      vertex -78.3088 55.4796 42.5
    endloop
  endfacet
  facet normal 0 0 -1
    outer loop
      vertex -78.3088 55.4796 42.5
      vertex -74.1226 106.395 42.5
      vertex -74.0607 106.367 42.5
    endloop
  endfacet
  facet normal 0 0 -1
    outer loop
      vertex -74.0607 106.367 42.5
      vertex -73.9977 106.343 42.5
      vertex -78.3088 55.4796 42.5
    endloop
  endfacet
  facet normal 0 0 -1
    outer loop
      vertex -73.9977 106.343 42.5
      vertex -73.9336 106.321 42.5
      vertex -78.3088 55.4796 42.5
    endloop
  endfacet
  facet normal 0 0 -1
    outer loop
      vertex -78.3088 55.4796 42.5
      vertex -73.9336 106.321 42.5
      vertex -73.8687 106.302 42.5
    endloop
  endfacet
  facet normal 0 0 -1
    outer loop
      vertex -72.3715 106.703 42.5
      vertex -72.3248 106.752 42.5
      vertex -60.9696 55.4796 42.5
    endloop
  endfacet
  facet normal 0 0 -1
    outer loop
      vertex -72.3248 106.752 42.5
      vertex -72.2802 106.803 42.5
      vertex -60.9696 55.4796 42.5
    endloop
  endfacet
  facet normal 0 0 -1
    outer loop
      vertex -75.0043 107.597 42.5
      vertex -74.994 107.53 42.5
      vertex -78.3088 55.4796 42.5
    endloop
  endfacet
  facet normal 0 0 -1
    outer loop
      vertex -74.994 107.53 42.5
      vertex -74.9808 107.464 42.5
      vertex -78.3088 55.4796 42.5
    endloop
  endfacet
  facet normal 0 0 -1
    outer loop
      vertex -78.3088 55.4796 42.5
      vertex -74.9808 107.464 42.5
      vertex -74.9647 107.398 42.5
    endloop
  endfacet
  facet normal 0 0 -1
    outer loop
      vertex -74.8723 107.144 42.5
      vertex -74.8424 107.084 42.5
      vertex -78.3088 55.4796 42.5
    endloop
  endfacet
  facet normal 0 0 -1
    outer loop
      vertex -74.8424 107.084 42.5
      vertex -74.8099 107.024 42.5
      vertex -78.3088 55.4796 42.5
    endloop
  endfacet
  facet normal 0 0 -1
    outer loop
      vertex -78.3088 55.4796 42.5
      vertex -74.8099 107.024 42.5
      vertex -74.7748 106.967 42.5
    endloop
  endfacet
  facet normal 0 0 -1
    outer loop
      vertex -73.0664 106.302 42.5
      vertex -73.0015 106.321 42.5
      vertex -60.9696 55.4796 42.5
    endloop
  endfacet
  facet normal 0 0 -1
    outer loop
      vertex -73.0015 106.321 42.5
      vertex -72.9374 106.343 42.5
      vertex -60.9696 55.4796 42.5
    endloop
  endfacet
  facet normal 0 0 -1
    outer loop
      vertex -60.9696 55.4796 42.5
      vertex -72.9374 106.343 42.5
      vertex -72.8744 106.367 42.5
    endloop
  endfacet
  facet normal 0 0 -1
    outer loop
      vertex -72.8744 106.367 42.5
      vertex -72.8125 106.395 42.5
      vertex -60.9696 55.4796 42.5
    endloop
  endfacet
  facet normal 0 0 -1
    outer loop
      vertex -72.8125 106.395 42.5
      vertex -72.7518 106.424 42.5
      vertex -60.9696 55.4796 42.5
    endloop
  endfacet
  facet normal 0 0 -1
    outer loop
      vertex -60.9696 55.4796 42.5
      vertex -72.7518 106.424 42.5
      vertex -72.6925 106.457 42.5
    endloop
  endfacet
  facet normal 0 0 -1
    outer loop
      vertex -72.524 106.57 42.5
      vertex -72.4712 106.612 42.5
      vertex -60.9696 55.4796 42.5
    endloop
  endfacet
  facet normal 0 0 -1
    outer loop
      vertex -72.4712 106.612 42.5
      vertex -72.4204 106.657 42.5
      vertex -60.9696 55.4796 42.5
    endloop
  endfacet
  facet normal 0 0 -1
    outer loop
      vertex -60.9696 55.4796 42.5
      vertex -72.4204 106.657 42.5
      vertex -72.3715 106.703 42.5
    endloop
  endfacet
  facet normal 0 0 -1
    outer loop
      vertex -72.1252 108.574 42.5
      vertex -72.1603 108.632 42.5
      vertex -60.9696 120 42.5
    endloop
  endfacet
  facet normal 0 0 -1
    outer loop
      vertex -72.1603 108.632 42.5
      vertex -72.1979 108.688 42.5
      vertex -60.9696 120 42.5
    endloop
  endfacet
  facet normal 0 0 -1
    outer loop
      vertex -60.9696 120 42.5
      vertex -72.1979 108.688 42.5
      vertex -72.2378 108.743 42.5
    endloop
  endfacet
  facet normal 0 0 -1
    outer loop
      vertex -72.2802 108.796 42.5
      vertex -72.3248 108.847 42.5
      vertex -60.9696 120 42.5
    endloop
  endfacet
  facet normal 0 0 -1
    outer loop
      vertex -72.3248 108.847 42.5
      vertex -72.3715 108.895 42.5
      vertex -60.9696 120 42.5
    endloop
  endfacet
  facet normal 0 0 -1
    outer loop
      vertex -60.9696 120 42.5
      vertex -72.3715 108.895 42.5
      vertex -72.4204 108.942 42.5
    endloop
  endfacet
  facet normal 0 0 -1
    outer loop
      vertex -72.4204 108.942 42.5
      vertex -72.4712 108.987 42.5
      vertex -60.9696 120 42.5
    endloop
  endfacet
  facet normal 0 0 -1
    outer loop
      vertex -72.4712 108.987 42.5
      vertex -72.524 109.029 42.5
      vertex -60.9696 120 42.5
    endloop
  endfacet
  facet normal 0 0 -1
    outer loop
      vertex -60.9696 120 42.5
      vertex -72.524 109.029 42.5
      vertex -72.5785 109.069 42.5
    endloop
  endfacet
  facet normal 0 0 -1
    outer loop
      vertex -72.5785 109.069 42.5
      vertex -72.6347 109.107 42.5
      vertex -60.9696 120 42.5
    endloop
  endfacet
  facet normal 0 0 -1
    outer loop
      vertex -72.6347 109.107 42.5
      vertex -72.6925 109.142 42.5
      vertex -60.9696 120 42.5
    endloop
  endfacet
  facet normal 0 0 -1
    outer loop
      vertex -60.9696 120 42.5
      vertex -72.6925 109.142 42.5
      vertex -72.7518 109.174 42.5
    endloop
  endfacet
  facet normal 0 0 -1
    outer loop
      vertex -73.6699 109.336 42.5
      vertex -73.7367 109.326 42.5
      vertex -78.3088 120 42.5
    endloop
  endfacet
  facet normal 0 0 -1
    outer loop
      vertex -73.7367 109.326 42.5
      vertex -73.803 109.313 42.5
      vertex -78.3088 120 42.5
    endloop
  endfacet
  facet normal 0 0 -1
    outer loop
      vertex -78.3088 120 42.5
      vertex -73.803 109.313 42.5
      vertex -73.8687 109.297 42.5
    endloop
  endfacet
  facet normal 0 0 -1
    outer loop
      vertex -73.8687 109.297 42.5
      vertex -73.9336 109.278 42.5
      vertex -78.3088 120 42.5
    endloop
  endfacet
  facet normal 0 0 -1
    outer loop
      vertex -73.9336 109.278 42.5
      vertex -73.9977 109.256 42.5
      vertex -78.3088 120 42.5
    endloop
  endfacet
  facet normal 0 0 -1
    outer loop
      vertex -78.3088 120 42.5
      vertex -73.9977 109.256 42.5
      vertex -74.0607 109.231 42.5
    endloop
  endfacet
  facet normal 0 0 -1
    outer loop
      vertex -74.8424 108.515 42.5
      vertex -74.8723 108.454 42.5
      vertex -78.3088 120 42.5
    endloop
  endfacet
  facet normal 0 0 -1
    outer loop
      vertex -73.2652 106.263 42.5
      vertex -73.1984 106.273 42.5
      vertex -60.9696 55.4796 42.5
    endloop
  endfacet
  facet normal 0 0 -1
    outer loop
      vertex -73.1984 106.273 42.5
      vertex -73.1321 106.286 42.5
      vertex -60.9696 55.4796 42.5
    endloop
  endfacet
  facet normal 0 0 -1
    outer loop
      vertex -60.9696 55.4796 42.5
      vertex -73.1321 106.286 42.5
      vertex -73.0664 106.302 42.5
    endloop
  endfacet
  facet normal 0 0 -1
    outer loop
      vertex -72.6925 106.457 42.5
      vertex -72.6347 106.492 42.5
      vertex -60.9696 55.4796 42.5
    endloop
  endfacet
  facet normal 0 0 -1
    outer loop
      vertex -72.6347 106.492 42.5
      vertex -72.5785 106.53 42.5
      vertex -60.9696 55.4796 42.5
    endloop
  endfacet
  facet normal 0 0 -1
    outer loop
      vertex -60.9696 55.4796 42.5
      vertex -72.5785 106.53 42.5
      vertex -72.524 106.57 42.5
    endloop
  endfacet
  facet normal 0 0 -1
    outer loop
      vertex -72.0355 107.206 42.5
      vertex -72.011 107.269 42.5
      vertex -60.9696 120 42.5
    endloop
  endfacet
  facet normal 0 0 -1
    outer loop
      vertex -72.011 107.269 42.5
      vertex -71.9893 107.333 42.5
      vertex -60.9696 120 42.5
    endloop
  endfacet
  facet normal 0 0 -1
    outer loop
      vertex -60.9696 120 42.5
      vertex -71.9893 107.333 42.5
      vertex -71.9704 107.398 42.5
    endloop
  endfacet
  facet normal 0 0 -1
    outer loop
      vertex -71.9704 107.398 42.5
      vertex -71.9543 107.464 42.5
      vertex -60.9696 120 42.5
    endloop
  endfacet
  facet normal 0 0 -1
    outer loop
      vertex -71.9543 107.464 42.5
      vertex -71.9411 107.53 42.5
      vertex -60.9696 120 42.5
    endloop
  endfacet
  facet normal 0 0 -1
    outer loop
      vertex -60.9696 120 42.5
      vertex -71.9411 107.53 42.5
      vertex -71.9308 107.597 42.5
    endloop
  endfacet
  facet normal 0 0 -1
    outer loop
      vertex -71.9308 107.597 42.5
      vertex -71.9234 107.664 42.5
      vertex -60.9696 120 42.5
    endloop
  endfacet
  facet normal 0 0 -1
    outer loop
      vertex -71.9234 107.664 42.5
      vertex -71.919 107.732 42.5
      vertex -60.9696 120 42.5
    endloop
  endfacet
  facet normal 0 0 -1
    outer loop
      vertex -60.9696 120 42.5
      vertex -71.919 107.732 42.5
      vertex -71.9175 107.799 42.5
    endloop
  endfacet
  facet normal 0 0 -1
    outer loop
      vertex -71.9175 107.799 42.5
      vertex -71.919 107.867 42.5
      vertex -60.9696 120 42.5
    endloop
  endfacet
  facet normal 0 0 -1
    outer loop
      vertex -71.919 107.867 42.5
      vertex -71.9234 107.934 42.5
      vertex -60.9696 120 42.5
    endloop
  endfacet
  facet normal 0 0 -1
    outer loop
      vertex -60.9696 120 42.5
      vertex -71.9234 107.934 42.5
      vertex -71.9308 108.002 42.5
    endloop
  endfacet
  facet normal 0 0 -1
    outer loop
      vertex -74.8723 108.454 42.5
      vertex -74.8996 108.393 42.5
      vertex -78.3088 120 42.5
    endloop
  endfacet
  facet normal 0 0 -1
    outer loop
      vertex -74.8996 108.393 42.5
      vertex -74.9241 108.329 42.5
      vertex -78.3088 120 42.5
    endloop
  endfacet
  facet normal 0 0 -1
    outer loop
      vertex -78.3088 120 42.5
      vertex -74.9241 108.329 42.5
      vertex -74.9458 108.265 42.5
    endloop
  endfacet
  facet normal 0 0 -1
    outer loop
      vertex -35.0217 -45.2902 42.5
      vertex -35.0217 4.70975 42.5
      vertex -6.93889e-15 55.4796 42.5
    endloop
  endfacet
  facet normal 0 0 -1
    outer loop
      vertex -35.0217 4.70975 42.5
      vertex -60.9696 55.4796 42.5
      vertex -6.93889e-15 55.4796 42.5
    endloop
  endfacet
  facet normal 0 0 -1
    outer loop
      vertex -6.93889e-15 55.4796 42.5
      vertex -60.9696 55.4796 42.5
      vertex -60.9696 120 42.5
    endloop
  endfacet
  facet normal 0 0 -1
    outer loop
      vertex -60.9696 55.4796 42.5
      vertex -72.2802 106.803 42.5
      vertex -60.9696 120 42.5
    endloop
  endfacet
  facet normal 0 0 -1
    outer loop
      vertex -60.9696 120 42.5
      vertex -72.2802 106.803 42.5
      vertex -72.2378 106.856 42.5
    endloop
  endfacet
  facet normal 0 0 -1
    outer loop
      vertex -74.0607 109.231 42.5
      vertex -74.1226 109.204 42.5
      vertex -78.3088 120 42.5
    endloop
  endfacet
  facet normal 0 0 -1
    outer loop
      vertex -74.1226 109.204 42.5
      vertex -74.1833 109.174 42.5
      vertex -78.3088 120 42.5
    endloop
  endfacet
  facet normal 0 0 -1
    outer loop
      vertex -78.3088 120 42.5
      vertex -74.1833 109.174 42.5
      vertex -74.2425 109.142 42.5
    endloop
  endfacet
  facet normal 0 0 -1
    outer loop
      vertex -72.2378 106.856 42.5
      vertex -72.1979 106.91 42.5
      vertex -60.9696 120 42.5
    endloop
  endfacet
  facet normal 0 0 -1
    outer loop
      vertex -72.1979 106.91 42.5
      vertex -72.1603 106.967 42.5
      vertex -60.9696 120 42.5
    endloop
  endfacet
  facet normal 0 0 -1
    outer loop
      vertex -60.9696 120 42.5
      vertex -72.1603 106.967 42.5
      vertex -72.1252 107.024 42.5
    endloop
  endfacet
  facet normal 0 0 -1
    outer loop
      vertex -72.1252 107.024 42.5
      vertex -72.0927 107.084 42.5
      vertex -60.9696 120 42.5
    endloop
  endfacet
  facet normal 0 0 -1
    outer loop
      vertex -72.0927 107.084 42.5
      vertex -72.0628 107.144 42.5
      vertex -60.9696 120 42.5
    endloop
  endfacet
  facet normal 0 0 -1
    outer loop
      vertex -60.9696 120 42.5
      vertex -72.0628 107.144 42.5
      vertex -72.0355 107.206 42.5
    endloop
  endfacet
  facet normal 0 0 -1
    outer loop
      vertex -74.4111 109.029 42.5
      vertex -74.4639 108.987 42.5
      vertex -78.3088 120 42.5
    endloop
  endfacet
  facet normal 0 0 -1
    outer loop
      vertex -74.4639 108.987 42.5
      vertex -74.5147 108.942 42.5
      vertex -78.3088 120 42.5
    endloop
  endfacet
  facet normal 0 0 -1
    outer loop
      vertex -74.2425 109.142 42.5
      vertex -74.3004 109.107 42.5
      vertex -78.3088 120 42.5
    endloop
  endfacet
  facet normal 0 0 -1
    outer loop
      vertex -74.3004 109.107 42.5
      vertex -74.3566 109.069 42.5
      vertex -78.3088 120 42.5
    endloop
  endfacet
  facet normal 0 0 -1
    outer loop
      vertex -78.3088 120 42.5
      vertex -74.3566 109.069 42.5
      vertex -74.4111 109.029 42.5
    endloop
  endfacet
  facet normal 0 0 -1
    outer loop
      vertex -74.7372 108.688 42.5
      vertex -78.3088 120 42.5
      vertex -74.6972 108.743 42.5
    endloop
  endfacet
  facet normal 0 0 -1
    outer loop
      vertex -78.3088 120 42.5
      vertex -74.6549 108.796 42.5
      vertex -74.6972 108.743 42.5
    endloop
  endfacet
  facet normal 0 0 -1
    outer loop
      vertex -74.7372 108.688 42.5
      vertex -74.7748 108.632 42.5
      vertex -78.3088 120 42.5
    endloop
  endfacet
  facet normal 0 0 -1
    outer loop
      vertex -74.7748 108.632 42.5
      vertex -74.8099 108.574 42.5
      vertex -78.3088 120 42.5
    endloop
  endfacet
  facet normal 0 0 -1
    outer loop
      vertex -78.3088 120 42.5
      vertex -74.8099 108.574 42.5
      vertex -74.8424 108.515 42.5
    endloop
  endfacet
  facet normal 0 0 -1
    outer loop
      vertex -74.5147 108.942 42.5
      vertex -74.5636 108.895 42.5
      vertex -78.3088 120 42.5
    endloop
  endfacet
  facet normal 0 0 -1
    outer loop
      vertex -74.5636 108.895 42.5
      vertex -74.6103 108.847 42.5
      vertex -78.3088 120 42.5
    endloop
  endfacet
  facet normal 0 0 -1
    outer loop
      vertex -78.3088 120 42.5
      vertex -74.6103 108.847 42.5
      vertex -74.6549 108.796 42.5
    endloop
  endfacet
  facet normal 0 0 -1
    outer loop
      vertex -78.3088 -120 42.5
      vertex -81.6 -115.343 42.5
      vertex -78.3088 -115.343 42.5
    endloop
  endfacet
  facet normal 0 0 -1
    outer loop
      vertex -81.6 -115.343 42.5
      vertex -81.6 -76.4379 42.5
      vertex -78.3088 -115.343 42.5
    endloop
  endfacet
  facet normal 0 0 -1
    outer loop
      vertex -78.3088 -115.343 42.5
      vertex -81.6 -76.4379 42.5
      vertex -78.3088 -76.4379 42.5
    endloop
  endfacet
  facet normal 0 0 -1
    outer loop
      vertex -81.6 -76.4379 42.5
      vertex -81.6 55.4796 42.5
      vertex -78.3088 -76.4379 42.5
    endloop
  endfacet
  facet normal 0 0 -1
    outer loop
      vertex -78.3088 -76.4379 42.5
      vertex -81.6 55.4796 42.5
      vertex -78.3088 55.4796 42.5
    endloop
  endfacet
  facet normal 0 0 -1
    outer loop
      vertex -81.6 55.4796 42.5
      vertex -81.6 120 42.5
      vertex -78.3088 55.4796 42.5
    endloop
  endfacet
  facet normal 0 0 -1
    outer loop
      vertex -78.3088 55.4796 42.5
      vertex -81.6 120 42.5
      vertex -78.3088 120 42.5
    endloop
  endfacet
  facet normal -1 0 0
    outer loop
      vertex -81.6 -120 42.5
      vertex -81.6 -120 47.5
      vertex -81.6 -115.343 42.5
    endloop
  endfacet
  facet normal -1 0 0
    outer loop
      vertex -81.6 -120 47.5
      vertex -81.6 -115.343 47.5
      vertex -81.6 -115.343 42.5
    endloop
  endfacet
  facet normal -1 0 0
    outer loop
      vertex -81.6 -115.343 42.5
      vertex -81.6 -115.343 47.5
      vertex -81.6 -76.4379 42.5
    endloop
  endfacet
  facet normal -1 0 0
    outer loop
      vertex -81.6 -115.343 47.5
      vertex -81.6 -76.4379 47.5
      vertex -81.6 -76.4379 42.5
    endloop
  endfacet
  facet normal -1 0 0
    outer loop
      vertex -81.6 -76.4379 42.5
      vertex -81.6 -76.4379 47.5
      vertex -81.6 55.4796 42.5
    endloop
  endfacet
  facet normal -1 0 0
    outer loop
      vertex -81.6 -76.4379 47.5
      vertex -81.6 55.4796 47.5
      vertex -81.6 55.4796 42.5
    endloop
  endfacet
  facet normal -1 0 0
    outer loop
      vertex -81.6 55.4796 42.5
      vertex -81.6 55.4796 47.5
      vertex -81.6 120 42.5
    endloop
  endfacet
  facet normal -1 0 0
    outer loop
      vertex -81.6 55.4796 47.5
      vertex -81.6 120 47.5
      vertex -81.6 120 42.5
    endloop
  endfacet
  facet normal 0 -1 0
    outer loop
      vertex 81.6 -120 42.5
      vertex 81.6 -120 47.5
      vertex 66.8523 -120 42.5
    endloop
  endfacet
  facet normal 0 -1 0
    outer loop
      vertex 81.6 -120 47.5
      vertex 66.8523 -120 47.5
      vertex 66.8523 -120 42.5
    endloop
  endfacet
  facet normal 0 -1 0
    outer loop
      vertex 66.8523 -120 42.5
      vertex 66.8523 -120 47.5
      vertex 58.2069 -120 42.5
    endloop
  endfacet
  facet normal 0 -1 0
    outer loop
      vertex 66.8523 -120 47.5
      vertex 58.2069 -120 47.5
      vertex 58.2069 -120 42.5
    endloop
  endfacet
  facet normal 0 -1 0
    outer loop
      vertex 58.2069 -120 42.5
      vertex 58.2069 -120 47.5
      vertex -6.93889e-15 -120 42.5
    endloop
  endfacet
  facet normal 0 -1 0
    outer loop
      vertex 58.2069 -120 47.5
      vertex -6.93889e-15 -120 47.5
      vertex -6.93889e-15 -120 42.5
    endloop
  endfacet
  facet normal 0 -1 0
    outer loop
      vertex -6.93889e-15 -120 42.5
      vertex -6.93889e-15 -120 47.5
      vertex -60.9696 -120 42.5
    endloop
  endfacet
  facet normal 0 -1 0
    outer loop
      vertex -6.93889e-15 -120 47.5
      vertex -60.9696 -120 47.5
      vertex -60.9696 -120 42.5
    endloop
  endfacet
  facet normal 0 -1 0
    outer loop
      vertex -60.9696 -120 42.5
      vertex -60.9696 -120 47.5
      vertex -78.3088 -120 42.5
    endloop
  endfacet
  facet normal 0 -1 0
    outer loop
      vertex -60.9696 -120 47.5
      vertex -78.3088 -120 47.5
      vertex -78.3088 -120 42.5
    endloop
  endfacet
  facet normal 0 -1 0
    outer loop
      vertex -78.3088 -120 42.5
      vertex -78.3088 -120 47.5
      vertex -81.6 -120 42.5
    endloop
  endfacet
  facet normal 0 -1 0
    outer loop
      vertex -78.3088 -120 47.5
      vertex -81.6 -120 47.5
      vertex -81.6 -120 42.5
    endloop
  endfacet
  facet normal 1 0 0
    outer loop
      vertex 81.6 120 42.5
      vertex 81.6 120 47.5
      vertex 81.6 55.4796 42.5
    endloop
  endfacet
  facet normal 1 0 0
    outer loop
      vertex 81.6 120 47.5
      vertex 81.6 55.4796 47.5
      vertex 81.6 55.4796 42.5
    endloop
  endfacet
  facet normal 1 0 0
    outer loop
      vertex 81.6 55.4796 42.5
      vertex 81.6 55.4796 47.5
      vertex 81.6 -76.4379 42.5
    endloop
  endfacet
  facet normal 1 0 0
    outer loop
      vertex 81.6 55.4796 47.5
      vertex 81.6 -76.4379 47.5
      vertex 81.6 -76.4379 42.5
    endloop
  endfacet
  facet normal 1 0 0
    outer loop
      vertex 81.6 -76.4379 42.5
      vertex 81.6 -76.4379 47.5
      vertex 81.6 -115.343 42.5
    endloop
  endfacet
  facet normal 1 0 0
    outer loop
      vertex 81.6 -76.4379 47.5
      vertex 81.6 -115.343 47.5
      vertex 81.6 -115.343 42.5
    endloop
  endfacet
  facet normal 1 0 0
    outer loop
      vertex 81.6 -115.343 42.5
      vertex 81.6 -115.343 47.5
      vertex 81.6 -120 42.5
    endloop
  endfacet
  facet normal 1 0 0
    outer loop
      vertex 81.6 -115.343 47.5
      vertex 81.6 -120 47.5
      vertex 81.6 -120 42.5
    endloop
  endfacet
  facet normal -0.999762 -0.0218154 0
    outer loop
      vertex -71.9175 107.799 42.5
      vertex -71.9175 107.799 47.5
      vertex -71.919 107.867 42.5
    endloop
  endfacet
  facet normal -0.999762 -0.0218154 0
    outer loop
      vertex -71.9175 107.799 47.5
      vertex -71.919 107.867 47.5
      vertex -71.919 107.867 42.5
    endloop
  endfacet
  facet normal -0.997864 -0.0653271 0
    outer loop
      vertex -71.919 107.867 42.5
      vertex -71.919 107.867 47.5
      vertex -71.9234 107.934 42.5
    endloop
  endfacet
  facet normal -0.997864 -0.0653271 0
    outer loop
      vertex -71.919 107.867 47.5
      vertex -71.9234 107.934 47.5
      vertex -71.9234 107.934 42.5
    endloop
  endfacet
  facet normal -0.994057 -0.108859 0
    outer loop
      vertex -71.9234 107.934 42.5
      vertex -71.9234 107.934 47.5
      vertex -71.9308 108.002 42.5
    endloop
  endfacet
  facet normal -0.994057 -0.108859 0
    outer loop
      vertex -71.9234 107.934 47.5
      vertex -71.9308 108.002 47.5
      vertex -71.9308 108.002 42.5
    endloop
  endfacet
  facet normal -0.988358 -0.152148 0
    outer loop
      vertex -71.9308 108.002 42.5
      vertex -71.9308 108.002 47.5
      vertex -71.9411 108.069 42.5
    endloop
  endfacet
  facet normal -0.988358 -0.152148 0
    outer loop
      vertex -71.9308 108.002 47.5
      vertex -71.9411 108.069 47.5
      vertex -71.9411 108.069 42.5
    endloop
  endfacet
  facet normal -0.980784 -0.195099 0
    outer loop
      vertex -71.9411 108.069 42.5
      vertex -71.9411 108.069 47.5
      vertex -71.9543 108.135 42.5
    endloop
  endfacet
  facet normal -0.980784 -0.195099 0
    outer loop
      vertex -71.9411 108.069 47.5
      vertex -71.9543 108.135 47.5
      vertex -71.9543 108.135 42.5
    endloop
  endfacet
  facet normal -0.971349 -0.237659 0
    outer loop
      vertex -71.9543 108.135 42.5
      vertex -71.9543 108.135 47.5
      vertex -71.9704 108.201 42.5
    endloop
  endfacet
  facet normal -0.971349 -0.237659 0
    outer loop
      vertex -71.9543 108.135 47.5
      vertex -71.9704 108.201 47.5
      vertex -71.9704 108.201 42.5
    endloop
  endfacet
  facet normal -0.960047 -0.279839 0
    outer loop
      vertex -71.9704 108.201 42.5
      vertex -71.9704 108.201 47.5
      vertex -71.9893 108.265 42.5
    endloop
  endfacet
  facet normal -0.960047 -0.279839 0
    outer loop
      vertex -71.9704 108.201 47.5
      vertex -71.9893 108.265 47.5
      vertex -71.9893 108.265 42.5
    endloop
  endfacet
  facet normal -0.946917 -0.321478 0
    outer loop
      vertex -71.9893 108.265 42.5
      vertex -71.9893 108.265 47.5
      vertex -72.011 108.329 42.5
    endloop
  endfacet
  facet normal -0.946917 -0.321478 0
    outer loop
      vertex -71.9893 108.265 47.5
      vertex -72.011 108.329 47.5
      vertex -72.011 108.329 42.5
    endloop
  endfacet
  facet normal -0.932027 -0.362388 0
    outer loop
      vertex -72.011 108.329 42.5
      vertex -72.011 108.329 47.5
      vertex -72.0355 108.393 42.5
    endloop
  endfacet
  facet normal -0.932027 -0.362388 0
    outer loop
      vertex -72.011 108.329 47.5
      vertex -72.0355 108.393 47.5
      vertex -72.0355 108.393 42.5
    endloop
  endfacet
  facet normal -0.915296 -0.402783 0
    outer loop
      vertex -72.0355 108.393 42.5
      vertex -72.0355 108.393 47.5
      vertex -72.0628 108.454 42.5
    endloop
  endfacet
  facet normal -0.915296 -0.402783 0
    outer loop
      vertex -72.0355 108.393 47.5
      vertex -72.0628 108.454 47.5
      vertex -72.0628 108.454 42.5
    endloop
  endfacet
  facet normal -0.896859 -0.442316 0
    outer loop
      vertex -72.0628 108.454 42.5
      vertex -72.0628 108.454 47.5
      vertex -72.0927 108.515 42.5
    endloop
  endfacet
  facet normal -0.896859 -0.442316 0
    outer loop
      vertex -72.0628 108.454 47.5
      vertex -72.0927 108.515 47.5
      vertex -72.0927 108.515 42.5
    endloop
  endfacet
  facet normal -0.876769 -0.480912 0
    outer loop
      vertex -72.0927 108.515 42.5
      vertex -72.0927 108.515 47.5
      vertex -72.1252 108.574 42.5
    endloop
  endfacet
  facet normal -0.876769 -0.480912 0
    outer loop
      vertex -72.0927 108.515 47.5
      vertex -72.1252 108.574 47.5
      vertex -72.1252 108.574 42.5
    endloop
  endfacet
  facet normal -0.854877 -0.518831 0
    outer loop
      vertex -72.1252 108.574 42.5
      vertex -72.1252 108.574 47.5
      vertex -72.1603 108.632 42.5
    endloop
  endfacet
  facet normal -0.854877 -0.518831 0
    outer loop
      vertex -72.1252 108.574 47.5
      vertex -72.1603 108.632 47.5
      vertex -72.1603 108.632 42.5
    endloop
  endfacet
  facet normal -0.831457 -0.55559 0
    outer loop
      vertex -72.1603 108.632 42.5
      vertex -72.1603 108.632 47.5
      vertex -72.1979 108.688 42.5
    endloop
  endfacet
  facet normal -0.831457 -0.55559 0
    outer loop
      vertex -72.1603 108.632 47.5
      vertex -72.1979 108.688 47.5
      vertex -72.1979 108.688 42.5
    endloop
  endfacet
  facet normal -0.806458 -0.591292 0
    outer loop
      vertex -72.1979 108.688 42.5
      vertex -72.1979 108.688 47.5
      vertex -72.2378 108.743 42.5
    endloop
  endfacet
  facet normal -0.806458 -0.591292 0
    outer loop
      vertex -72.1979 108.688 47.5
      vertex -72.2378 108.743 47.5
      vertex -72.2378 108.743 42.5
    endloop
  endfacet
  facet normal -0.779911 -0.62589 0
    outer loop
      vertex -72.2378 108.743 42.5
      vertex -72.2378 108.743 47.5
      vertex -72.2802 108.796 42.5
    endloop
  endfacet
  facet normal -0.779911 -0.62589 0
    outer loop
      vertex -72.2378 108.743 47.5
      vertex -72.2802 108.796 47.5
      vertex -72.2802 108.796 42.5
    endloop
  endfacet
  facet normal -0.751812 -0.659378 0
    outer loop
      vertex -72.2802 108.796 42.5
      vertex -72.2802 108.796 47.5
      vertex -72.3248 108.847 42.5
    endloop
  endfacet
  facet normal -0.751812 -0.659378 0
    outer loop
      vertex -72.2802 108.796 47.5
      vertex -72.3248 108.847 47.5
      vertex -72.3248 108.847 42.5
    endloop
  endfacet
  facet normal -0.722417 -0.691458 0
    outer loop
      vertex -72.3248 108.847 42.5
      vertex -72.3248 108.847 47.5
      vertex -72.3715 108.895 42.5
    endloop
  endfacet
  facet normal -0.722417 -0.691458 0
    outer loop
      vertex -72.3248 108.847 47.5
      vertex -72.3715 108.895 47.5
      vertex -72.3715 108.895 42.5
    endloop
  endfacet
  facet normal -0.691458 -0.722417 0
    outer loop
      vertex -72.3715 108.895 42.5
      vertex -72.3715 108.895 47.5
      vertex -72.4204 108.942 42.5
    endloop
  endfacet
  facet normal -0.691458 -0.722417 0
    outer loop
      vertex -72.3715 108.895 47.5
      vertex -72.4204 108.942 47.5
      vertex -72.4204 108.942 42.5
    endloop
  endfacet
  facet normal -0.659378 -0.751812 0
    outer loop
      vertex -72.4204 108.942 42.5
      vertex -72.4204 108.942 47.5
      vertex -72.4712 108.987 42.5
    endloop
  endfacet
  facet normal -0.659378 -0.751812 0
    outer loop
      vertex -72.4204 108.942 47.5
      vertex -72.4712 108.987 47.5
      vertex -72.4712 108.987 42.5
    endloop
  endfacet
  facet normal -0.62589 -0.779911 0
    outer loop
      vertex -72.4712 108.987 42.5
      vertex -72.4712 108.987 47.5
      vertex -72.524 109.029 42.5
    endloop
  endfacet
  facet normal -0.62589 -0.779911 0
    outer loop
      vertex -72.4712 108.987 47.5
      vertex -72.524 109.029 47.5
      vertex -72.524 109.029 42.5
    endloop
  endfacet
  facet normal -0.591292 -0.806458 0
    outer loop
      vertex -72.524 109.029 42.5
      vertex -72.524 109.029 47.5
      vertex -72.5785 109.069 42.5
    endloop
  endfacet
  facet normal -0.591292 -0.806458 0
    outer loop
      vertex -72.524 109.029 47.5
      vertex -72.5785 109.069 47.5
      vertex -72.5785 109.069 42.5
    endloop
  endfacet
  facet normal -0.55559 -0.831457 0
    outer loop
      vertex -72.5785 109.069 42.5
      vertex -72.5785 109.069 47.5
      vertex -72.6347 109.107 42.5
    endloop
  endfacet
  facet normal -0.55559 -0.831457 0
    outer loop
      vertex -72.5785 109.069 47.5
      vertex -72.6347 109.107 47.5
      vertex -72.6347 109.107 42.5
    endloop
  endfacet
  facet normal -0.518831 -0.854877 0
    outer loop
      vertex -72.6347 109.107 42.5
      vertex -72.6347 109.107 47.5
      vertex -72.6925 109.142 42.5
    endloop
  endfacet
  facet normal -0.518831 -0.854877 0
    outer loop
      vertex -72.6347 109.107 47.5
      vertex -72.6925 109.142 47.5
      vertex -72.6925 109.142 42.5
    endloop
  endfacet
  facet normal -0.480912 -0.876769 0
    outer loop
      vertex -72.6925 109.142 42.5
      vertex -72.6925 109.142 47.5
      vertex -72.7518 109.174 42.5
    endloop
  endfacet
  facet normal -0.480912 -0.876769 0
    outer loop
      vertex -72.6925 109.142 47.5
      vertex -72.7518 109.174 47.5
      vertex -72.7518 109.174 42.5
    endloop
  endfacet
  facet normal -0.442316 -0.896859 0
    outer loop
      vertex -72.7518 109.174 42.5
      vertex -72.7518 109.174 47.5
      vertex -72.8125 109.204 42.5
    endloop
  endfacet
  facet normal -0.442316 -0.896859 0
    outer loop
      vertex -72.7518 109.174 47.5
      vertex -72.8125 109.204 47.5
      vertex -72.8125 109.204 42.5
    endloop
  endfacet
  facet normal -0.402783 -0.915296 0
    outer loop
      vertex -72.8125 109.204 42.5
      vertex -72.8125 109.204 47.5
      vertex -72.8744 109.231 42.5
    endloop
  endfacet
  facet normal -0.402783 -0.915296 0
    outer loop
      vertex -72.8125 109.204 47.5
      vertex -72.8744 109.231 47.5
      vertex -72.8744 109.231 42.5
    endloop
  endfacet
  facet normal -0.362388 -0.932027 0
    outer loop
      vertex -72.8744 109.231 42.5
      vertex -72.8744 109.231 47.5
      vertex -72.9374 109.256 42.5
    endloop
  endfacet
  facet normal -0.362388 -0.932027 0
    outer loop
      vertex -72.8744 109.231 47.5
      vertex -72.9374 109.256 47.5
      vertex -72.9374 109.256 42.5
    endloop
  endfacet
  facet normal -0.321478 -0.946917 0
    outer loop
      vertex -72.9374 109.256 42.5
      vertex -72.9374 109.256 47.5
      vertex -73.0015 109.278 42.5
    endloop
  endfacet
  facet normal -0.321478 -0.946917 0
    outer loop
      vertex -72.9374 109.256 47.5
      vertex -73.0015 109.278 47.5
      vertex -73.0015 109.278 42.5
    endloop
  endfacet
  facet normal -0.279839 -0.960047 0
    outer loop
      vertex -73.0015 109.278 42.5
      vertex -73.0015 109.278 47.5
      vertex -73.0664 109.297 42.5
    endloop
  endfacet
  facet normal -0.279839 -0.960047 0
    outer loop
      vertex -73.0015 109.278 47.5
      vertex -73.0664 109.297 47.5
      vertex -73.0664 109.297 42.5
    endloop
  endfacet
  facet normal -0.237659 -0.971349 0
    outer loop
      vertex -73.0664 109.297 42.5
      vertex -73.0664 109.297 47.5
      vertex -73.1321 109.313 42.5
    endloop
  endfacet
  facet normal -0.237659 -0.971349 0
    outer loop
      vertex -73.0664 109.297 47.5
      vertex -73.1321 109.313 47.5
      vertex -73.1321 109.313 42.5
    endloop
  endfacet
  facet normal -0.195099 -0.980784 0
    outer loop
      vertex -73.1321 109.313 42.5
      vertex -73.1321 109.313 47.5
      vertex -73.1984 109.326 42.5
    endloop
  endfacet
  facet normal -0.195099 -0.980784 0
    outer loop
      vertex -73.1321 109.313 47.5
      vertex -73.1984 109.326 47.5
      vertex -73.1984 109.326 42.5
    endloop
  endfacet
  facet normal -0.152148 -0.988358 0
    outer loop
      vertex -73.1984 109.326 42.5
      vertex -73.1984 109.326 47.5
      vertex -73.2652 109.336 42.5
    endloop
  endfacet
  facet normal -0.152148 -0.988358 0
    outer loop
      vertex -73.1984 109.326 47.5
      vertex -73.2652 109.336 47.5
      vertex -73.2652 109.336 42.5
    endloop
  endfacet
  facet normal -0.108859 -0.994057 0
    outer loop
      vertex -73.2652 109.336 42.5
      vertex -73.2652 109.336 47.5
      vertex -73.3325 109.343 42.5
    endloop
  endfacet
  facet normal -0.108859 -0.994057 0
    outer loop
      vertex -73.2652 109.336 47.5
      vertex -73.3325 109.343 47.5
      vertex -73.3325 109.343 42.5
    endloop
  endfacet
  facet normal -0.0653271 -0.997864 0
    outer loop
      vertex -73.3325 109.343 42.5
      vertex -73.3325 109.343 47.5
      vertex -73.3999 109.348 42.5
    endloop
  endfacet
  facet normal -0.0653271 -0.997864 0
    outer loop
      vertex -73.3325 109.343 47.5
      vertex -73.3999 109.348 47.5
      vertex -73.3999 109.348 42.5
    endloop
  endfacet
  facet normal -0.0218154 -0.999762 0
    outer loop
      vertex -73.3999 109.348 42.5
      vertex -73.3999 109.348 47.5
      vertex -73.4675 109.349 42.5
    endloop
  endfacet
  facet normal -0.0218154 -0.999762 0
    outer loop
      vertex -73.3999 109.348 47.5
      vertex -73.4675 109.349 47.5
      vertex -73.4675 109.349 42.5
    endloop
  endfacet
  facet normal 0.0218154 -0.999762 0
    outer loop
      vertex -73.4675 109.349 42.5
      vertex -73.4675 109.349 47.5
      vertex -73.5352 109.348 42.5
    endloop
  endfacet
  facet normal 0.0218154 -0.999762 0
    outer loop
      vertex -73.4675 109.349 47.5
      vertex -73.5352 109.348 47.5
      vertex -73.5352 109.348 42.5
    endloop
  endfacet
  facet normal 0.0653271 -0.997864 0
    outer loop
      vertex -73.5352 109.348 42.5
      vertex -73.5352 109.348 47.5
      vertex -73.6026 109.343 42.5
    endloop
  endfacet
  facet normal 0.0653271 -0.997864 0
    outer loop
      vertex -73.5352 109.348 47.5
      vertex -73.6026 109.343 47.5
      vertex -73.6026 109.343 42.5
    endloop
  endfacet
  facet normal 0.108859 -0.994057 0
    outer loop
      vertex -73.6026 109.343 42.5
      vertex -73.6026 109.343 47.5
      vertex -73.6699 109.336 42.5
    endloop
  endfacet
  facet normal 0.108859 -0.994057 0
    outer loop
      vertex -73.6026 109.343 47.5
      vertex -73.6699 109.336 47.5
      vertex -73.6699 109.336 42.5
    endloop
  endfacet
  facet normal 0.152148 -0.988358 0
    outer loop
      vertex -73.6699 109.336 42.5
      vertex -73.6699 109.336 47.5
      vertex -73.7367 109.326 42.5
    endloop
  endfacet
  facet normal 0.152148 -0.988358 0
    outer loop
      vertex -73.6699 109.336 47.5
      vertex -73.7367 109.326 47.5
      vertex -73.7367 109.326 42.5
    endloop
  endfacet
  facet normal 0.195099 -0.980784 0
    outer loop
      vertex -73.7367 109.326 42.5
      vertex -73.7367 109.326 47.5
      vertex -73.803 109.313 42.5
    endloop
  endfacet
  facet normal 0.195099 -0.980784 0
    outer loop
      vertex -73.7367 109.326 47.5
      vertex -73.803 109.313 47.5
      vertex -73.803 109.313 42.5
    endloop
  endfacet
  facet normal 0.237659 -0.971349 0
    outer loop
      vertex -73.803 109.313 42.5
      vertex -73.803 109.313 47.5
      vertex -73.8687 109.297 42.5
    endloop
  endfacet
  facet normal 0.237659 -0.971349 0
    outer loop
      vertex -73.803 109.313 47.5
      vertex -73.8687 109.297 47.5
      vertex -73.8687 109.297 42.5
    endloop
  endfacet
  facet normal 0.279839 -0.960047 0
    outer loop
      vertex -73.8687 109.297 42.5
      vertex -73.8687 109.297 47.5
      vertex -73.9336 109.278 42.5
    endloop
  endfacet
  facet normal 0.279839 -0.960047 0
    outer loop
      vertex -73.8687 109.297 47.5
      vertex -73.9336 109.278 47.5
      vertex -73.9336 109.278 42.5
    endloop
  endfacet
  facet normal 0.321478 -0.946917 0
    outer loop
      vertex -73.9336 109.278 42.5
      vertex -73.9336 109.278 47.5
      vertex -73.9977 109.256 42.5
    endloop
  endfacet
  facet normal 0.321478 -0.946917 0
    outer loop
      vertex -73.9336 109.278 47.5
      vertex -73.9977 109.256 47.5
      vertex -73.9977 109.256 42.5
    endloop
  endfacet
  facet normal 0.362388 -0.932027 0
    outer loop
      vertex -73.9977 109.256 42.5
      vertex -73.9977 109.256 47.5
      vertex -74.0607 109.231 42.5
    endloop
  endfacet
  facet normal 0.362388 -0.932027 0
    outer loop
      vertex -73.9977 109.256 47.5
      vertex -74.0607 109.231 47.5
      vertex -74.0607 109.231 42.5
    endloop
  endfacet
  facet normal 0.402783 -0.915296 0
    outer loop
      vertex -74.0607 109.231 42.5
      vertex -74.0607 109.231 47.5
      vertex -74.1226 109.204 42.5
    endloop
  endfacet
  facet normal 0.402783 -0.915296 0
    outer loop
      vertex -74.0607 109.231 47.5
      vertex -74.1226 109.204 47.5
      vertex -74.1226 109.204 42.5
    endloop
  endfacet
  facet normal 0.442316 -0.896859 0
    outer loop
      vertex -74.1226 109.204 42.5
      vertex -74.1226 109.204 47.5
      vertex -74.1833 109.174 42.5
    endloop
  endfacet
  facet normal 0.442316 -0.896859 0
    outer loop
      vertex -74.1226 109.204 47.5
      vertex -74.1833 109.174 47.5
      vertex -74.1833 109.174 42.5
    endloop
  endfacet
  facet normal 0.480912 -0.876769 0
    outer loop
      vertex -74.1833 109.174 42.5
      vertex -74.1833 109.174 47.5
      vertex -74.2425 109.142 42.5
    endloop
  endfacet
  facet normal 0.480912 -0.876769 0
    outer loop
      vertex -74.1833 109.174 47.5
      vertex -74.2425 109.142 47.5
      vertex -74.2425 109.142 42.5
    endloop
  endfacet
  facet normal 0.518831 -0.854877 0
    outer loop
      vertex -74.2425 109.142 42.5
      vertex -74.2425 109.142 47.5
      vertex -74.3004 109.107 42.5
    endloop
  endfacet
  facet normal 0.518831 -0.854877 0
    outer loop
      vertex -74.2425 109.142 47.5
      vertex -74.3004 109.107 47.5
      vertex -74.3004 109.107 42.5
    endloop
  endfacet
  facet normal 0.55559 -0.831457 0
    outer loop
      vertex -74.3004 109.107 42.5
      vertex -74.3004 109.107 47.5
      vertex -74.3566 109.069 42.5
    endloop
  endfacet
  facet normal 0.55559 -0.831457 0
    outer loop
      vertex -74.3004 109.107 47.5
      vertex -74.3566 109.069 47.5
      vertex -74.3566 109.069 42.5
    endloop
  endfacet
  facet normal 0.591292 -0.806458 0
    outer loop
      vertex -74.3566 109.069 42.5
      vertex -74.3566 109.069 47.5
      vertex -74.4111 109.029 42.5
    endloop
  endfacet
  facet normal 0.591292 -0.806458 0
    outer loop
      vertex -74.3566 109.069 47.5
      vertex -74.4111 109.029 47.5
      vertex -74.4111 109.029 42.5
    endloop
  endfacet
  facet normal 0.62589 -0.779911 0
    outer loop
      vertex -74.4111 109.029 42.5
      vertex -74.4111 109.029 47.5
      vertex -74.4639 108.987 42.5
    endloop
  endfacet
  facet normal 0.62589 -0.779911 0
    outer loop
      vertex -74.4111 109.029 47.5
      vertex -74.4639 108.987 47.5
      vertex -74.4639 108.987 42.5
    endloop
  endfacet
  facet normal 0.659378 -0.751812 0
    outer loop
      vertex -74.4639 108.987 42.5
      vertex -74.4639 108.987 47.5
      vertex -74.5147 108.942 42.5
    endloop
  endfacet
  facet normal 0.659378 -0.751812 0
    outer loop
      vertex -74.4639 108.987 47.5
      vertex -74.5147 108.942 47.5
      vertex -74.5147 108.942 42.5
    endloop
  endfacet
  facet normal 0.691458 -0.722417 0
    outer loop
      vertex -74.5147 108.942 42.5
      vertex -74.5147 108.942 47.5
      vertex -74.5636 108.895 42.5
    endloop
  endfacet
  facet normal 0.691458 -0.722417 0
    outer loop
      vertex -74.5147 108.942 47.5
      vertex -74.5636 108.895 47.5
      vertex -74.5636 108.895 42.5
    endloop
  endfacet
  facet normal 0.722417 -0.691458 0
    outer loop
      vertex -74.5636 108.895 42.5
      vertex -74.5636 108.895 47.5
      vertex -74.6103 108.847 42.5
    endloop
  endfacet
  facet normal 0.722417 -0.691458 0
    outer loop
      vertex -74.5636 108.895 47.5
      vertex -74.6103 108.847 47.5
      vertex -74.6103 108.847 42.5
    endloop
  endfacet
  facet normal 0.751812 -0.659378 0
    outer loop
      vertex -74.6103 108.847 42.5
      vertex -74.6103 108.847 47.5
      vertex -74.6549 108.796 42.5
    endloop
  endfacet
  facet normal 0.751812 -0.659378 0
    outer loop
      vertex -74.6103 108.847 47.5
      vertex -74.6549 108.796 47.5
      vertex -74.6549 108.796 42.5
    endloop
  endfacet
  facet normal 0.779911 -0.62589 0
    outer loop
      vertex -74.6549 108.796 42.5
      vertex -74.6549 108.796 47.5
      vertex -74.6972 108.743 42.5
    endloop
  endfacet
  facet normal 0.779911 -0.62589 0
    outer loop
      vertex -74.6549 108.796 47.5
      vertex -74.6972 108.743 47.5
      vertex -74.6972 108.743 42.5
    endloop
  endfacet
  facet normal 0.806458 -0.591292 0
    outer loop
      vertex -74.6972 108.743 42.5
      vertex -74.6972 108.743 47.5
      vertex -74.7372 108.688 42.5
    endloop
  endfacet
  facet normal 0.806458 -0.591292 0
    outer loop
      vertex -74.6972 108.743 47.5
      vertex -74.7372 108.688 47.5
      vertex -74.7372 108.688 42.5
    endloop
  endfacet
  facet normal 0.831457 -0.55559 0
    outer loop
      vertex -74.7372 108.688 42.5
      vertex -74.7372 108.688 47.5
      vertex -74.7748 108.632 42.5
    endloop
  endfacet
  facet normal 0.831457 -0.55559 0
    outer loop
      vertex -74.7372 108.688 47.5
      vertex -74.7748 108.632 47.5
      vertex -74.7748 108.632 42.5
    endloop
  endfacet
  facet normal 0.854877 -0.518831 0
    outer loop
      vertex -74.7748 108.632 42.5
      vertex -74.7748 108.632 47.5
      vertex -74.8099 108.574 42.5
    endloop
  endfacet
  facet normal 0.854877 -0.518831 0
    outer loop
      vertex -74.7748 108.632 47.5
      vertex -74.8099 108.574 47.5
      vertex -74.8099 108.574 42.5
    endloop
  endfacet
  facet normal 0.876769 -0.480912 0
    outer loop
      vertex -74.8099 108.574 42.5
      vertex -74.8099 108.574 47.5
      vertex -74.8424 108.515 42.5
    endloop
  endfacet
  facet normal 0.876769 -0.480912 0
    outer loop
      vertex -74.8099 108.574 47.5
      vertex -74.8424 108.515 47.5
      vertex -74.8424 108.515 42.5
    endloop
  endfacet
  facet normal 0.896859 -0.442316 0
    outer loop
      vertex -74.8424 108.515 42.5
      vertex -74.8424 108.515 47.5
      vertex -74.8723 108.454 42.5
    endloop
  endfacet
  facet normal 0.896859 -0.442316 0
    outer loop
      vertex -74.8424 108.515 47.5
      vertex -74.8723 108.454 47.5
      vertex -74.8723 108.454 42.5
    endloop
  endfacet
  facet normal 0.915296 -0.402783 0
    outer loop
      vertex -74.8723 108.454 42.5
      vertex -74.8723 108.454 47.5
      vertex -74.8996 108.393 42.5
    endloop
  endfacet
  facet normal 0.915296 -0.402783 0
    outer loop
      vertex -74.8723 108.454 47.5
      vertex -74.8996 108.393 47.5
      vertex -74.8996 108.393 42.5
    endloop
  endfacet
  facet normal 0.932027 -0.362388 0
    outer loop
      vertex -74.8996 108.393 42.5
      vertex -74.8996 108.393 47.5
      vertex -74.9241 108.329 42.5
    endloop
  endfacet
  facet normal 0.932027 -0.362388 0
    outer loop
      vertex -74.8996 108.393 47.5
      vertex -74.9241 108.329 47.5
      vertex -74.9241 108.329 42.5
    endloop
  endfacet
  facet normal 0.946917 -0.321478 0
    outer loop
      vertex -74.9241 108.329 42.5
      vertex -74.9241 108.329 47.5
      vertex -74.9458 108.265 42.5
    endloop
  endfacet
  facet normal 0.946917 -0.321478 0
    outer loop
      vertex -74.9241 108.329 47.5
      vertex -74.9458 108.265 47.5
      vertex -74.9458 108.265 42.5
    endloop
  endfacet
  facet normal 0.960047 -0.279839 0
    outer loop
      vertex -74.9458 108.265 42.5
      vertex -74.9458 108.265 47.5
      vertex -74.9647 108.201 42.5
    endloop
  endfacet
  facet normal 0.960047 -0.279839 0
    outer loop
      vertex -74.9458 108.265 47.5
      vertex -74.9647 108.201 47.5
      vertex -74.9647 108.201 42.5
    endloop
  endfacet
  facet normal 0.971349 -0.237659 0
    outer loop
      vertex -74.9647 108.201 42.5
      vertex -74.9647 108.201 47.5
      vertex -74.9808 108.135 42.5
    endloop
  endfacet
  facet normal 0.971349 -0.237659 0
    outer loop
      vertex -74.9647 108.201 47.5
      vertex -74.9808 108.135 47.5
      vertex -74.9808 108.135 42.5
    endloop
  endfacet
  facet normal 0.980784 -0.195099 0
    outer loop
      vertex -74.9808 108.135 42.5
      vertex -74.9808 108.135 47.5
      vertex -74.994 108.069 42.5
    endloop
  endfacet
  facet normal 0.980784 -0.195099 0
    outer loop
      vertex -74.9808 108.135 47.5
      vertex -74.994 108.069 47.5
      vertex -74.994 108.069 42.5
    endloop
  endfacet
  facet normal 0.988358 -0.152148 0
    outer loop
      vertex -74.994 108.069 42.5
      vertex -74.994 108.069 47.5
      vertex -75.0043 108.002 42.5
    endloop
  endfacet
  facet normal 0.988358 -0.152148 0
    outer loop
      vertex -74.994 108.069 47.5
      vertex -75.0043 108.002 47.5
      vertex -75.0043 108.002 42.5
    endloop
  endfacet
  facet normal 0.994057 -0.108859 0
    outer loop
      vertex -75.0043 108.002 42.5
      vertex -75.0043 108.002 47.5
      vertex -75.0116 107.934 42.5
    endloop
  endfacet
  facet normal 0.994057 -0.108859 0
    outer loop
      vertex -75.0043 108.002 47.5
      vertex -75.0116 107.934 47.5
      vertex -75.0116 107.934 42.5
    endloop
  endfacet
  facet normal 0.997864 -0.0653271 0
    outer loop
      vertex -75.0116 107.934 42.5
      vertex -75.0116 107.934 47.5
      vertex -75.0161 107.867 42.5
    endloop
  endfacet
  facet normal 0.997864 -0.0653271 0
    outer loop
      vertex -75.0116 107.934 47.5
      vertex -75.0161 107.867 47.5
      vertex -75.0161 107.867 42.5
    endloop
  endfacet
  facet normal 0.999762 -0.0218154 0
    outer loop
      vertex -75.0161 107.867 42.5
      vertex -75.0161 107.867 47.5
      vertex -75.0175 107.799 42.5
    endloop
  endfacet
  facet normal 0.999762 -0.0218154 0
    outer loop
      vertex -75.0161 107.867 47.5
      vertex -75.0175 107.799 47.5
      vertex -75.0175 107.799 42.5
    endloop
  endfacet
  facet normal 0.999762 0.0218154 0
    outer loop
      vertex -75.0175 107.799 42.5
      vertex -75.0175 107.799 47.5
      vertex -75.0161 107.732 42.5
    endloop
  endfacet
  facet normal 0.999762 0.0218154 0
    outer loop
      vertex -75.0175 107.799 47.5
      vertex -75.0161 107.732 47.5
      vertex -75.0161 107.732 42.5
    endloop
  endfacet
  facet normal 0.997864 0.0653271 0
    outer loop
      vertex -75.0161 107.732 42.5
      vertex -75.0161 107.732 47.5
      vertex -75.0116 107.664 42.5
    endloop
  endfacet
  facet normal 0.997864 0.0653271 0
    outer loop
      vertex -75.0161 107.732 47.5
      vertex -75.0116 107.664 47.5
      vertex -75.0116 107.664 42.5
    endloop
  endfacet
  facet normal 0.994057 0.108859 0
    outer loop
      vertex -75.0116 107.664 42.5
      vertex -75.0116 107.664 47.5
      vertex -75.0043 107.597 42.5
    endloop
  endfacet
  facet normal 0.994057 0.108859 0
    outer loop
      vertex -75.0116 107.664 47.5
      vertex -75.0043 107.597 47.5
      vertex -75.0043 107.597 42.5
    endloop
  endfacet
  facet normal 0.988358 0.152148 0
    outer loop
      vertex -75.0043 107.597 42.5
      vertex -75.0043 107.597 47.5
      vertex -74.994 107.53 42.5
    endloop
  endfacet
  facet normal 0.988358 0.152148 0
    outer loop
      vertex -75.0043 107.597 47.5
      vertex -74.994 107.53 47.5
      vertex -74.994 107.53 42.5
    endloop
  endfacet
  facet normal 0.980784 0.195099 0
    outer loop
      vertex -74.994 107.53 42.5
      vertex -74.994 107.53 47.5
      vertex -74.9808 107.464 42.5
    endloop
  endfacet
  facet normal 0.980784 0.195099 0
    outer loop
      vertex -74.994 107.53 47.5
      vertex -74.9808 107.464 47.5
      vertex -74.9808 107.464 42.5
    endloop
  endfacet
  facet normal 0.971349 0.237659 0
    outer loop
      vertex -74.9808 107.464 42.5
      vertex -74.9808 107.464 47.5
      vertex -74.9647 107.398 42.5
    endloop
  endfacet
  facet normal 0.971349 0.237659 0
    outer loop
      vertex -74.9808 107.464 47.5
      vertex -74.9647 107.398 47.5
      vertex -74.9647 107.398 42.5
    endloop
  endfacet
  facet normal 0.960047 0.279839 0
    outer loop
      vertex -74.9647 107.398 42.5
      vertex -74.9647 107.398 47.5
      vertex -74.9458 107.333 42.5
    endloop
  endfacet
  facet normal 0.960047 0.279839 0
    outer loop
      vertex -74.9647 107.398 47.5
      vertex -74.9458 107.333 47.5
      vertex -74.9458 107.333 42.5
    endloop
  endfacet
  facet normal 0.946917 0.321478 0
    outer loop
      vertex -74.9458 107.333 42.5
      vertex -74.9458 107.333 47.5
      vertex -74.9241 107.269 42.5
    endloop
  endfacet
  facet normal 0.946917 0.321478 0
    outer loop
      vertex -74.9458 107.333 47.5
      vertex -74.9241 107.269 47.5
      vertex -74.9241 107.269 42.5
    endloop
  endfacet
  facet normal 0.932027 0.362388 0
    outer loop
      vertex -74.9241 107.269 42.5
      vertex -74.9241 107.269 47.5
      vertex -74.8996 107.206 42.5
    endloop
  endfacet
  facet normal 0.932027 0.362388 0
    outer loop
      vertex -74.9241 107.269 47.5
      vertex -74.8996 107.206 47.5
      vertex -74.8996 107.206 42.5
    endloop
  endfacet
  facet normal 0.915296 0.402783 0
    outer loop
      vertex -74.8996 107.206 42.5
      vertex -74.8996 107.206 47.5
      vertex -74.8723 107.144 42.5
    endloop
  endfacet
  facet normal 0.915296 0.402783 0
    outer loop
      vertex -74.8996 107.206 47.5
      vertex -74.8723 107.144 47.5
      vertex -74.8723 107.144 42.5
    endloop
  endfacet
  facet normal 0.896859 0.442316 0
    outer loop
      vertex -74.8723 107.144 42.5
      vertex -74.8723 107.144 47.5
      vertex -74.8424 107.084 42.5
    endloop
  endfacet
  facet normal 0.896859 0.442316 0
    outer loop
      vertex -74.8723 107.144 47.5
      vertex -74.8424 107.084 47.5
      vertex -74.8424 107.084 42.5
    endloop
  endfacet
  facet normal 0.876769 0.480912 0
    outer loop
      vertex -74.8424 107.084 42.5
      vertex -74.8424 107.084 47.5
      vertex -74.8099 107.024 42.5
    endloop
  endfacet
  facet normal 0.876769 0.480912 0
    outer loop
      vertex -74.8424 107.084 47.5
      vertex -74.8099 107.024 47.5
      vertex -74.8099 107.024 42.5
    endloop
  endfacet
  facet normal 0.854877 0.518831 0
    outer loop
      vertex -74.8099 107.024 42.5
      vertex -74.8099 107.024 47.5
      vertex -74.7748 106.967 42.5
    endloop
  endfacet
  facet normal 0.854877 0.518831 0
    outer loop
      vertex -74.8099 107.024 47.5
      vertex -74.7748 106.967 47.5
      vertex -74.7748 106.967 42.5
    endloop
  endfacet
  facet normal 0.831457 0.55559 0
    outer loop
      vertex -74.7748 106.967 42.5
      vertex -74.7748 106.967 47.5
      vertex -74.7372 106.91 42.5
    endloop
  endfacet
  facet normal 0.831457 0.55559 0
    outer loop
      vertex -74.7748 106.967 47.5
      vertex -74.7372 106.91 47.5
      vertex -74.7372 106.91 42.5
    endloop
  endfacet
  facet normal 0.806458 0.591292 0
    outer loop
      vertex -74.7372 106.91 42.5
      vertex -74.7372 106.91 47.5
      vertex -74.6972 106.856 42.5
    endloop
  endfacet
  facet normal 0.806458 0.591292 0
    outer loop
      vertex -74.7372 106.91 47.5
      vertex -74.6972 106.856 47.5
      vertex -74.6972 106.856 42.5
    endloop
  endfacet
  facet normal 0.779911 0.62589 0
    outer loop
      vertex -74.6972 106.856 42.5
      vertex -74.6972 106.856 47.5
      vertex -74.6549 106.803 42.5
    endloop
  endfacet
  facet normal 0.779911 0.62589 0
    outer loop
      vertex -74.6972 106.856 47.5
      vertex -74.6549 106.803 47.5
      vertex -74.6549 106.803 42.5
    endloop
  endfacet
  facet normal 0.751812 0.659378 0
    outer loop
      vertex -74.6549 106.803 42.5
      vertex -74.6549 106.803 47.5
      vertex -74.6103 106.752 42.5
    endloop
  endfacet
  facet normal 0.751812 0.659378 0
    outer loop
      vertex -74.6549 106.803 47.5
      vertex -74.6103 106.752 47.5
      vertex -74.6103 106.752 42.5
    endloop
  endfacet
  facet normal 0.722417 0.691458 0
    outer loop
      vertex -74.6103 106.752 42.5
      vertex -74.6103 106.752 47.5
      vertex -74.5636 106.703 42.5
    endloop
  endfacet
  facet normal 0.722417 0.691458 0
    outer loop
      vertex -74.6103 106.752 47.5
      vertex -74.5636 106.703 47.5
      vertex -74.5636 106.703 42.5
    endloop
  endfacet
  facet normal 0.691458 0.722417 0
    outer loop
      vertex -74.5636 106.703 42.5
      vertex -74.5636 106.703 47.5
      vertex -74.5147 106.657 42.5
    endloop
  endfacet
  facet normal 0.691458 0.722417 0
    outer loop
      vertex -74.5636 106.703 47.5
      vertex -74.5147 106.657 47.5
      vertex -74.5147 106.657 42.5
    endloop
  endfacet
  facet normal 0.659378 0.751812 0
    outer loop
      vertex -74.5147 106.657 42.5
      vertex -74.5147 106.657 47.5
      vertex -74.4639 106.612 42.5
    endloop
  endfacet
  facet normal 0.659378 0.751812 0
    outer loop
      vertex -74.5147 106.657 47.5
      vertex -74.4639 106.612 47.5
      vertex -74.4639 106.612 42.5
    endloop
  endfacet
  facet normal 0.62589 0.779911 0
    outer loop
      vertex -74.4639 106.612 42.5
      vertex -74.4639 106.612 47.5
      vertex -74.4111 106.57 42.5
    endloop
  endfacet
  facet normal 0.62589 0.779911 0
    outer loop
      vertex -74.4639 106.612 47.5
      vertex -74.4111 106.57 47.5
      vertex -74.4111 106.57 42.5
    endloop
  endfacet
  facet normal 0.591292 0.806458 0
    outer loop
      vertex -74.4111 106.57 42.5
      vertex -74.4111 106.57 47.5
      vertex -74.3566 106.53 42.5
    endloop
  endfacet
  facet normal 0.591292 0.806458 0
    outer loop
      vertex -74.4111 106.57 47.5
      vertex -74.3566 106.53 47.5
      vertex -74.3566 106.53 42.5
    endloop
  endfacet
  facet normal 0.55559 0.831457 0
    outer loop
      vertex -74.3566 106.53 42.5
      vertex -74.3566 106.53 47.5
      vertex -74.3004 106.492 42.5
    endloop
  endfacet
  facet normal 0.55559 0.831457 0
    outer loop
      vertex -74.3566 106.53 47.5
      vertex -74.3004 106.492 47.5
      vertex -74.3004 106.492 42.5
    endloop
  endfacet
  facet normal 0.518831 0.854877 0
    outer loop
      vertex -74.3004 106.492 42.5
      vertex -74.3004 106.492 47.5
      vertex -74.2425 106.457 42.5
    endloop
  endfacet
  facet normal 0.518831 0.854877 0
    outer loop
      vertex -74.3004 106.492 47.5
      vertex -74.2425 106.457 47.5
      vertex -74.2425 106.457 42.5
    endloop
  endfacet
  facet normal 0.480912 0.876769 0
    outer loop
      vertex -74.2425 106.457 42.5
      vertex -74.2425 106.457 47.5
      vertex -74.1833 106.424 42.5
    endloop
  endfacet
  facet normal 0.480912 0.876769 0
    outer loop
      vertex -74.2425 106.457 47.5
      vertex -74.1833 106.424 47.5
      vertex -74.1833 106.424 42.5
    endloop
  endfacet
  facet normal 0.442316 0.896859 0
    outer loop
      vertex -74.1833 106.424 42.5
      vertex -74.1833 106.424 47.5
      vertex -74.1226 106.395 42.5
    endloop
  endfacet
  facet normal 0.442316 0.896859 0
    outer loop
      vertex -74.1833 106.424 47.5
      vertex -74.1226 106.395 47.5
      vertex -74.1226 106.395 42.5
    endloop
  endfacet
  facet normal 0.402783 0.915296 0
    outer loop
      vertex -74.1226 106.395 42.5
      vertex -74.1226 106.395 47.5
      vertex -74.0607 106.367 42.5
    endloop
  endfacet
  facet normal 0.402783 0.915296 0
    outer loop
      vertex -74.1226 106.395 47.5
      vertex -74.0607 106.367 47.5
      vertex -74.0607 106.367 42.5
    endloop
  endfacet
  facet normal 0.362388 0.932027 0
    outer loop
      vertex -74.0607 106.367 42.5
      vertex -74.0607 106.367 47.5
      vertex -73.9977 106.343 42.5
    endloop
  endfacet
  facet normal 0.362388 0.932027 0
    outer loop
      vertex -74.0607 106.367 47.5
      vertex -73.9977 106.343 47.5
      vertex -73.9977 106.343 42.5
    endloop
  endfacet
  facet normal 0.321478 0.946917 0
    outer loop
      vertex -73.9977 106.343 42.5
      vertex -73.9977 106.343 47.5
      vertex -73.9336 106.321 42.5
    endloop
  endfacet
  facet normal 0.321478 0.946917 0
    outer loop
      vertex -73.9977 106.343 47.5
      vertex -73.9336 106.321 47.5
      vertex -73.9336 106.321 42.5
    endloop
  endfacet
  facet normal 0.279839 0.960047 0
    outer loop
      vertex -73.9336 106.321 42.5
      vertex -73.9336 106.321 47.5
      vertex -73.8687 106.302 42.5
    endloop
  endfacet
  facet normal 0.279839 0.960047 0
    outer loop
      vertex -73.9336 106.321 47.5
      vertex -73.8687 106.302 47.5
      vertex -73.8687 106.302 42.5
    endloop
  endfacet
  facet normal 0.237659 0.971349 0
    outer loop
      vertex -73.8687 106.302 42.5
      vertex -73.8687 106.302 47.5
      vertex -73.803 106.286 42.5
    endloop
  endfacet
  facet normal 0.237659 0.971349 0
    outer loop
      vertex -73.8687 106.302 47.5
      vertex -73.803 106.286 47.5
      vertex -73.803 106.286 42.5
    endloop
  endfacet
  facet normal 0.195099 0.980784 0
    outer loop
      vertex -73.803 106.286 42.5
      vertex -73.803 106.286 47.5
      vertex -73.7367 106.273 42.5
    endloop
  endfacet
  facet normal 0.195099 0.980784 0
    outer loop
      vertex -73.803 106.286 47.5
      vertex -73.7367 106.273 47.5
      vertex -73.7367 106.273 42.5
    endloop
  endfacet
  facet normal 0.152148 0.988358 0
    outer loop
      vertex -73.7367 106.273 42.5
      vertex -73.7367 106.273 47.5
      vertex -73.6699 106.263 42.5
    endloop
  endfacet
  facet normal 0.152148 0.988358 0
    outer loop
      vertex -73.7367 106.273 47.5
      vertex -73.6699 106.263 47.5
      vertex -73.6699 106.263 42.5
    endloop
  endfacet
  facet normal 0.108859 0.994057 0
    outer loop
      vertex -73.6699 106.263 42.5
      vertex -73.6699 106.263 47.5
      vertex -73.6026 106.255 42.5
    endloop
  endfacet
  facet normal 0.108859 0.994057 0
    outer loop
      vertex -73.6699 106.263 47.5
      vertex -73.6026 106.255 47.5
      vertex -73.6026 106.255 42.5
    endloop
  endfacet
  facet normal 0.0653271 0.997864 0
    outer loop
      vertex -73.6026 106.255 42.5
      vertex -73.6026 106.255 47.5
      vertex -73.5352 106.251 42.5
    endloop
  endfacet
  facet normal 0.0653271 0.997864 0
    outer loop
      vertex -73.6026 106.255 47.5
      vertex -73.5352 106.251 47.5
      vertex -73.5352 106.251 42.5
    endloop
  endfacet
  facet normal 0.0218154 0.999762 0
    outer loop
      vertex -73.5352 106.251 42.5
      vertex -73.5352 106.251 47.5
      vertex -73.4675 106.249 42.5
    endloop
  endfacet
  facet normal 0.0218154 0.999762 0
    outer loop
      vertex -73.5352 106.251 47.5
      vertex -73.4675 106.249 47.5
      vertex -73.4675 106.249 42.5
    endloop
  endfacet
  facet normal -0.0218154 0.999762 0
    outer loop
      vertex -73.4675 106.249 42.5
      vertex -73.4675 106.249 47.5
      vertex -73.3999 106.251 42.5
    endloop
  endfacet
  facet normal -0.0218154 0.999762 0
    outer loop
      vertex -73.4675 106.249 47.5
      vertex -73.3999 106.251 47.5
      vertex -73.3999 106.251 42.5
    endloop
  endfacet
  facet normal -0.0653271 0.997864 0
    outer loop
      vertex -73.3999 106.251 42.5
      vertex -73.3999 106.251 47.5
      vertex -73.3325 106.255 42.5
    endloop
  endfacet
  facet normal -0.0653271 0.997864 0
    outer loop
      vertex -73.3999 106.251 47.5
      vertex -73.3325 106.255 47.5
      vertex -73.3325 106.255 42.5
    endloop
  endfacet
  facet normal -0.108859 0.994057 0
    outer loop
      vertex -73.3325 106.255 42.5
      vertex -73.3325 106.255 47.5
      vertex -73.2652 106.263 42.5
    endloop
  endfacet
  facet normal -0.108859 0.994057 0
    outer loop
      vertex -73.3325 106.255 47.5
      vertex -73.2652 106.263 47.5
      vertex -73.2652 106.263 42.5
    endloop
  endfacet
  facet normal -0.152148 0.988358 0
    outer loop
      vertex -73.2652 106.263 42.5
      vertex -73.2652 106.263 47.5
      vertex -73.1984 106.273 42.5
    endloop
  endfacet
  facet normal -0.152148 0.988358 0
    outer loop
      vertex -73.2652 106.263 47.5
      vertex -73.1984 106.273 47.5
      vertex -73.1984 106.273 42.5
    endloop
  endfacet
  facet normal -0.195099 0.980784 0
    outer loop
      vertex -73.1984 106.273 42.5
      vertex -73.1984 106.273 47.5
      vertex -73.1321 106.286 42.5
    endloop
  endfacet
  facet normal -0.195099 0.980784 0
    outer loop
      vertex -73.1984 106.273 47.5
      vertex -73.1321 106.286 47.5
      vertex -73.1321 106.286 42.5
    endloop
  endfacet
  facet normal -0.237659 0.971349 0
    outer loop
      vertex -73.1321 106.286 42.5
      vertex -73.1321 106.286 47.5
      vertex -73.0664 106.302 42.5
    endloop
  endfacet
  facet normal -0.237659 0.971349 0
    outer loop
      vertex -73.1321 106.286 47.5
      vertex -73.0664 106.302 47.5
      vertex -73.0664 106.302 42.5
    endloop
  endfacet
  facet normal -0.279839 0.960047 0
    outer loop
      vertex -73.0664 106.302 42.5
      vertex -73.0664 106.302 47.5
      vertex -73.0015 106.321 42.5
    endloop
  endfacet
  facet normal -0.279839 0.960047 0
    outer loop
      vertex -73.0664 106.302 47.5
      vertex -73.0015 106.321 47.5
      vertex -73.0015 106.321 42.5
    endloop
  endfacet
  facet normal -0.321478 0.946917 0
    outer loop
      vertex -73.0015 106.321 42.5
      vertex -73.0015 106.321 47.5
      vertex -72.9374 106.343 42.5
    endloop
  endfacet
  facet normal -0.321478 0.946917 0
    outer loop
      vertex -73.0015 106.321 47.5
      vertex -72.9374 106.343 47.5
      vertex -72.9374 106.343 42.5
    endloop
  endfacet
  facet normal -0.362388 0.932027 0
    outer loop
      vertex -72.9374 106.343 42.5
      vertex -72.9374 106.343 47.5
      vertex -72.8744 106.367 42.5
    endloop
  endfacet
  facet normal -0.362388 0.932027 0
    outer loop
      vertex -72.9374 106.343 47.5
      vertex -72.8744 106.367 47.5
      vertex -72.8744 106.367 42.5
    endloop
  endfacet
  facet normal -0.402783 0.915296 0
    outer loop
      vertex -72.8744 106.367 42.5
      vertex -72.8744 106.367 47.5
      vertex -72.8125 106.395 42.5
    endloop
  endfacet
  facet normal -0.402783 0.915296 0
    outer loop
      vertex -72.8744 106.367 47.5
      vertex -72.8125 106.395 47.5
      vertex -72.8125 106.395 42.5
    endloop
  endfacet
  facet normal -0.442316 0.896859 0
    outer loop
      vertex -72.8125 106.395 42.5
      vertex -72.8125 106.395 47.5
      vertex -72.7518 106.424 42.5
    endloop
  endfacet
  facet normal -0.442316 0.896859 0
    outer loop
      vertex -72.8125 106.395 47.5
      vertex -72.7518 106.424 47.5
      vertex -72.7518 106.424 42.5
    endloop
  endfacet
  facet normal -0.480912 0.876769 0
    outer loop
      vertex -72.7518 106.424 42.5
      vertex -72.7518 106.424 47.5
      vertex -72.6925 106.457 42.5
    endloop
  endfacet
  facet normal -0.480912 0.876769 0
    outer loop
      vertex -72.7518 106.424 47.5
      vertex -72.6925 106.457 47.5
      vertex -72.6925 106.457 42.5
    endloop
  endfacet
  facet normal -0.518831 0.854877 0
    outer loop
      vertex -72.6925 106.457 42.5
      vertex -72.6925 106.457 47.5
      vertex -72.6347 106.492 42.5
    endloop
  endfacet
  facet normal -0.518831 0.854877 0
    outer loop
      vertex -72.6925 106.457 47.5
      vertex -72.6347 106.492 47.5
      vertex -72.6347 106.492 42.5
    endloop
  endfacet
  facet normal -0.55559 0.831457 0
    outer loop
      vertex -72.6347 106.492 42.5
      vertex -72.6347 106.492 47.5
      vertex -72.5785 106.53 42.5
    endloop
  endfacet
  facet normal -0.55559 0.831457 0
    outer loop
      vertex -72.6347 106.492 47.5
      vertex -72.5785 106.53 47.5
      vertex -72.5785 106.53 42.5
    endloop
  endfacet
  facet normal -0.591292 0.806458 0
    outer loop
      vertex -72.5785 106.53 42.5
      vertex -72.5785 106.53 47.5
      vertex -72.524 106.57 42.5
    endloop
  endfacet
  facet normal -0.591292 0.806458 0
    outer loop
      vertex -72.5785 106.53 47.5
      vertex -72.524 106.57 47.5
      vertex -72.524 106.57 42.5
    endloop
  endfacet
  facet normal -0.62589 0.779911 0
    outer loop
      vertex -72.524 106.57 42.5
      vertex -72.524 106.57 47.5
      vertex -72.4712 106.612 42.5
    endloop
  endfacet
  facet normal -0.62589 0.779911 0
    outer loop
      vertex -72.524 106.57 47.5
      vertex -72.4712 106.612 47.5
      vertex -72.4712 106.612 42.5
    endloop
  endfacet
  facet normal -0.659378 0.751812 0
    outer loop
      vertex -72.4712 106.612 42.5
      vertex -72.4712 106.612 47.5
      vertex -72.4204 106.657 42.5
    endloop
  endfacet
  facet normal -0.659378 0.751812 0
    outer loop
      vertex -72.4712 106.612 47.5
      vertex -72.4204 106.657 47.5
      vertex -72.4204 106.657 42.5
    endloop
  endfacet
  facet normal -0.691458 0.722417 0
    outer loop
      vertex -72.4204 106.657 42.5
      vertex -72.4204 106.657 47.5
      vertex -72.3715 106.703 42.5
    endloop
  endfacet
  facet normal -0.691458 0.722417 0
    outer loop
      vertex -72.4204 106.657 47.5
      vertex -72.3715 106.703 47.5
      vertex -72.3715 106.703 42.5
    endloop
  endfacet
  facet normal -0.722417 0.691458 0
    outer loop
      vertex -72.3715 106.703 42.5
      vertex -72.3715 106.703 47.5
      vertex -72.3248 106.752 42.5
    endloop
  endfacet
  facet normal -0.722417 0.691458 0
    outer loop
      vertex -72.3715 106.703 47.5
      vertex -72.3248 106.752 47.5
      vertex -72.3248 106.752 42.5
    endloop
  endfacet
  facet normal -0.751812 0.659378 0
    outer loop
      vertex -72.3248 106.752 42.5
      vertex -72.3248 106.752 47.5
      vertex -72.2802 106.803 42.5
    endloop
  endfacet
  facet normal -0.751812 0.659378 0
    outer loop
      vertex -72.3248 106.752 47.5
      vertex -72.2802 106.803 47.5
      vertex -72.2802 106.803 42.5
    endloop
  endfacet
  facet normal -0.779911 0.62589 0
    outer loop
      vertex -72.2802 106.803 42.5
      vertex -72.2802 106.803 47.5
      vertex -72.2378 106.856 42.5
    endloop
  endfacet
  facet normal -0.779911 0.62589 0
    outer loop
      vertex -72.2802 106.803 47.5
      vertex -72.2378 106.856 47.5
      vertex -72.2378 106.856 42.5
    endloop
  endfacet
  facet normal -0.806458 0.591292 0
    outer loop
      vertex -72.2378 106.856 42.5
      vertex -72.2378 106.856 47.5
      vertex -72.1979 106.91 42.5
    endloop
  endfacet
  facet normal -0.806458 0.591292 0
    outer loop
      vertex -72.2378 106.856 47.5
      vertex -72.1979 106.91 47.5
      vertex -72.1979 106.91 42.5
    endloop
  endfacet
  facet normal -0.831457 0.55559 0
    outer loop
      vertex -72.1979 106.91 42.5
      vertex -72.1979 106.91 47.5
      vertex -72.1603 106.967 42.5
    endloop
  endfacet
  facet normal -0.831457 0.55559 0
    outer loop
      vertex -72.1979 106.91 47.5
      vertex -72.1603 106.967 47.5
      vertex -72.1603 106.967 42.5
    endloop
  endfacet
  facet normal -0.854877 0.518831 0
    outer loop
      vertex -72.1603 106.967 42.5
      vertex -72.1603 106.967 47.5
      vertex -72.1252 107.024 42.5
    endloop
  endfacet
  facet normal -0.854877 0.518831 0
    outer loop
      vertex -72.1603 106.967 47.5
      vertex -72.1252 107.024 47.5
      vertex -72.1252 107.024 42.5
    endloop
  endfacet
  facet normal -0.876769 0.480912 0
    outer loop
      vertex -72.1252 107.024 42.5
      vertex -72.1252 107.024 47.5
      vertex -72.0927 107.084 42.5
    endloop
  endfacet
  facet normal -0.876769 0.480912 0
    outer loop
      vertex -72.1252 107.024 47.5
      vertex -72.0927 107.084 47.5
      vertex -72.0927 107.084 42.5
    endloop
  endfacet
  facet normal -0.896859 0.442316 0
    outer loop
      vertex -72.0927 107.084 42.5
      vertex -72.0927 107.084 47.5
      vertex -72.0628 107.144 42.5
    endloop
  endfacet
  facet normal -0.896859 0.442316 0
    outer loop
      vertex -72.0927 107.084 47.5
      vertex -72.0628 107.144 47.5
      vertex -72.0628 107.144 42.5
    endloop
  endfacet
  facet normal -0.915296 0.402783 0
    outer loop
      vertex -72.0628 107.144 42.5
      vertex -72.0628 107.144 47.5
      vertex -72.0355 107.206 42.5
    endloop
  endfacet
  facet normal -0.915296 0.402783 0
    outer loop
      vertex -72.0628 107.144 47.5
      vertex -72.0355 107.206 47.5
      vertex -72.0355 107.206 42.5
    endloop
  endfacet
  facet normal -0.932027 0.362388 0
    outer loop
      vertex -72.0355 107.206 42.5
      vertex -72.0355 107.206 47.5
      vertex -72.011 107.269 42.5
    endloop
  endfacet
  facet normal -0.932027 0.362388 0
    outer loop
      vertex -72.0355 107.206 47.5
      vertex -72.011 107.269 47.5
      vertex -72.011 107.269 42.5
    endloop
  endfacet
  facet normal -0.946917 0.321478 0
    outer loop
      vertex -72.011 107.269 42.5
      vertex -72.011 107.269 47.5
      vertex -71.9893 107.333 42.5
    endloop
  endfacet
  facet normal -0.946917 0.321478 0
    outer loop
      vertex -72.011 107.269 47.5
      vertex -71.9893 107.333 47.5
      vertex -71.9893 107.333 42.5
    endloop
  endfacet
  facet normal -0.960047 0.279839 0
    outer loop
      vertex -71.9893 107.333 42.5
      vertex -71.9893 107.333 47.5
      vertex -71.9704 107.398 42.5
    endloop
  endfacet
  facet normal -0.960047 0.279839 0
    outer loop
      vertex -71.9893 107.333 47.5
      vertex -71.9704 107.398 47.5
      vertex -71.9704 107.398 42.5
    endloop
  endfacet
  facet normal -0.971349 0.237659 0
    outer loop
      vertex -71.9704 107.398 42.5
      vertex -71.9704 107.398 47.5
      vertex -71.9543 107.464 42.5
    endloop
  endfacet
  facet normal -0.971349 0.237659 0
    outer loop
      vertex -71.9704 107.398 47.5
      vertex -71.9543 107.464 47.5
      vertex -71.9543 107.464 42.5
    endloop
  endfacet
  facet normal -0.980784 0.195099 0
    outer loop
      vertex -71.9543 107.464 42.5
      vertex -71.9543 107.464 47.5
      vertex -71.9411 107.53 42.5
    endloop
  endfacet
  facet normal -0.980784 0.195099 0
    outer loop
      vertex -71.9543 107.464 47.5
      vertex -71.9411 107.53 47.5
      vertex -71.9411 107.53 42.5
    endloop
  endfacet
  facet normal -0.988358 0.152148 0
    outer loop
      vertex -71.9411 107.53 42.5
      vertex -71.9411 107.53 47.5
      vertex -71.9308 107.597 42.5
    endloop
  endfacet
  facet normal -0.988358 0.152148 0
    outer loop
      vertex -71.9411 107.53 47.5
      vertex -71.9308 107.597 47.5
      vertex -71.9308 107.597 42.5
    endloop
  endfacet
  facet normal -0.994057 0.108859 0
    outer loop
      vertex -71.9308 107.597 42.5
      vertex -71.9308 107.597 47.5
      vertex -71.9234 107.664 42.5
    endloop
  endfacet
  facet normal -0.994057 0.108859 0
    outer loop
      vertex -71.9308 107.597 47.5
      vertex -71.9234 107.664 47.5
      vertex -71.9234 107.664 42.5
    endloop
  endfacet
  facet normal -0.997864 0.0653271 0
    outer loop
      vertex -71.9234 107.664 42.5
      vertex -71.9234 107.664 47.5
      vertex -71.919 107.732 42.5
    endloop
  endfacet
  facet normal -0.997864 0.0653271 0
    outer loop
      vertex -71.9234 107.664 47.5
      vertex -71.919 107.732 47.5
      vertex -71.919 107.732 42.5
    endloop
  endfacet
  facet normal -0.999762 0.0218154 0
    outer loop
      vertex -71.919 107.732 42.5
      vertex -71.919 107.732 47.5
      vertex -71.9175 107.799 42.5
    endloop
  endfacet
  facet normal -0.999762 0.0218154 0
    outer loop
      vertex -71.919 107.732 47.5
      vertex -71.9175 107.799 47.5
      vertex -71.9175 107.799 42.5
    endloop
  endfacet
  facet normal -0.999762 -0.0218154 0
    outer loop
      vertex 69.4921 107.799 42.5
      vertex 69.4921 107.799 47.5
      vertex 69.4906 107.867 42.5
    endloop
  endfacet
  facet normal -0.999762 -0.0218154 0
    outer loop
      vertex 69.4921 107.799 47.5
      vertex 69.4906 107.867 47.5
      vertex 69.4906 107.867 42.5
    endloop
  endfacet
  facet normal -0.997864 -0.0653271 0
    outer loop
      vertex 69.4906 107.867 42.5
      vertex 69.4906 107.867 47.5
      vertex 69.4862 107.934 42.5
    endloop
  endfacet
  facet normal -0.997864 -0.0653271 0
    outer loop
      vertex 69.4906 107.867 47.5
      vertex 69.4862 107.934 47.5
      vertex 69.4862 107.934 42.5
    endloop
  endfacet
  facet normal -0.994057 -0.108859 0
    outer loop
      vertex 69.4862 107.934 42.5
      vertex 69.4862 107.934 47.5
      vertex 69.4788 108.002 42.5
    endloop
  endfacet
  facet normal -0.994057 -0.108859 0
    outer loop
      vertex 69.4862 107.934 47.5
      vertex 69.4788 108.002 47.5
      vertex 69.4788 108.002 42.5
    endloop
  endfacet
  facet normal -0.988358 -0.152148 0
    outer loop
      vertex 69.4788 108.002 42.5
      vertex 69.4788 108.002 47.5
      vertex 69.4685 108.069 42.5
    endloop
  endfacet
  facet normal -0.988358 -0.152148 0
    outer loop
      vertex 69.4788 108.002 47.5
      vertex 69.4685 108.069 47.5
      vertex 69.4685 108.069 42.5
    endloop
  endfacet
  facet normal -0.980784 -0.195099 0
    outer loop
      vertex 69.4685 108.069 42.5
      vertex 69.4685 108.069 47.5
      vertex 69.4553 108.135 42.5
    endloop
  endfacet
  facet normal -0.980784 -0.195099 0
    outer loop
      vertex 69.4685 108.069 47.5
      vertex 69.4553 108.135 47.5
      vertex 69.4553 108.135 42.5
    endloop
  endfacet
  facet normal -0.971349 -0.237659 0
    outer loop
      vertex 69.4553 108.135 42.5
      vertex 69.4553 108.135 47.5
      vertex 69.4393 108.201 42.5
    endloop
  endfacet
  facet normal -0.971349 -0.237659 0
    outer loop
      vertex 69.4553 108.135 47.5
      vertex 69.4393 108.201 47.5
      vertex 69.4393 108.201 42.5
    endloop
  endfacet
  facet normal -0.960047 -0.279839 0
    outer loop
      vertex 69.4393 108.201 42.5
      vertex 69.4393 108.201 47.5
      vertex 69.4203 108.265 42.5
    endloop
  endfacet
  facet normal -0.960047 -0.279839 0
    outer loop
      vertex 69.4393 108.201 47.5
      vertex 69.4203 108.265 47.5
      vertex 69.4203 108.265 42.5
    endloop
  endfacet
  facet normal -0.946917 -0.321478 0
    outer loop
      vertex 69.4203 108.265 42.5
      vertex 69.4203 108.265 47.5
      vertex 69.3986 108.329 42.5
    endloop
  endfacet
  facet normal -0.946917 -0.321478 0
    outer loop
      vertex 69.4203 108.265 47.5
      vertex 69.3986 108.329 47.5
      vertex 69.3986 108.329 42.5
    endloop
  endfacet
  facet normal -0.932027 -0.362388 0
    outer loop
      vertex 69.3986 108.329 42.5
      vertex 69.3986 108.329 47.5
      vertex 69.3741 108.393 42.5
    endloop
  endfacet
  facet normal -0.932027 -0.362388 0
    outer loop
      vertex 69.3986 108.329 47.5
      vertex 69.3741 108.393 47.5
      vertex 69.3741 108.393 42.5
    endloop
  endfacet
  facet normal -0.915296 -0.402783 0
    outer loop
      vertex 69.3741 108.393 42.5
      vertex 69.3741 108.393 47.5
      vertex 69.3469 108.454 42.5
    endloop
  endfacet
  facet normal -0.915296 -0.402783 0
    outer loop
      vertex 69.3741 108.393 47.5
      vertex 69.3469 108.454 47.5
      vertex 69.3469 108.454 42.5
    endloop
  endfacet
  facet normal -0.896859 -0.442316 0
    outer loop
      vertex 69.3469 108.454 42.5
      vertex 69.3469 108.454 47.5
      vertex 69.3169 108.515 42.5
    endloop
  endfacet
  facet normal -0.896859 -0.442316 0
    outer loop
      vertex 69.3469 108.454 47.5
      vertex 69.3169 108.515 47.5
      vertex 69.3169 108.515 42.5
    endloop
  endfacet
  facet normal -0.876769 -0.480912 0
    outer loop
      vertex 69.3169 108.515 42.5
      vertex 69.3169 108.515 47.5
      vertex 69.2844 108.574 42.5
    endloop
  endfacet
  facet normal -0.876769 -0.480912 0
    outer loop
      vertex 69.3169 108.515 47.5
      vertex 69.2844 108.574 47.5
      vertex 69.2844 108.574 42.5
    endloop
  endfacet
  facet normal -0.854877 -0.518831 0
    outer loop
      vertex 69.2844 108.574 42.5
      vertex 69.2844 108.574 47.5
      vertex 69.2493 108.632 42.5
    endloop
  endfacet
  facet normal -0.854877 -0.518831 0
    outer loop
      vertex 69.2844 108.574 47.5
      vertex 69.2493 108.632 47.5
      vertex 69.2493 108.632 42.5
    endloop
  endfacet
  facet normal -0.831457 -0.55559 0
    outer loop
      vertex 69.2493 108.632 42.5
      vertex 69.2493 108.632 47.5
      vertex 69.2118 108.688 42.5
    endloop
  endfacet
  facet normal -0.831457 -0.55559 0
    outer loop
      vertex 69.2493 108.632 47.5
      vertex 69.2118 108.688 47.5
      vertex 69.2118 108.688 42.5
    endloop
  endfacet
  facet normal -0.806458 -0.591292 0
    outer loop
      vertex 69.2118 108.688 42.5
      vertex 69.2118 108.688 47.5
      vertex 69.1718 108.743 42.5
    endloop
  endfacet
  facet normal -0.806458 -0.591292 0
    outer loop
      vertex 69.2118 108.688 47.5
      vertex 69.1718 108.743 47.5
      vertex 69.1718 108.743 42.5
    endloop
  endfacet
  facet normal -0.779911 -0.62589 0
    outer loop
      vertex 69.1718 108.743 42.5
      vertex 69.1718 108.743 47.5
      vertex 69.1294 108.796 42.5
    endloop
  endfacet
  facet normal -0.779911 -0.62589 0
    outer loop
      vertex 69.1718 108.743 47.5
      vertex 69.1294 108.796 47.5
      vertex 69.1294 108.796 42.5
    endloop
  endfacet
  facet normal -0.751812 -0.659378 0
    outer loop
      vertex 69.1294 108.796 42.5
      vertex 69.1294 108.796 47.5
      vertex 69.0849 108.847 42.5
    endloop
  endfacet
  facet normal -0.751812 -0.659378 0
    outer loop
      vertex 69.1294 108.796 47.5
      vertex 69.0849 108.847 47.5
      vertex 69.0849 108.847 42.5
    endloop
  endfacet
  facet normal -0.722417 -0.691458 0
    outer loop
      vertex 69.0849 108.847 42.5
      vertex 69.0849 108.847 47.5
      vertex 69.0381 108.895 42.5
    endloop
  endfacet
  facet normal -0.722417 -0.691458 0
    outer loop
      vertex 69.0849 108.847 47.5
      vertex 69.0381 108.895 47.5
      vertex 69.0381 108.895 42.5
    endloop
  endfacet
  facet normal -0.691458 -0.722417 0
    outer loop
      vertex 69.0381 108.895 42.5
      vertex 69.0381 108.895 47.5
      vertex 68.9892 108.942 42.5
    endloop
  endfacet
  facet normal -0.691458 -0.722417 0
    outer loop
      vertex 69.0381 108.895 47.5
      vertex 68.9892 108.942 47.5
      vertex 68.9892 108.942 42.5
    endloop
  endfacet
  facet normal -0.659378 -0.751812 0
    outer loop
      vertex 68.9892 108.942 42.5
      vertex 68.9892 108.942 47.5
      vertex 68.9384 108.987 42.5
    endloop
  endfacet
  facet normal -0.659378 -0.751812 0
    outer loop
      vertex 68.9892 108.942 47.5
      vertex 68.9384 108.987 47.5
      vertex 68.9384 108.987 42.5
    endloop
  endfacet
  facet normal -0.62589 -0.779911 0
    outer loop
      vertex 68.9384 108.987 42.5
      vertex 68.9384 108.987 47.5
      vertex 68.8857 109.029 42.5
    endloop
  endfacet
  facet normal -0.62589 -0.779911 0
    outer loop
      vertex 68.9384 108.987 47.5
      vertex 68.8857 109.029 47.5
      vertex 68.8857 109.029 42.5
    endloop
  endfacet
  facet normal -0.591292 -0.806458 0
    outer loop
      vertex 68.8857 109.029 42.5
      vertex 68.8857 109.029 47.5
      vertex 68.8311 109.069 42.5
    endloop
  endfacet
  facet normal -0.591292 -0.806458 0
    outer loop
      vertex 68.8857 109.029 47.5
      vertex 68.8311 109.069 47.5
      vertex 68.8311 109.069 42.5
    endloop
  endfacet
  facet normal -0.55559 -0.831457 0
    outer loop
      vertex 68.8311 109.069 42.5
      vertex 68.8311 109.069 47.5
      vertex 68.7749 109.107 42.5
    endloop
  endfacet
  facet normal -0.55559 -0.831457 0
    outer loop
      vertex 68.8311 109.069 47.5
      vertex 68.7749 109.107 47.5
      vertex 68.7749 109.107 42.5
    endloop
  endfacet
  facet normal -0.518831 -0.854877 0
    outer loop
      vertex 68.7749 109.107 42.5
      vertex 68.7749 109.107 47.5
      vertex 68.7171 109.142 42.5
    endloop
  endfacet
  facet normal -0.518831 -0.854877 0
    outer loop
      vertex 68.7749 109.107 47.5
      vertex 68.7171 109.142 47.5
      vertex 68.7171 109.142 42.5
    endloop
  endfacet
  facet normal -0.480912 -0.876769 0
    outer loop
      vertex 68.7171 109.142 42.5
      vertex 68.7171 109.142 47.5
      vertex 68.6578 109.174 42.5
    endloop
  endfacet
  facet normal -0.480912 -0.876769 0
    outer loop
      vertex 68.7171 109.142 47.5
      vertex 68.6578 109.174 47.5
      vertex 68.6578 109.174 42.5
    endloop
  endfacet
  facet normal -0.442316 -0.896859 0
    outer loop
      vertex 68.6578 109.174 42.5
      vertex 68.6578 109.174 47.5
      vertex 68.5971 109.204 42.5
    endloop
  endfacet
  facet normal -0.442316 -0.896859 0
    outer loop
      vertex 68.6578 109.174 47.5
      vertex 68.5971 109.204 47.5
      vertex 68.5971 109.204 42.5
    endloop
  endfacet
  facet normal -0.402783 -0.915296 0
    outer loop
      vertex 68.5971 109.204 42.5
      vertex 68.5971 109.204 47.5
      vertex 68.5352 109.231 42.5
    endloop
  endfacet
  facet normal -0.402783 -0.915296 0
    outer loop
      vertex 68.5971 109.204 47.5
      vertex 68.5352 109.231 47.5
      vertex 68.5352 109.231 42.5
    endloop
  endfacet
  facet normal -0.362388 -0.932027 0
    outer loop
      vertex 68.5352 109.231 42.5
      vertex 68.5352 109.231 47.5
      vertex 68.4722 109.256 42.5
    endloop
  endfacet
  facet normal -0.362388 -0.932027 0
    outer loop
      vertex 68.5352 109.231 47.5
      vertex 68.4722 109.256 47.5
      vertex 68.4722 109.256 42.5
    endloop
  endfacet
  facet normal -0.321478 -0.946917 0
    outer loop
      vertex 68.4722 109.256 42.5
      vertex 68.4722 109.256 47.5
      vertex 68.4082 109.278 42.5
    endloop
  endfacet
  facet normal -0.321478 -0.946917 0
    outer loop
      vertex 68.4722 109.256 47.5
      vertex 68.4082 109.278 47.5
      vertex 68.4082 109.278 42.5
    endloop
  endfacet
  facet normal -0.279839 -0.960047 0
    outer loop
      vertex 68.4082 109.278 42.5
      vertex 68.4082 109.278 47.5
      vertex 68.3432 109.297 42.5
    endloop
  endfacet
  facet normal -0.279839 -0.960047 0
    outer loop
      vertex 68.4082 109.278 47.5
      vertex 68.3432 109.297 47.5
      vertex 68.3432 109.297 42.5
    endloop
  endfacet
  facet normal -0.237659 -0.971349 0
    outer loop
      vertex 68.3432 109.297 42.5
      vertex 68.3432 109.297 47.5
      vertex 68.2776 109.313 42.5
    endloop
  endfacet
  facet normal -0.237659 -0.971349 0
    outer loop
      vertex 68.3432 109.297 47.5
      vertex 68.2776 109.313 47.5
      vertex 68.2776 109.313 42.5
    endloop
  endfacet
  facet normal -0.195099 -0.980784 0
    outer loop
      vertex 68.2776 109.313 42.5
      vertex 68.2776 109.313 47.5
      vertex 68.2112 109.326 42.5
    endloop
  endfacet
  facet normal -0.195099 -0.980784 0
    outer loop
      vertex 68.2776 109.313 47.5
      vertex 68.2112 109.326 47.5
      vertex 68.2112 109.326 42.5
    endloop
  endfacet
  facet normal -0.152148 -0.988358 0
    outer loop
      vertex 68.2112 109.326 42.5
      vertex 68.2112 109.326 47.5
      vertex 68.1444 109.336 42.5
    endloop
  endfacet
  facet normal -0.152148 -0.988358 0
    outer loop
      vertex 68.2112 109.326 47.5
      vertex 68.1444 109.336 47.5
      vertex 68.1444 109.336 42.5
    endloop
  endfacet
  facet normal -0.108859 -0.994057 0
    outer loop
      vertex 68.1444 109.336 42.5
      vertex 68.1444 109.336 47.5
      vertex 68.0772 109.343 42.5
    endloop
  endfacet
  facet normal -0.108859 -0.994057 0
    outer loop
      vertex 68.1444 109.336 47.5
      vertex 68.0772 109.343 47.5
      vertex 68.0772 109.343 42.5
    endloop
  endfacet
  facet normal -0.0653271 -0.997864 0
    outer loop
      vertex 68.0772 109.343 42.5
      vertex 68.0772 109.343 47.5
      vertex 68.0097 109.348 42.5
    endloop
  endfacet
  facet normal -0.0653271 -0.997864 0
    outer loop
      vertex 68.0772 109.343 47.5
      vertex 68.0097 109.348 47.5
      vertex 68.0097 109.348 42.5
    endloop
  endfacet
  facet normal -0.0218154 -0.999762 0
    outer loop
      vertex 68.0097 109.348 42.5
      vertex 68.0097 109.348 47.5
      vertex 67.9421 109.349 42.5
    endloop
  endfacet
  facet normal -0.0218154 -0.999762 0
    outer loop
      vertex 68.0097 109.348 47.5
      vertex 67.9421 109.349 47.5
      vertex 67.9421 109.349 42.5
    endloop
  endfacet
  facet normal 0.0218154 -0.999762 0
    outer loop
      vertex 67.9421 109.349 42.5
      vertex 67.9421 109.349 47.5
      vertex 67.8745 109.348 42.5
    endloop
  endfacet
  facet normal 0.0218154 -0.999762 0
    outer loop
      vertex 67.9421 109.349 47.5
      vertex 67.8745 109.348 47.5
      vertex 67.8745 109.348 42.5
    endloop
  endfacet
  facet normal 0.0653271 -0.997864 0
    outer loop
      vertex 67.8745 109.348 42.5
      vertex 67.8745 109.348 47.5
      vertex 67.807 109.343 42.5
    endloop
  endfacet
  facet normal 0.0653271 -0.997864 0
    outer loop
      vertex 67.8745 109.348 47.5
      vertex 67.807 109.343 47.5
      vertex 67.807 109.343 42.5
    endloop
  endfacet
  facet normal 0.108859 -0.994057 0
    outer loop
      vertex 67.807 109.343 42.5
      vertex 67.807 109.343 47.5
      vertex 67.7398 109.336 42.5
    endloop
  endfacet
  facet normal 0.108859 -0.994057 0
    outer loop
      vertex 67.807 109.343 47.5
      vertex 67.7398 109.336 47.5
      vertex 67.7398 109.336 42.5
    endloop
  endfacet
  facet normal 0.152148 -0.988358 0
    outer loop
      vertex 67.7398 109.336 42.5
      vertex 67.7398 109.336 47.5
      vertex 67.6729 109.326 42.5
    endloop
  endfacet
  facet normal 0.152148 -0.988358 0
    outer loop
      vertex 67.7398 109.336 47.5
      vertex 67.6729 109.326 47.5
      vertex 67.6729 109.326 42.5
    endloop
  endfacet
  facet normal 0.195099 -0.980784 0
    outer loop
      vertex 67.6729 109.326 42.5
      vertex 67.6729 109.326 47.5
      vertex 67.6066 109.313 42.5
    endloop
  endfacet
  facet normal 0.195099 -0.980784 0
    outer loop
      vertex 67.6729 109.326 47.5
      vertex 67.6066 109.313 47.5
      vertex 67.6066 109.313 42.5
    endloop
  endfacet
  facet normal 0.237659 -0.971349 0
    outer loop
      vertex 67.6066 109.313 42.5
      vertex 67.6066 109.313 47.5
      vertex 67.5409 109.297 42.5
    endloop
  endfacet
  facet normal 0.237659 -0.971349 0
    outer loop
      vertex 67.6066 109.313 47.5
      vertex 67.5409 109.297 47.5
      vertex 67.5409 109.297 42.5
    endloop
  endfacet
  facet normal 0.279839 -0.960047 0
    outer loop
      vertex 67.5409 109.297 42.5
      vertex 67.5409 109.297 47.5
      vertex 67.476 109.278 42.5
    endloop
  endfacet
  facet normal 0.279839 -0.960047 0
    outer loop
      vertex 67.5409 109.297 47.5
      vertex 67.476 109.278 47.5
      vertex 67.476 109.278 42.5
    endloop
  endfacet
  facet normal 0.321478 -0.946917 0
    outer loop
      vertex 67.476 109.278 42.5
      vertex 67.476 109.278 47.5
      vertex 67.4119 109.256 42.5
    endloop
  endfacet
  facet normal 0.321478 -0.946917 0
    outer loop
      vertex 67.476 109.278 47.5
      vertex 67.4119 109.256 47.5
      vertex 67.4119 109.256 42.5
    endloop
  endfacet
  facet normal 0.362388 -0.932027 0
    outer loop
      vertex 67.4119 109.256 42.5
      vertex 67.4119 109.256 47.5
      vertex 67.3489 109.231 42.5
    endloop
  endfacet
  facet normal 0.362388 -0.932027 0
    outer loop
      vertex 67.4119 109.256 47.5
      vertex 67.3489 109.231 47.5
      vertex 67.3489 109.231 42.5
    endloop
  endfacet
  facet normal 0.402783 -0.915296 0
    outer loop
      vertex 67.3489 109.231 42.5
      vertex 67.3489 109.231 47.5
      vertex 67.287 109.204 42.5
    endloop
  endfacet
  facet normal 0.402783 -0.915296 0
    outer loop
      vertex 67.3489 109.231 47.5
      vertex 67.287 109.204 47.5
      vertex 67.287 109.204 42.5
    endloop
  endfacet
  facet normal 0.442316 -0.896859 0
    outer loop
      vertex 67.287 109.204 42.5
      vertex 67.287 109.204 47.5
      vertex 67.2264 109.174 42.5
    endloop
  endfacet
  facet normal 0.442316 -0.896859 0
    outer loop
      vertex 67.287 109.204 47.5
      vertex 67.2264 109.174 47.5
      vertex 67.2264 109.174 42.5
    endloop
  endfacet
  facet normal 0.480912 -0.876769 0
    outer loop
      vertex 67.2264 109.174 42.5
      vertex 67.2264 109.174 47.5
      vertex 67.1671 109.142 42.5
    endloop
  endfacet
  facet normal 0.480912 -0.876769 0
    outer loop
      vertex 67.2264 109.174 47.5
      vertex 67.1671 109.142 47.5
      vertex 67.1671 109.142 42.5
    endloop
  endfacet
  facet normal 0.518831 -0.854877 0
    outer loop
      vertex 67.1671 109.142 42.5
      vertex 67.1671 109.142 47.5
      vertex 67.1093 109.107 42.5
    endloop
  endfacet
  facet normal 0.518831 -0.854877 0
    outer loop
      vertex 67.1671 109.142 47.5
      vertex 67.1093 109.107 47.5
      vertex 67.1093 109.107 42.5
    endloop
  endfacet
  facet normal 0.55559 -0.831457 0
    outer loop
      vertex 67.1093 109.107 42.5
      vertex 67.1093 109.107 47.5
      vertex 67.053 109.069 42.5
    endloop
  endfacet
  facet normal 0.55559 -0.831457 0
    outer loop
      vertex 67.1093 109.107 47.5
      vertex 67.053 109.069 47.5
      vertex 67.053 109.069 42.5
    endloop
  endfacet
  facet normal 0.591292 -0.806458 0
    outer loop
      vertex 67.053 109.069 42.5
      vertex 67.053 109.069 47.5
      vertex 66.9985 109.029 42.5
    endloop
  endfacet
  facet normal 0.591292 -0.806458 0
    outer loop
      vertex 67.053 109.069 47.5
      vertex 66.9985 109.029 47.5
      vertex 66.9985 109.029 42.5
    endloop
  endfacet
  facet normal 0.62589 -0.779911 0
    outer loop
      vertex 66.9985 109.029 42.5
      vertex 66.9985 109.029 47.5
      vertex 66.9458 108.987 42.5
    endloop
  endfacet
  facet normal 0.62589 -0.779911 0
    outer loop
      vertex 66.9985 109.029 47.5
      vertex 66.9458 108.987 47.5
      vertex 66.9458 108.987 42.5
    endloop
  endfacet
  facet normal 0.659378 -0.751812 0
    outer loop
      vertex 66.9458 108.987 42.5
      vertex 66.9458 108.987 47.5
      vertex 66.8949 108.942 42.5
    endloop
  endfacet
  facet normal 0.659378 -0.751812 0
    outer loop
      vertex 66.9458 108.987 47.5
      vertex 66.8949 108.942 47.5
      vertex 66.8949 108.942 42.5
    endloop
  endfacet
  facet normal 0.691458 -0.722417 0
    outer loop
      vertex 66.8949 108.942 42.5
      vertex 66.8949 108.942 47.5
      vertex 66.8461 108.895 42.5
    endloop
  endfacet
  facet normal 0.691458 -0.722417 0
    outer loop
      vertex 66.8949 108.942 47.5
      vertex 66.8461 108.895 47.5
      vertex 66.8461 108.895 42.5
    endloop
  endfacet
  facet normal 0.722417 -0.691458 0
    outer loop
      vertex 66.8461 108.895 42.5
      vertex 66.8461 108.895 47.5
      vertex 66.7993 108.847 42.5
    endloop
  endfacet
  facet normal 0.722417 -0.691458 0
    outer loop
      vertex 66.8461 108.895 47.5
      vertex 66.7993 108.847 47.5
      vertex 66.7993 108.847 42.5
    endloop
  endfacet
  facet normal 0.751812 -0.659378 0
    outer loop
      vertex 66.7993 108.847 42.5
      vertex 66.7993 108.847 47.5
      vertex 66.7547 108.796 42.5
    endloop
  endfacet
  facet normal 0.751812 -0.659378 0
    outer loop
      vertex 66.7993 108.847 47.5
      vertex 66.7547 108.796 47.5
      vertex 66.7547 108.796 42.5
    endloop
  endfacet
  facet normal 0.779911 -0.62589 0
    outer loop
      vertex 66.7547 108.796 42.5
      vertex 66.7547 108.796 47.5
      vertex 66.7124 108.743 42.5
    endloop
  endfacet
  facet normal 0.779911 -0.62589 0
    outer loop
      vertex 66.7547 108.796 47.5
      vertex 66.7124 108.743 47.5
      vertex 66.7124 108.743 42.5
    endloop
  endfacet
  facet normal 0.806458 -0.591292 0
    outer loop
      vertex 66.7124 108.743 42.5
      vertex 66.7124 108.743 47.5
      vertex 66.6724 108.688 42.5
    endloop
  endfacet
  facet normal 0.806458 -0.591292 0
    outer loop
      vertex 66.7124 108.743 47.5
      vertex 66.6724 108.688 47.5
      vertex 66.6724 108.688 42.5
    endloop
  endfacet
  facet normal 0.831457 -0.55559 0
    outer loop
      vertex 66.6724 108.688 42.5
      vertex 66.6724 108.688 47.5
      vertex 66.6348 108.632 42.5
    endloop
  endfacet
  facet normal 0.831457 -0.55559 0
    outer loop
      vertex 66.6724 108.688 47.5
      vertex 66.6348 108.632 47.5
      vertex 66.6348 108.632 42.5
    endloop
  endfacet
  facet normal 0.854877 -0.518831 0
    outer loop
      vertex 66.6348 108.632 42.5
      vertex 66.6348 108.632 47.5
      vertex 66.5997 108.574 42.5
    endloop
  endfacet
  facet normal 0.854877 -0.518831 0
    outer loop
      vertex 66.6348 108.632 47.5
      vertex 66.5997 108.574 47.5
      vertex 66.5997 108.574 42.5
    endloop
  endfacet
  facet normal 0.876769 -0.480912 0
    outer loop
      vertex 66.5997 108.574 42.5
      vertex 66.5997 108.574 47.5
      vertex 66.5672 108.515 42.5
    endloop
  endfacet
  facet normal 0.876769 -0.480912 0
    outer loop
      vertex 66.5997 108.574 47.5
      vertex 66.5672 108.515 47.5
      vertex 66.5672 108.515 42.5
    endloop
  endfacet
  facet normal 0.896859 -0.442316 0
    outer loop
      vertex 66.5672 108.515 42.5
      vertex 66.5672 108.515 47.5
      vertex 66.5373 108.454 42.5
    endloop
  endfacet
  facet normal 0.896859 -0.442316 0
    outer loop
      vertex 66.5672 108.515 47.5
      vertex 66.5373 108.454 47.5
      vertex 66.5373 108.454 42.5
    endloop
  endfacet
  facet normal 0.915296 -0.402783 0
    outer loop
      vertex 66.5373 108.454 42.5
      vertex 66.5373 108.454 47.5
      vertex 66.5101 108.393 42.5
    endloop
  endfacet
  facet normal 0.915296 -0.402783 0
    outer loop
      vertex 66.5373 108.454 47.5
      vertex 66.5101 108.393 47.5
      vertex 66.5101 108.393 42.5
    endloop
  endfacet
  facet normal 0.932027 -0.362388 0
    outer loop
      vertex 66.5101 108.393 42.5
      vertex 66.5101 108.393 47.5
      vertex 66.4856 108.329 42.5
    endloop
  endfacet
  facet normal 0.932027 -0.362388 0
    outer loop
      vertex 66.5101 108.393 47.5
      vertex 66.4856 108.329 47.5
      vertex 66.4856 108.329 42.5
    endloop
  endfacet
  facet normal 0.946917 -0.321478 0
    outer loop
      vertex 66.4856 108.329 42.5
      vertex 66.4856 108.329 47.5
      vertex 66.4638 108.265 42.5
    endloop
  endfacet
  facet normal 0.946917 -0.321478 0
    outer loop
      vertex 66.4856 108.329 47.5
      vertex 66.4638 108.265 47.5
      vertex 66.4638 108.265 42.5
    endloop
  endfacet
  facet normal 0.960047 -0.279839 0
    outer loop
      vertex 66.4638 108.265 42.5
      vertex 66.4638 108.265 47.5
      vertex 66.4449 108.201 42.5
    endloop
  endfacet
  facet normal 0.960047 -0.279839 0
    outer loop
      vertex 66.4638 108.265 47.5
      vertex 66.4449 108.201 47.5
      vertex 66.4449 108.201 42.5
    endloop
  endfacet
  facet normal 0.971349 -0.237659 0
    outer loop
      vertex 66.4449 108.201 42.5
      vertex 66.4449 108.201 47.5
      vertex 66.4288 108.135 42.5
    endloop
  endfacet
  facet normal 0.971349 -0.237659 0
    outer loop
      vertex 66.4449 108.201 47.5
      vertex 66.4288 108.135 47.5
      vertex 66.4288 108.135 42.5
    endloop
  endfacet
  facet normal 0.980784 -0.195099 0
    outer loop
      vertex 66.4288 108.135 42.5
      vertex 66.4288 108.135 47.5
      vertex 66.4156 108.069 42.5
    endloop
  endfacet
  facet normal 0.980784 -0.195099 0
    outer loop
      vertex 66.4288 108.135 47.5
      vertex 66.4156 108.069 47.5
      vertex 66.4156 108.069 42.5
    endloop
  endfacet
  facet normal 0.988358 -0.152148 0
    outer loop
      vertex 66.4156 108.069 42.5
      vertex 66.4156 108.069 47.5
      vertex 66.4053 108.002 42.5
    endloop
  endfacet
  facet normal 0.988358 -0.152148 0
    outer loop
      vertex 66.4156 108.069 47.5
      vertex 66.4053 108.002 47.5
      vertex 66.4053 108.002 42.5
    endloop
  endfacet
  facet normal 0.994057 -0.108859 0
    outer loop
      vertex 66.4053 108.002 42.5
      vertex 66.4053 108.002 47.5
      vertex 66.398 107.934 42.5
    endloop
  endfacet
  facet normal 0.994057 -0.108859 0
    outer loop
      vertex 66.4053 108.002 47.5
      vertex 66.398 107.934 47.5
      vertex 66.398 107.934 42.5
    endloop
  endfacet
  facet normal 0.997864 -0.0653271 0
    outer loop
      vertex 66.398 107.934 42.5
      vertex 66.398 107.934 47.5
      vertex 66.3936 107.867 42.5
    endloop
  endfacet
  facet normal 0.997864 -0.0653271 0
    outer loop
      vertex 66.398 107.934 47.5
      vertex 66.3936 107.867 47.5
      vertex 66.3936 107.867 42.5
    endloop
  endfacet
  facet normal 0.999762 -0.0218154 0
    outer loop
      vertex 66.3936 107.867 42.5
      vertex 66.3936 107.867 47.5
      vertex 66.3921 107.799 42.5
    endloop
  endfacet
  facet normal 0.999762 -0.0218154 0
    outer loop
      vertex 66.3936 107.867 47.5
      vertex 66.3921 107.799 47.5
      vertex 66.3921 107.799 42.5
    endloop
  endfacet
  facet normal 0.999762 0.0218154 0
    outer loop
      vertex 66.3921 107.799 42.5
      vertex 66.3921 107.799 47.5
      vertex 66.3936 107.732 42.5
    endloop
  endfacet
  facet normal 0.999762 0.0218154 0
    outer loop
      vertex 66.3921 107.799 47.5
      vertex 66.3936 107.732 47.5
      vertex 66.3936 107.732 42.5
    endloop
  endfacet
  facet normal 0.997864 0.0653271 0
    outer loop
      vertex 66.3936 107.732 42.5
      vertex 66.3936 107.732 47.5
      vertex 66.398 107.664 42.5
    endloop
  endfacet
  facet normal 0.997864 0.0653271 0
    outer loop
      vertex 66.3936 107.732 47.5
      vertex 66.398 107.664 47.5
      vertex 66.398 107.664 42.5
    endloop
  endfacet
  facet normal 0.994057 0.108859 0
    outer loop
      vertex 66.398 107.664 42.5
      vertex 66.398 107.664 47.5
      vertex 66.4053 107.597 42.5
    endloop
  endfacet
  facet normal 0.994057 0.108859 0
    outer loop
      vertex 66.398 107.664 47.5
      vertex 66.4053 107.597 47.5
      vertex 66.4053 107.597 42.5
    endloop
  endfacet
  facet normal 0.988358 0.152148 0
    outer loop
      vertex 66.4053 107.597 42.5
      vertex 66.4053 107.597 47.5
      vertex 66.4156 107.53 42.5
    endloop
  endfacet
  facet normal 0.988358 0.152148 0
    outer loop
      vertex 66.4053 107.597 47.5
      vertex 66.4156 107.53 47.5
      vertex 66.4156 107.53 42.5
    endloop
  endfacet
  facet normal 0.980784 0.195099 0
    outer loop
      vertex 66.4156 107.53 42.5
      vertex 66.4156 107.53 47.5
      vertex 66.4288 107.464 42.5
    endloop
  endfacet
  facet normal 0.980784 0.195099 0
    outer loop
      vertex 66.4156 107.53 47.5
      vertex 66.4288 107.464 47.5
      vertex 66.4288 107.464 42.5
    endloop
  endfacet
  facet normal 0.971349 0.237659 0
    outer loop
      vertex 66.4288 107.464 42.5
      vertex 66.4288 107.464 47.5
      vertex 66.4449 107.398 42.5
    endloop
  endfacet
  facet normal 0.971349 0.237659 0
    outer loop
      vertex 66.4288 107.464 47.5
      vertex 66.4449 107.398 47.5
      vertex 66.4449 107.398 42.5
    endloop
  endfacet
  facet normal 0.960047 0.279839 0
    outer loop
      vertex 66.4449 107.398 42.5
      vertex 66.4449 107.398 47.5
      vertex 66.4638 107.333 42.5
    endloop
  endfacet
  facet normal 0.960047 0.279839 0
    outer loop
      vertex 66.4449 107.398 47.5
      vertex 66.4638 107.333 47.5
      vertex 66.4638 107.333 42.5
    endloop
  endfacet
  facet normal 0.946917 0.321478 0
    outer loop
      vertex 66.4638 107.333 42.5
      vertex 66.4638 107.333 47.5
      vertex 66.4856 107.269 42.5
    endloop
  endfacet
  facet normal 0.946917 0.321478 0
    outer loop
      vertex 66.4638 107.333 47.5
      vertex 66.4856 107.269 47.5
      vertex 66.4856 107.269 42.5
    endloop
  endfacet
  facet normal 0.932027 0.362388 0
    outer loop
      vertex 66.4856 107.269 42.5
      vertex 66.4856 107.269 47.5
      vertex 66.5101 107.206 42.5
    endloop
  endfacet
  facet normal 0.932027 0.362388 0
    outer loop
      vertex 66.4856 107.269 47.5
      vertex 66.5101 107.206 47.5
      vertex 66.5101 107.206 42.5
    endloop
  endfacet
  facet normal 0.915296 0.402783 0
    outer loop
      vertex 66.5101 107.206 42.5
      vertex 66.5101 107.206 47.5
      vertex 66.5373 107.144 42.5
    endloop
  endfacet
  facet normal 0.915296 0.402783 0
    outer loop
      vertex 66.5101 107.206 47.5
      vertex 66.5373 107.144 47.5
      vertex 66.5373 107.144 42.5
    endloop
  endfacet
  facet normal 0.896859 0.442316 0
    outer loop
      vertex 66.5373 107.144 42.5
      vertex 66.5373 107.144 47.5
      vertex 66.5672 107.084 42.5
    endloop
  endfacet
  facet normal 0.896859 0.442316 0
    outer loop
      vertex 66.5373 107.144 47.5
      vertex 66.5672 107.084 47.5
      vertex 66.5672 107.084 42.5
    endloop
  endfacet
  facet normal 0.876769 0.480912 0
    outer loop
      vertex 66.5672 107.084 42.5
      vertex 66.5672 107.084 47.5
      vertex 66.5997 107.024 42.5
    endloop
  endfacet
  facet normal 0.876769 0.480912 0
    outer loop
      vertex 66.5672 107.084 47.5
      vertex 66.5997 107.024 47.5
      vertex 66.5997 107.024 42.5
    endloop
  endfacet
  facet normal 0.854877 0.518831 0
    outer loop
      vertex 66.5997 107.024 42.5
      vertex 66.5997 107.024 47.5
      vertex 66.6348 106.967 42.5
    endloop
  endfacet
  facet normal 0.854877 0.518831 0
    outer loop
      vertex 66.5997 107.024 47.5
      vertex 66.6348 106.967 47.5
      vertex 66.6348 106.967 42.5
    endloop
  endfacet
  facet normal 0.831457 0.55559 0
    outer loop
      vertex 66.6348 106.967 42.5
      vertex 66.6348 106.967 47.5
      vertex 66.6724 106.91 42.5
    endloop
  endfacet
  facet normal 0.831457 0.55559 0
    outer loop
      vertex 66.6348 106.967 47.5
      vertex 66.6724 106.91 47.5
      vertex 66.6724 106.91 42.5
    endloop
  endfacet
  facet normal 0.806458 0.591292 0
    outer loop
      vertex 66.6724 106.91 42.5
      vertex 66.6724 106.91 47.5
      vertex 66.7124 106.856 42.5
    endloop
  endfacet
  facet normal 0.806458 0.591292 0
    outer loop
      vertex 66.6724 106.91 47.5
      vertex 66.7124 106.856 47.5
      vertex 66.7124 106.856 42.5
    endloop
  endfacet
  facet normal 0.779911 0.62589 0
    outer loop
      vertex 66.7124 106.856 42.5
      vertex 66.7124 106.856 47.5
      vertex 66.7547 106.803 42.5
    endloop
  endfacet
  facet normal 0.779911 0.62589 0
    outer loop
      vertex 66.7124 106.856 47.5
      vertex 66.7547 106.803 47.5
      vertex 66.7547 106.803 42.5
    endloop
  endfacet
  facet normal 0.751812 0.659378 0
    outer loop
      vertex 66.7547 106.803 42.5
      vertex 66.7547 106.803 47.5
      vertex 66.7993 106.752 42.5
    endloop
  endfacet
  facet normal 0.751812 0.659378 0
    outer loop
      vertex 66.7547 106.803 47.5
      vertex 66.7993 106.752 47.5
      vertex 66.7993 106.752 42.5
    endloop
  endfacet
  facet normal 0.722417 0.691458 0
    outer loop
      vertex 66.7993 106.752 42.5
      vertex 66.7993 106.752 47.5
      vertex 66.8461 106.703 42.5
    endloop
  endfacet
  facet normal 0.722417 0.691458 0
    outer loop
      vertex 66.7993 106.752 47.5
      vertex 66.8461 106.703 47.5
      vertex 66.8461 106.703 42.5
    endloop
  endfacet
  facet normal 0.691458 0.722417 0
    outer loop
      vertex 66.8461 106.703 42.5
      vertex 66.8461 106.703 47.5
      vertex 66.8949 106.657 42.5
    endloop
  endfacet
  facet normal 0.691458 0.722417 0
    outer loop
      vertex 66.8461 106.703 47.5
      vertex 66.8949 106.657 47.5
      vertex 66.8949 106.657 42.5
    endloop
  endfacet
  facet normal 0.659378 0.751812 0
    outer loop
      vertex 66.8949 106.657 42.5
      vertex 66.8949 106.657 47.5
      vertex 66.9458 106.612 42.5
    endloop
  endfacet
  facet normal 0.659378 0.751812 0
    outer loop
      vertex 66.8949 106.657 47.5
      vertex 66.9458 106.612 47.5
      vertex 66.9458 106.612 42.5
    endloop
  endfacet
  facet normal 0.62589 0.779911 0
    outer loop
      vertex 66.9458 106.612 42.5
      vertex 66.9458 106.612 47.5
      vertex 66.9985 106.57 42.5
    endloop
  endfacet
  facet normal 0.62589 0.779911 0
    outer loop
      vertex 66.9458 106.612 47.5
      vertex 66.9985 106.57 47.5
      vertex 66.9985 106.57 42.5
    endloop
  endfacet
  facet normal 0.591292 0.806458 0
    outer loop
      vertex 66.9985 106.57 42.5
      vertex 66.9985 106.57 47.5
      vertex 67.053 106.53 42.5
    endloop
  endfacet
  facet normal 0.591292 0.806458 0
    outer loop
      vertex 66.9985 106.57 47.5
      vertex 67.053 106.53 47.5
      vertex 67.053 106.53 42.5
    endloop
  endfacet
  facet normal 0.55559 0.831457 0
    outer loop
      vertex 67.053 106.53 42.5
      vertex 67.053 106.53 47.5
      vertex 67.1093 106.492 42.5
    endloop
  endfacet
  facet normal 0.55559 0.831457 0
    outer loop
      vertex 67.053 106.53 47.5
      vertex 67.1093 106.492 47.5
      vertex 67.1093 106.492 42.5
    endloop
  endfacet
  facet normal 0.518831 0.854877 0
    outer loop
      vertex 67.1093 106.492 42.5
      vertex 67.1093 106.492 47.5
      vertex 67.1671 106.457 42.5
    endloop
  endfacet
  facet normal 0.518831 0.854877 0
    outer loop
      vertex 67.1093 106.492 47.5
      vertex 67.1671 106.457 47.5
      vertex 67.1671 106.457 42.5
    endloop
  endfacet
  facet normal 0.480912 0.876769 0
    outer loop
      vertex 67.1671 106.457 42.5
      vertex 67.1671 106.457 47.5
      vertex 67.2264 106.424 42.5
    endloop
  endfacet
  facet normal 0.480912 0.876769 0
    outer loop
      vertex 67.1671 106.457 47.5
      vertex 67.2264 106.424 47.5
      vertex 67.2264 106.424 42.5
    endloop
  endfacet
  facet normal 0.442316 0.896859 0
    outer loop
      vertex 67.2264 106.424 42.5
      vertex 67.2264 106.424 47.5
      vertex 67.287 106.395 42.5
    endloop
  endfacet
  facet normal 0.442316 0.896859 0
    outer loop
      vertex 67.2264 106.424 47.5
      vertex 67.287 106.395 47.5
      vertex 67.287 106.395 42.5
    endloop
  endfacet
  facet normal 0.402783 0.915296 0
    outer loop
      vertex 67.287 106.395 42.5
      vertex 67.287 106.395 47.5
      vertex 67.3489 106.367 42.5
    endloop
  endfacet
  facet normal 0.402783 0.915296 0
    outer loop
      vertex 67.287 106.395 47.5
      vertex 67.3489 106.367 47.5
      vertex 67.3489 106.367 42.5
    endloop
  endfacet
  facet normal 0.362388 0.932027 0
    outer loop
      vertex 67.3489 106.367 42.5
      vertex 67.3489 106.367 47.5
      vertex 67.4119 106.343 42.5
    endloop
  endfacet
  facet normal 0.362388 0.932027 0
    outer loop
      vertex 67.3489 106.367 47.5
      vertex 67.4119 106.343 47.5
      vertex 67.4119 106.343 42.5
    endloop
  endfacet
  facet normal 0.321478 0.946917 0
    outer loop
      vertex 67.4119 106.343 42.5
      vertex 67.4119 106.343 47.5
      vertex 67.476 106.321 42.5
    endloop
  endfacet
  facet normal 0.321478 0.946917 0
    outer loop
      vertex 67.4119 106.343 47.5
      vertex 67.476 106.321 47.5
      vertex 67.476 106.321 42.5
    endloop
  endfacet
  facet normal 0.279839 0.960047 0
    outer loop
      vertex 67.476 106.321 42.5
      vertex 67.476 106.321 47.5
      vertex 67.5409 106.302 42.5
    endloop
  endfacet
  facet normal 0.279839 0.960047 0
    outer loop
      vertex 67.476 106.321 47.5
      vertex 67.5409 106.302 47.5
      vertex 67.5409 106.302 42.5
    endloop
  endfacet
  facet normal 0.237659 0.971349 0
    outer loop
      vertex 67.5409 106.302 42.5
      vertex 67.5409 106.302 47.5
      vertex 67.6066 106.286 42.5
    endloop
  endfacet
  facet normal 0.237659 0.971349 0
    outer loop
      vertex 67.5409 106.302 47.5
      vertex 67.6066 106.286 47.5
      vertex 67.6066 106.286 42.5
    endloop
  endfacet
  facet normal 0.195099 0.980784 0
    outer loop
      vertex 67.6066 106.286 42.5
      vertex 67.6066 106.286 47.5
      vertex 67.6729 106.273 42.5
    endloop
  endfacet
  facet normal 0.195099 0.980784 0
    outer loop
      vertex 67.6066 106.286 47.5
      vertex 67.6729 106.273 47.5
      vertex 67.6729 106.273 42.5
    endloop
  endfacet
  facet normal 0.152148 0.988358 0
    outer loop
      vertex 67.6729 106.273 42.5
      vertex 67.6729 106.273 47.5
      vertex 67.7398 106.263 42.5
    endloop
  endfacet
  facet normal 0.152148 0.988358 0
    outer loop
      vertex 67.6729 106.273 47.5
      vertex 67.7398 106.263 47.5
      vertex 67.7398 106.263 42.5
    endloop
  endfacet
  facet normal 0.108859 0.994057 0
    outer loop
      vertex 67.7398 106.263 42.5
      vertex 67.7398 106.263 47.5
      vertex 67.807 106.255 42.5
    endloop
  endfacet
  facet normal 0.108859 0.994057 0
    outer loop
      vertex 67.7398 106.263 47.5
      vertex 67.807 106.255 47.5
      vertex 67.807 106.255 42.5
    endloop
  endfacet
  facet normal 0.0653271 0.997864 0
    outer loop
      vertex 67.807 106.255 42.5
      vertex 67.807 106.255 47.5
      vertex 67.8745 106.251 42.5
    endloop
  endfacet
  facet normal 0.0653271 0.997864 0
    outer loop
      vertex 67.807 106.255 47.5
      vertex 67.8745 106.251 47.5
      vertex 67.8745 106.251 42.5
    endloop
  endfacet
  facet normal 0.0218154 0.999762 0
    outer loop
      vertex 67.8745 106.251 42.5
      vertex 67.8745 106.251 47.5
      vertex 67.9421 106.249 42.5
    endloop
  endfacet
  facet normal 0.0218154 0.999762 0
    outer loop
      vertex 67.8745 106.251 47.5
      vertex 67.9421 106.249 47.5
      vertex 67.9421 106.249 42.5
    endloop
  endfacet
  facet normal -0.0218154 0.999762 0
    outer loop
      vertex 67.9421 106.249 42.5
      vertex 67.9421 106.249 47.5
      vertex 68.0097 106.251 42.5
    endloop
  endfacet
  facet normal -0.0218154 0.999762 0
    outer loop
      vertex 67.9421 106.249 47.5
      vertex 68.0097 106.251 47.5
      vertex 68.0097 106.251 42.5
    endloop
  endfacet
  facet normal -0.0653271 0.997864 0
    outer loop
      vertex 68.0097 106.251 42.5
      vertex 68.0097 106.251 47.5
      vertex 68.0772 106.255 42.5
    endloop
  endfacet
  facet normal -0.0653271 0.997864 0
    outer loop
      vertex 68.0097 106.251 47.5
      vertex 68.0772 106.255 47.5
      vertex 68.0772 106.255 42.5
    endloop
  endfacet
  facet normal -0.108859 0.994057 0
    outer loop
      vertex 68.0772 106.255 42.5
      vertex 68.0772 106.255 47.5
      vertex 68.1444 106.263 42.5
    endloop
  endfacet
  facet normal -0.108859 0.994057 0
    outer loop
      vertex 68.0772 106.255 47.5
      vertex 68.1444 106.263 47.5
      vertex 68.1444 106.263 42.5
    endloop
  endfacet
  facet normal -0.152148 0.988358 0
    outer loop
      vertex 68.1444 106.263 42.5
      vertex 68.1444 106.263 47.5
      vertex 68.2112 106.273 42.5
    endloop
  endfacet
  facet normal -0.152148 0.988358 0
    outer loop
      vertex 68.1444 106.263 47.5
      vertex 68.2112 106.273 47.5
      vertex 68.2112 106.273 42.5
    endloop
  endfacet
  facet normal -0.195099 0.980784 0
    outer loop
      vertex 68.2112 106.273 42.5
      vertex 68.2112 106.273 47.5
      vertex 68.2776 106.286 42.5
    endloop
  endfacet
  facet normal -0.195099 0.980784 0
    outer loop
      vertex 68.2112 106.273 47.5
      vertex 68.2776 106.286 47.5
      vertex 68.2776 106.286 42.5
    endloop
  endfacet
  facet normal -0.237659 0.971349 0
    outer loop
      vertex 68.2776 106.286 42.5
      vertex 68.2776 106.286 47.5
      vertex 68.3432 106.302 42.5
    endloop
  endfacet
  facet normal -0.237659 0.971349 0
    outer loop
      vertex 68.2776 106.286 47.5
      vertex 68.3432 106.302 47.5
      vertex 68.3432 106.302 42.5
    endloop
  endfacet
  facet normal -0.279839 0.960047 0
    outer loop
      vertex 68.3432 106.302 42.5
      vertex 68.3432 106.302 47.5
      vertex 68.4082 106.321 42.5
    endloop
  endfacet
  facet normal -0.279839 0.960047 0
    outer loop
      vertex 68.3432 106.302 47.5
      vertex 68.4082 106.321 47.5
      vertex 68.4082 106.321 42.5
    endloop
  endfacet
  facet normal -0.321478 0.946917 0
    outer loop
      vertex 68.4082 106.321 42.5
      vertex 68.4082 106.321 47.5
      vertex 68.4722 106.343 42.5
    endloop
  endfacet
  facet normal -0.321478 0.946917 0
    outer loop
      vertex 68.4082 106.321 47.5
      vertex 68.4722 106.343 47.5
      vertex 68.4722 106.343 42.5
    endloop
  endfacet
  facet normal -0.362388 0.932027 0
    outer loop
      vertex 68.4722 106.343 42.5
      vertex 68.4722 106.343 47.5
      vertex 68.5352 106.367 42.5
    endloop
  endfacet
  facet normal -0.362388 0.932027 0
    outer loop
      vertex 68.4722 106.343 47.5
      vertex 68.5352 106.367 47.5
      vertex 68.5352 106.367 42.5
    endloop
  endfacet
  facet normal -0.402783 0.915296 0
    outer loop
      vertex 68.5352 106.367 42.5
      vertex 68.5352 106.367 47.5
      vertex 68.5971 106.395 42.5
    endloop
  endfacet
  facet normal -0.402783 0.915296 0
    outer loop
      vertex 68.5352 106.367 47.5
      vertex 68.5971 106.395 47.5
      vertex 68.5971 106.395 42.5
    endloop
  endfacet
  facet normal -0.442316 0.896859 0
    outer loop
      vertex 68.5971 106.395 42.5
      vertex 68.5971 106.395 47.5
      vertex 68.6578 106.424 42.5
    endloop
  endfacet
  facet normal -0.442316 0.896859 0
    outer loop
      vertex 68.5971 106.395 47.5
      vertex 68.6578 106.424 47.5
      vertex 68.6578 106.424 42.5
    endloop
  endfacet
  facet normal -0.480912 0.876769 0
    outer loop
      vertex 68.6578 106.424 42.5
      vertex 68.6578 106.424 47.5
      vertex 68.7171 106.457 42.5
    endloop
  endfacet
  facet normal -0.480912 0.876769 0
    outer loop
      vertex 68.6578 106.424 47.5
      vertex 68.7171 106.457 47.5
      vertex 68.7171 106.457 42.5
    endloop
  endfacet
  facet normal -0.518831 0.854877 0
    outer loop
      vertex 68.7171 106.457 42.5
      vertex 68.7171 106.457 47.5
      vertex 68.7749 106.492 42.5
    endloop
  endfacet
  facet normal -0.518831 0.854877 0
    outer loop
      vertex 68.7171 106.457 47.5
      vertex 68.7749 106.492 47.5
      vertex 68.7749 106.492 42.5
    endloop
  endfacet
  facet normal -0.55559 0.831457 0
    outer loop
      vertex 68.7749 106.492 42.5
      vertex 68.7749 106.492 47.5
      vertex 68.8311 106.53 42.5
    endloop
  endfacet
  facet normal -0.55559 0.831457 0
    outer loop
      vertex 68.7749 106.492 47.5
      vertex 68.8311 106.53 47.5
      vertex 68.8311 106.53 42.5
    endloop
  endfacet
  facet normal -0.591292 0.806458 0
    outer loop
      vertex 68.8311 106.53 42.5
      vertex 68.8311 106.53 47.5
      vertex 68.8857 106.57 42.5
    endloop
  endfacet
  facet normal -0.591292 0.806458 0
    outer loop
      vertex 68.8311 106.53 47.5
      vertex 68.8857 106.57 47.5
      vertex 68.8857 106.57 42.5
    endloop
  endfacet
  facet normal -0.62589 0.779911 0
    outer loop
      vertex 68.8857 106.57 42.5
      vertex 68.8857 106.57 47.5
      vertex 68.9384 106.612 42.5
    endloop
  endfacet
  facet normal -0.62589 0.779911 0
    outer loop
      vertex 68.8857 106.57 47.5
      vertex 68.9384 106.612 47.5
      vertex 68.9384 106.612 42.5
    endloop
  endfacet
  facet normal -0.659378 0.751812 0
    outer loop
      vertex 68.9384 106.612 42.5
      vertex 68.9384 106.612 47.5
      vertex 68.9892 106.657 42.5
    endloop
  endfacet
  facet normal -0.659378 0.751812 0
    outer loop
      vertex 68.9384 106.612 47.5
      vertex 68.9892 106.657 47.5
      vertex 68.9892 106.657 42.5
    endloop
  endfacet
  facet normal -0.691458 0.722417 0
    outer loop
      vertex 68.9892 106.657 42.5
      vertex 68.9892 106.657 47.5
      vertex 69.0381 106.703 42.5
    endloop
  endfacet
  facet normal -0.691458 0.722417 0
    outer loop
      vertex 68.9892 106.657 47.5
      vertex 69.0381 106.703 47.5
      vertex 69.0381 106.703 42.5
    endloop
  endfacet
  facet normal -0.722417 0.691458 0
    outer loop
      vertex 69.0381 106.703 42.5
      vertex 69.0381 106.703 47.5
      vertex 69.0849 106.752 42.5
    endloop
  endfacet
  facet normal -0.722417 0.691458 0
    outer loop
      vertex 69.0381 106.703 47.5
      vertex 69.0849 106.752 47.5
      vertex 69.0849 106.752 42.5
    endloop
  endfacet
  facet normal -0.751812 0.659378 0
    outer loop
      vertex 69.0849 106.752 42.5
      vertex 69.0849 106.752 47.5
      vertex 69.1294 106.803 42.5
    endloop
  endfacet
  facet normal -0.751812 0.659378 0
    outer loop
      vertex 69.0849 106.752 47.5
      vertex 69.1294 106.803 47.5
      vertex 69.1294 106.803 42.5
    endloop
  endfacet
  facet normal -0.779911 0.62589 0
    outer loop
      vertex 69.1294 106.803 42.5
      vertex 69.1294 106.803 47.5
      vertex 69.1718 106.856 42.5
    endloop
  endfacet
  facet normal -0.779911 0.62589 0
    outer loop
      vertex 69.1294 106.803 47.5
      vertex 69.1718 106.856 47.5
      vertex 69.1718 106.856 42.5
    endloop
  endfacet
  facet normal -0.806458 0.591292 0
    outer loop
      vertex 69.1718 106.856 42.5
      vertex 69.1718 106.856 47.5
      vertex 69.2118 106.91 42.5
    endloop
  endfacet
  facet normal -0.806458 0.591292 0
    outer loop
      vertex 69.1718 106.856 47.5
      vertex 69.2118 106.91 47.5
      vertex 69.2118 106.91 42.5
    endloop
  endfacet
  facet normal -0.831457 0.55559 0
    outer loop
      vertex 69.2118 106.91 42.5
      vertex 69.2118 106.91 47.5
      vertex 69.2493 106.967 42.5
    endloop
  endfacet
  facet normal -0.831457 0.55559 0
    outer loop
      vertex 69.2118 106.91 47.5
      vertex 69.2493 106.967 47.5
      vertex 69.2493 106.967 42.5
    endloop
  endfacet
  facet normal -0.854877 0.518831 0
    outer loop
      vertex 69.2493 106.967 42.5
      vertex 69.2493 106.967 47.5
      vertex 69.2844 107.024 42.5
    endloop
  endfacet
  facet normal -0.854877 0.518831 0
    outer loop
      vertex 69.2493 106.967 47.5
      vertex 69.2844 107.024 47.5
      vertex 69.2844 107.024 42.5
    endloop
  endfacet
  facet normal -0.876769 0.480912 0
    outer loop
      vertex 69.2844 107.024 42.5
      vertex 69.2844 107.024 47.5
      vertex 69.3169 107.084 42.5
    endloop
  endfacet
  facet normal -0.876769 0.480912 0
    outer loop
      vertex 69.2844 107.024 47.5
      vertex 69.3169 107.084 47.5
      vertex 69.3169 107.084 42.5
    endloop
  endfacet
  facet normal -0.896859 0.442316 0
    outer loop
      vertex 69.3169 107.084 42.5
      vertex 69.3169 107.084 47.5
      vertex 69.3469 107.144 42.5
    endloop
  endfacet
  facet normal -0.896859 0.442316 0
    outer loop
      vertex 69.3169 107.084 47.5
      vertex 69.3469 107.144 47.5
      vertex 69.3469 107.144 42.5
    endloop
  endfacet
  facet normal -0.915296 0.402783 0
    outer loop
      vertex 69.3469 107.144 42.5
      vertex 69.3469 107.144 47.5
      vertex 69.3741 107.206 42.5
    endloop
  endfacet
  facet normal -0.915296 0.402783 0
    outer loop
      vertex 69.3469 107.144 47.5
      vertex 69.3741 107.206 47.5
      vertex 69.3741 107.206 42.5
    endloop
  endfacet
  facet normal -0.932027 0.362388 0
    outer loop
      vertex 69.3741 107.206 42.5
      vertex 69.3741 107.206 47.5
      vertex 69.3986 107.269 42.5
    endloop
  endfacet
  facet normal -0.932027 0.362388 0
    outer loop
      vertex 69.3741 107.206 47.5
      vertex 69.3986 107.269 47.5
      vertex 69.3986 107.269 42.5
    endloop
  endfacet
  facet normal -0.946917 0.321478 0
    outer loop
      vertex 69.3986 107.269 42.5
      vertex 69.3986 107.269 47.5
      vertex 69.4203 107.333 42.5
    endloop
  endfacet
  facet normal -0.946917 0.321478 0
    outer loop
      vertex 69.3986 107.269 47.5
      vertex 69.4203 107.333 47.5
      vertex 69.4203 107.333 42.5
    endloop
  endfacet
  facet normal -0.960047 0.279839 0
    outer loop
      vertex 69.4203 107.333 42.5
      vertex 69.4203 107.333 47.5
      vertex 69.4393 107.398 42.5
    endloop
  endfacet
  facet normal -0.960047 0.279839 0
    outer loop
      vertex 69.4203 107.333 47.5
      vertex 69.4393 107.398 47.5
      vertex 69.4393 107.398 42.5
    endloop
  endfacet
  facet normal -0.971349 0.237659 0
    outer loop
      vertex 69.4393 107.398 42.5
      vertex 69.4393 107.398 47.5
      vertex 69.4553 107.464 42.5
    endloop
  endfacet
  facet normal -0.971349 0.237659 0
    outer loop
      vertex 69.4393 107.398 47.5
      vertex 69.4553 107.464 47.5
      vertex 69.4553 107.464 42.5
    endloop
  endfacet
  facet normal -0.980784 0.195099 0
    outer loop
      vertex 69.4553 107.464 42.5
      vertex 69.4553 107.464 47.5
      vertex 69.4685 107.53 42.5
    endloop
  endfacet
  facet normal -0.980784 0.195099 0
    outer loop
      vertex 69.4553 107.464 47.5
      vertex 69.4685 107.53 47.5
      vertex 69.4685 107.53 42.5
    endloop
  endfacet
  facet normal -0.988358 0.152148 0
    outer loop
      vertex 69.4685 107.53 42.5
      vertex 69.4685 107.53 47.5
      vertex 69.4788 107.597 42.5
    endloop
  endfacet
  facet normal -0.988358 0.152148 0
    outer loop
      vertex 69.4685 107.53 47.5
      vertex 69.4788 107.597 47.5
      vertex 69.4788 107.597 42.5
    endloop
  endfacet
  facet normal -0.994057 0.108859 0
    outer loop
      vertex 69.4788 107.597 42.5
      vertex 69.4788 107.597 47.5
      vertex 69.4862 107.664 42.5
    endloop
  endfacet
  facet normal -0.994057 0.108859 0
    outer loop
      vertex 69.4788 107.597 47.5
      vertex 69.4862 107.664 47.5
      vertex 69.4862 107.664 42.5
    endloop
  endfacet
  facet normal -0.997864 0.0653271 0
    outer loop
      vertex 69.4862 107.664 42.5
      vertex 69.4862 107.664 47.5
      vertex 69.4906 107.732 42.5
    endloop
  endfacet
  facet normal -0.997864 0.0653271 0
    outer loop
      vertex 69.4862 107.664 47.5
      vertex 69.4906 107.732 47.5
      vertex 69.4906 107.732 42.5
    endloop
  endfacet
  facet normal -0.999762 0.0218154 0
    outer loop
      vertex 69.4906 107.732 42.5
      vertex 69.4906 107.732 47.5
      vertex 69.4921 107.799 42.5
    endloop
  endfacet
  facet normal -0.999762 0.0218154 0
    outer loop
      vertex 69.4906 107.732 47.5
      vertex 69.4921 107.799 47.5
      vertex 69.4921 107.799 42.5
    endloop
  endfacet
  facet normal 0 -1 0
    outer loop
      vertex 35.0217 4.70975 47.5
      vertex 35.0217 4.70975 42.5
      vertex 50.0217 4.70975 47.5
    endloop
  endfacet
  facet normal 0 -1 0
    outer loop
      vertex 35.0217 4.70975 42.5
      vertex 50.0217 4.70975 42.5
      vertex 50.0217 4.70975 47.5
    endloop
  endfacet
  facet normal -0.999762 -0.0218154 0
    outer loop
      vertex 70.4125 -109.136 42.5
      vertex 70.4125 -109.136 47.5
      vertex 70.411 -109.068 42.5
    endloop
  endfacet
  facet normal -0.999762 -0.0218154 0
    outer loop
      vertex 70.4125 -109.136 47.5
      vertex 70.411 -109.068 47.5
      vertex 70.411 -109.068 42.5
    endloop
  endfacet
  facet normal -0.997856 -0.065444 0
    outer loop
      vertex 70.411 -109.068 42.5
      vertex 70.411 -109.068 47.5
      vertex 70.4066 -109 42.5
    endloop
  endfacet
  facet normal -0.997856 -0.065444 0
    outer loop
      vertex 70.411 -109.068 47.5
      vertex 70.4066 -109 47.5
      vertex 70.4066 -109 42.5
    endloop
  endfacet
  facet normal -0.994058 -0.108847 0
    outer loop
      vertex 70.4066 -109 42.5
      vertex 70.4066 -109 47.5
      vertex 70.3993 -108.933 42.5
    endloop
  endfacet
  facet normal -0.994058 -0.108847 0
    outer loop
      vertex 70.4066 -109 47.5
      vertex 70.3993 -108.933 47.5
      vertex 70.3993 -108.933 42.5
    endloop
  endfacet
  facet normal -0.988358 -0.152148 0
    outer loop
      vertex 70.3993 -108.933 42.5
      vertex 70.3993 -108.933 47.5
      vertex 70.389 -108.866 42.5
    endloop
  endfacet
  facet normal -0.988358 -0.152148 0
    outer loop
      vertex 70.3993 -108.933 47.5
      vertex 70.389 -108.866 47.5
      vertex 70.389 -108.866 42.5
    endloop
  endfacet
  facet normal -0.980779 -0.19512 0
    outer loop
      vertex 70.389 -108.866 42.5
      vertex 70.389 -108.866 47.5
      vertex 70.3758 -108.8 42.5
    endloop
  endfacet
  facet normal -0.980779 -0.19512 0
    outer loop
      vertex 70.389 -108.866 47.5
      vertex 70.3758 -108.8 47.5
      vertex 70.3758 -108.8 42.5
    endloop
  endfacet
  facet normal -0.971355 -0.237633 0
    outer loop
      vertex 70.3758 -108.8 42.5
      vertex 70.3758 -108.8 47.5
      vertex 70.3597 -108.734 42.5
    endloop
  endfacet
  facet normal -0.971355 -0.237633 0
    outer loop
      vertex 70.3758 -108.8 47.5
      vertex 70.3597 -108.734 47.5
      vertex 70.3597 -108.734 42.5
    endloop
  endfacet
  facet normal -0.960047 -0.279839 0
    outer loop
      vertex 70.3597 -108.734 42.5
      vertex 70.3597 -108.734 47.5
      vertex 70.3408 -108.669 42.5
    endloop
  endfacet
  facet normal -0.960047 -0.279839 0
    outer loop
      vertex 70.3597 -108.734 47.5
      vertex 70.3408 -108.669 47.5
      vertex 70.3408 -108.669 42.5
    endloop
  endfacet
  facet normal -0.946917 -0.321478 0
    outer loop
      vertex 70.3408 -108.669 42.5
      vertex 70.3408 -108.669 47.5
      vertex 70.319 -108.605 42.5
    endloop
  endfacet
  facet normal -0.946917 -0.321478 0
    outer loop
      vertex 70.3408 -108.669 47.5
      vertex 70.319 -108.605 47.5
      vertex 70.319 -108.605 42.5
    endloop
  endfacet
  facet normal -0.932027 -0.362388 0
    outer loop
      vertex 70.319 -108.605 42.5
      vertex 70.319 -108.605 47.5
      vertex 70.2945 -108.542 42.5
    endloop
  endfacet
  facet normal -0.932027 -0.362388 0
    outer loop
      vertex 70.319 -108.605 47.5
      vertex 70.2945 -108.542 47.5
      vertex 70.2945 -108.542 42.5
    endloop
  endfacet
  facet normal -0.915296 -0.402783 0
    outer loop
      vertex 70.2945 -108.542 42.5
      vertex 70.2945 -108.542 47.5
      vertex 70.2673 -108.48 42.5
    endloop
  endfacet
  facet normal -0.915296 -0.402783 0
    outer loop
      vertex 70.2945 -108.542 47.5
      vertex 70.2673 -108.48 47.5
      vertex 70.2673 -108.48 42.5
    endloop
  endfacet
  facet normal -0.896903 -0.442227 0
    outer loop
      vertex 70.2673 -108.48 42.5
      vertex 70.2673 -108.48 47.5
      vertex 70.2374 -108.42 42.5
    endloop
  endfacet
  facet normal -0.896903 -0.442227 0
    outer loop
      vertex 70.2673 -108.48 47.5
      vertex 70.2374 -108.42 47.5
      vertex 70.2374 -108.42 42.5
    endloop
  endfacet
  facet normal -0.876722 -0.480997 0
    outer loop
      vertex 70.2374 -108.42 42.5
      vertex 70.2374 -108.42 47.5
      vertex 70.2049 -108.361 42.5
    endloop
  endfacet
  facet normal -0.876722 -0.480997 0
    outer loop
      vertex 70.2374 -108.42 47.5
      vertex 70.2049 -108.361 47.5
      vertex 70.2049 -108.361 42.5
    endloop
  endfacet
  facet normal -0.854877 -0.518831 0
    outer loop
      vertex 70.2049 -108.361 42.5
      vertex 70.2049 -108.361 47.5
      vertex 70.1698 -108.303 42.5
    endloop
  endfacet
  facet normal -0.854877 -0.518831 0
    outer loop
      vertex 70.2049 -108.361 47.5
      vertex 70.1698 -108.303 47.5
      vertex 70.1698 -108.303 42.5
    endloop
  endfacet
  facet normal -0.831457 -0.55559 0
    outer loop
      vertex 70.1698 -108.303 42.5
      vertex 70.1698 -108.303 47.5
      vertex 70.1322 -108.247 42.5
    endloop
  endfacet
  facet normal -0.831457 -0.55559 0
    outer loop
      vertex 70.1698 -108.303 47.5
      vertex 70.1322 -108.247 47.5
      vertex 70.1322 -108.247 42.5
    endloop
  endfacet
  facet normal -0.806458 -0.591292 0
    outer loop
      vertex 70.1322 -108.247 42.5
      vertex 70.1322 -108.247 47.5
      vertex 70.0922 -108.192 42.5
    endloop
  endfacet
  facet normal -0.806458 -0.591292 0
    outer loop
      vertex 70.1322 -108.247 47.5
      vertex 70.0922 -108.192 47.5
      vertex 70.0922 -108.192 42.5
    endloop
  endfacet
  facet normal -0.779911 -0.62589 0
    outer loop
      vertex 70.0922 -108.192 42.5
      vertex 70.0922 -108.192 47.5
      vertex 70.0499 -108.139 42.5
    endloop
  endfacet
  facet normal -0.779911 -0.62589 0
    outer loop
      vertex 70.0922 -108.192 47.5
      vertex 70.0499 -108.139 47.5
      vertex 70.0499 -108.139 42.5
    endloop
  endfacet
  facet normal -0.751812 -0.659378 0
    outer loop
      vertex 70.0499 -108.139 42.5
      vertex 70.0499 -108.139 47.5
      vertex 70.0053 -108.088 42.5
    endloop
  endfacet
  facet normal -0.751812 -0.659378 0
    outer loop
      vertex 70.0499 -108.139 47.5
      vertex 70.0053 -108.088 47.5
      vertex 70.0053 -108.088 42.5
    endloop
  endfacet
  facet normal -0.722364 -0.691513 0
    outer loop
      vertex 70.0053 -108.088 42.5
      vertex 70.0053 -108.088 47.5
      vertex 69.9585 -108.04 42.5
    endloop
  endfacet
  facet normal -0.722364 -0.691513 0
    outer loop
      vertex 70.0053 -108.088 47.5
      vertex 69.9585 -108.04 47.5
      vertex 69.9585 -108.04 42.5
    endloop
  endfacet
  facet normal -0.691515 -0.722362 0
    outer loop
      vertex 69.9585 -108.04 42.5
      vertex 69.9585 -108.04 47.5
      vertex 69.9097 -107.993 42.5
    endloop
  endfacet
  facet normal -0.691515 -0.722362 0
    outer loop
      vertex 69.9585 -108.04 47.5
      vertex 69.9097 -107.993 47.5
      vertex 69.9097 -107.993 42.5
    endloop
  endfacet
  facet normal -0.659378 -0.751812 0
    outer loop
      vertex 69.9097 -107.993 42.5
      vertex 69.9097 -107.993 47.5
      vertex 69.8588 -107.948 42.5
    endloop
  endfacet
  facet normal -0.659378 -0.751812 0
    outer loop
      vertex 69.9097 -107.993 47.5
      vertex 69.8588 -107.948 47.5
      vertex 69.8588 -107.948 42.5
    endloop
  endfacet
  facet normal -0.62589 -0.779911 0
    outer loop
      vertex 69.8588 -107.948 42.5
      vertex 69.8588 -107.948 47.5
      vertex 69.8061 -107.906 42.5
    endloop
  endfacet
  facet normal -0.62589 -0.779911 0
    outer loop
      vertex 69.8588 -107.948 47.5
      vertex 69.8061 -107.906 47.5
      vertex 69.8061 -107.906 42.5
    endloop
  endfacet
  facet normal -0.591292 -0.806458 0
    outer loop
      vertex 69.8061 -107.906 42.5
      vertex 69.8061 -107.906 47.5
      vertex 69.7516 -107.866 42.5
    endloop
  endfacet
  facet normal -0.591292 -0.806458 0
    outer loop
      vertex 69.8061 -107.906 47.5
      vertex 69.7516 -107.866 47.5
      vertex 69.7516 -107.866 42.5
    endloop
  endfacet
  facet normal -0.555641 -0.831423 0
    outer loop
      vertex 69.7516 -107.866 42.5
      vertex 69.7516 -107.866 47.5
      vertex 69.6953 -107.828 42.5
    endloop
  endfacet
  facet normal -0.555641 -0.831423 0
    outer loop
      vertex 69.7516 -107.866 47.5
      vertex 69.6953 -107.828 47.5
      vertex 69.6953 -107.828 42.5
    endloop
  endfacet
  facet normal -0.518783 -0.854906 0
    outer loop
      vertex 69.6953 -107.828 42.5
      vertex 69.6953 -107.828 47.5
      vertex 69.6375 -107.793 42.5
    endloop
  endfacet
  facet normal -0.518783 -0.854906 0
    outer loop
      vertex 69.6953 -107.828 47.5
      vertex 69.6375 -107.793 47.5
      vertex 69.6375 -107.793 42.5
    endloop
  endfacet
  facet normal -0.480912 -0.876769 0
    outer loop
      vertex 69.6375 -107.793 42.5
      vertex 69.6375 -107.793 47.5
      vertex 69.5782 -107.761 42.5
    endloop
  endfacet
  facet normal -0.480912 -0.876769 0
    outer loop
      vertex 69.6375 -107.793 47.5
      vertex 69.5782 -107.761 47.5
      vertex 69.5782 -107.761 42.5
    endloop
  endfacet
  facet normal -0.442316 -0.896859 0
    outer loop
      vertex 69.5782 -107.761 42.5
      vertex 69.5782 -107.761 47.5
      vertex 69.5176 -107.731 42.5
    endloop
  endfacet
  facet normal -0.442316 -0.896859 0
    outer loop
      vertex 69.5782 -107.761 47.5
      vertex 69.5176 -107.731 47.5
      vertex 69.5176 -107.731 42.5
    endloop
  endfacet
  facet normal -0.402731 -0.915318 0
    outer loop
      vertex 69.5176 -107.731 42.5
      vertex 69.5176 -107.731 47.5
      vertex 69.4557 -107.704 42.5
    endloop
  endfacet
  facet normal -0.402731 -0.915318 0
    outer loop
      vertex 69.5176 -107.731 47.5
      vertex 69.4557 -107.704 47.5
      vertex 69.4557 -107.704 42.5
    endloop
  endfacet
  facet normal -0.362446 -0.932005 0
    outer loop
      vertex 69.4557 -107.704 42.5
      vertex 69.4557 -107.704 47.5
      vertex 69.3927 -107.679 42.5
    endloop
  endfacet
  facet normal -0.362446 -0.932005 0
    outer loop
      vertex 69.4557 -107.704 47.5
      vertex 69.3927 -107.679 47.5
      vertex 69.3927 -107.679 42.5
    endloop
  endfacet
  facet normal -0.321478 -0.946917 0
    outer loop
      vertex 69.3927 -107.679 42.5
      vertex 69.3927 -107.679 47.5
      vertex 69.3286 -107.657 42.5
    endloop
  endfacet
  facet normal -0.321478 -0.946917 0
    outer loop
      vertex 69.3927 -107.679 47.5
      vertex 69.3286 -107.657 47.5
      vertex 69.3286 -107.657 42.5
    endloop
  endfacet
  facet normal -0.279839 -0.960047 0
    outer loop
      vertex 69.3286 -107.657 42.5
      vertex 69.3286 -107.657 47.5
      vertex 69.2637 -107.638 42.5
    endloop
  endfacet
  facet normal -0.279839 -0.960047 0
    outer loop
      vertex 69.3286 -107.657 47.5
      vertex 69.2637 -107.638 47.5
      vertex 69.2637 -107.638 42.5
    endloop
  endfacet
  facet normal -0.237659 -0.971349 0
    outer loop
      vertex 69.2637 -107.638 42.5
      vertex 69.2637 -107.638 47.5
      vertex 69.198 -107.622 42.5
    endloop
  endfacet
  facet normal -0.237659 -0.971349 0
    outer loop
      vertex 69.2637 -107.638 47.5
      vertex 69.198 -107.622 47.5
      vertex 69.198 -107.622 42.5
    endloop
  endfacet
  facet normal -0.195099 -0.980784 0
    outer loop
      vertex 69.198 -107.622 42.5
      vertex 69.198 -107.622 47.5
      vertex 69.1317 -107.609 42.5
    endloop
  endfacet
  facet normal -0.195099 -0.980784 0
    outer loop
      vertex 69.198 -107.622 47.5
      vertex 69.1317 -107.609 47.5
      vertex 69.1317 -107.609 42.5
    endloop
  endfacet
  facet normal -0.152041 -0.988374 0
    outer loop
      vertex 69.1317 -107.609 42.5
      vertex 69.1317 -107.609 47.5
      vertex 69.0648 -107.599 42.5
    endloop
  endfacet
  facet normal -0.152041 -0.988374 0
    outer loop
      vertex 69.1317 -107.609 47.5
      vertex 69.0648 -107.599 47.5
      vertex 69.0648 -107.599 42.5
    endloop
  endfacet
  facet normal -0.108968 -0.994045 0
    outer loop
      vertex 69.0648 -107.599 42.5
      vertex 69.0648 -107.599 47.5
      vertex 68.9976 -107.591 42.5
    endloop
  endfacet
  facet normal -0.108968 -0.994045 0
    outer loop
      vertex 69.0648 -107.599 47.5
      vertex 68.9976 -107.591 47.5
      vertex 68.9976 -107.591 42.5
    endloop
  endfacet
  facet normal -0.0653343 -0.997863 0
    outer loop
      vertex 68.9976 -107.591 42.5
      vertex 68.9976 -107.591 47.5
      vertex 68.9301 -107.587 42.5
    endloop
  endfacet
  facet normal -0.0653343 -0.997863 0
    outer loop
      vertex 68.9976 -107.591 47.5
      vertex 68.9301 -107.587 47.5
      vertex 68.9301 -107.587 42.5
    endloop
  endfacet
  facet normal -0.021813 -0.999762 0
    outer loop
      vertex 68.9301 -107.587 42.5
      vertex 68.9301 -107.587 47.5
      vertex 68.8625 -107.586 42.5
    endloop
  endfacet
  facet normal -0.021813 -0.999762 0
    outer loop
      vertex 68.9301 -107.587 47.5
      vertex 68.8625 -107.586 47.5
      vertex 68.8625 -107.586 42.5
    endloop
  endfacet
  facet normal 0.0218154 -0.999762 0
    outer loop
      vertex 68.8625 -107.586 42.5
      vertex 68.8625 -107.586 47.5
      vertex 68.7949 -107.587 42.5
    endloop
  endfacet
  facet normal 0.0218154 -0.999762 0
    outer loop
      vertex 68.8625 -107.586 47.5
      vertex 68.7949 -107.587 47.5
      vertex 68.7949 -107.587 42.5
    endloop
  endfacet
  facet normal 0.0653271 -0.997864 0
    outer loop
      vertex 68.7949 -107.587 42.5
      vertex 68.7949 -107.587 47.5
      vertex 68.7274 -107.591 42.5
    endloop
  endfacet
  facet normal 0.0653271 -0.997864 0
    outer loop
      vertex 68.7949 -107.587 47.5
      vertex 68.7274 -107.591 47.5
      vertex 68.7274 -107.591 42.5
    endloop
  endfacet
  facet normal 0.108968 -0.994045 0
    outer loop
      vertex 68.7274 -107.591 42.5
      vertex 68.7274 -107.591 47.5
      vertex 68.6602 -107.599 42.5
    endloop
  endfacet
  facet normal 0.108968 -0.994045 0
    outer loop
      vertex 68.7274 -107.591 47.5
      vertex 68.6602 -107.599 47.5
      vertex 68.6602 -107.599 42.5
    endloop
  endfacet
  facet normal 0.152041 -0.988374 0
    outer loop
      vertex 68.6602 -107.599 42.5
      vertex 68.6602 -107.599 47.5
      vertex 68.5934 -107.609 42.5
    endloop
  endfacet
  facet normal 0.152041 -0.988374 0
    outer loop
      vertex 68.6602 -107.599 47.5
      vertex 68.5934 -107.609 47.5
      vertex 68.5934 -107.609 42.5
    endloop
  endfacet
  facet normal 0.19512 -0.980779 0
    outer loop
      vertex 68.5934 -107.609 42.5
      vertex 68.5934 -107.609 47.5
      vertex 68.527 -107.622 42.5
    endloop
  endfacet
  facet normal 0.19512 -0.980779 0
    outer loop
      vertex 68.5934 -107.609 47.5
      vertex 68.527 -107.622 47.5
      vertex 68.527 -107.622 42.5
    endloop
  endfacet
  facet normal 0.237633 -0.971355 0
    outer loop
      vertex 68.527 -107.622 42.5
      vertex 68.527 -107.622 47.5
      vertex 68.4614 -107.638 42.5
    endloop
  endfacet
  facet normal 0.237633 -0.971355 0
    outer loop
      vertex 68.527 -107.622 47.5
      vertex 68.4614 -107.638 47.5
      vertex 68.4614 -107.638 42.5
    endloop
  endfacet
  facet normal 0.279839 -0.960047 0
    outer loop
      vertex 68.4614 -107.638 42.5
      vertex 68.4614 -107.638 47.5
      vertex 68.3964 -107.657 42.5
    endloop
  endfacet
  facet normal 0.279839 -0.960047 0
    outer loop
      vertex 68.4614 -107.638 47.5
      vertex 68.3964 -107.657 47.5
      vertex 68.3964 -107.657 42.5
    endloop
  endfacet
  facet normal 0.321478 -0.946917 0
    outer loop
      vertex 68.3964 -107.657 42.5
      vertex 68.3964 -107.657 47.5
      vertex 68.3324 -107.679 42.5
    endloop
  endfacet
  facet normal 0.321478 -0.946917 0
    outer loop
      vertex 68.3964 -107.657 47.5
      vertex 68.3324 -107.679 47.5
      vertex 68.3324 -107.679 42.5
    endloop
  endfacet
  facet normal 0.362483 -0.93199 0
    outer loop
      vertex 68.3324 -107.679 42.5
      vertex 68.3324 -107.679 47.5
      vertex 68.2694 -107.704 42.5
    endloop
  endfacet
  facet normal 0.362483 -0.93199 0
    outer loop
      vertex 68.3324 -107.679 47.5
      vertex 68.2694 -107.704 47.5
      vertex 68.2694 -107.704 42.5
    endloop
  endfacet
  facet normal 0.402691 -0.915336 0
    outer loop
      vertex 68.2694 -107.704 42.5
      vertex 68.2694 -107.704 47.5
      vertex 68.2075 -107.731 42.5
    endloop
  endfacet
  facet normal 0.402691 -0.915336 0
    outer loop
      vertex 68.2694 -107.704 47.5
      vertex 68.2075 -107.731 47.5
      vertex 68.2075 -107.731 42.5
    endloop
  endfacet
  facet normal 0.442316 -0.896859 0
    outer loop
      vertex 68.2075 -107.731 42.5
      vertex 68.2075 -107.731 47.5
      vertex 68.1468 -107.761 42.5
    endloop
  endfacet
  facet normal 0.442316 -0.896859 0
    outer loop
      vertex 68.2075 -107.731 47.5
      vertex 68.1468 -107.761 47.5
      vertex 68.1468 -107.761 42.5
    endloop
  endfacet
  facet normal 0.480912 -0.876769 0
    outer loop
      vertex 68.1468 -107.761 42.5
      vertex 68.1468 -107.761 47.5
      vertex 68.0875 -107.793 42.5
    endloop
  endfacet
  facet normal 0.480912 -0.876769 0
    outer loop
      vertex 68.1468 -107.761 47.5
      vertex 68.0875 -107.793 47.5
      vertex 68.0875 -107.793 42.5
    endloop
  endfacet
  facet normal 0.518831 -0.854877 0
    outer loop
      vertex 68.0875 -107.793 42.5
      vertex 68.0875 -107.793 47.5
      vertex 68.0297 -107.828 42.5
    endloop
  endfacet
  facet normal 0.518831 -0.854877 0
    outer loop
      vertex 68.0875 -107.793 47.5
      vertex 68.0297 -107.828 47.5
      vertex 68.0297 -107.828 42.5
    endloop
  endfacet
  facet normal 0.55559 -0.831457 0
    outer loop
      vertex 68.0297 -107.828 42.5
      vertex 68.0297 -107.828 47.5
      vertex 67.9735 -107.866 42.5
    endloop
  endfacet
  facet normal 0.55559 -0.831457 0
    outer loop
      vertex 68.0297 -107.828 47.5
      vertex 67.9735 -107.866 47.5
      vertex 67.9735 -107.866 42.5
    endloop
  endfacet
  facet normal 0.591292 -0.806458 0
    outer loop
      vertex 67.9735 -107.866 42.5
      vertex 67.9735 -107.866 47.5
      vertex 67.9189 -107.906 42.5
    endloop
  endfacet
  facet normal 0.591292 -0.806458 0
    outer loop
      vertex 67.9735 -107.866 47.5
      vertex 67.9189 -107.906 47.5
      vertex 67.9189 -107.906 42.5
    endloop
  endfacet
  facet normal 0.62589 -0.779911 0
    outer loop
      vertex 67.9189 -107.906 42.5
      vertex 67.9189 -107.906 47.5
      vertex 67.8662 -107.948 42.5
    endloop
  endfacet
  facet normal 0.62589 -0.779911 0
    outer loop
      vertex 67.9189 -107.906 47.5
      vertex 67.8662 -107.948 47.5
      vertex 67.8662 -107.948 42.5
    endloop
  endfacet
  facet normal 0.659378 -0.751812 0
    outer loop
      vertex 67.8662 -107.948 42.5
      vertex 67.8662 -107.948 47.5
      vertex 67.8154 -107.993 42.5
    endloop
  endfacet
  facet normal 0.659378 -0.751812 0
    outer loop
      vertex 67.8662 -107.948 47.5
      vertex 67.8154 -107.993 47.5
      vertex 67.8154 -107.993 42.5
    endloop
  endfacet
  facet normal 0.691515 -0.722362 0
    outer loop
      vertex 67.8154 -107.993 42.5
      vertex 67.8154 -107.993 47.5
      vertex 67.7665 -108.04 42.5
    endloop
  endfacet
  facet normal 0.691515 -0.722362 0
    outer loop
      vertex 67.8154 -107.993 47.5
      vertex 67.7665 -108.04 47.5
      vertex 67.7665 -108.04 42.5
    endloop
  endfacet
  facet normal 0.722364 -0.691513 0
    outer loop
      vertex 67.7665 -108.04 42.5
      vertex 67.7665 -108.04 47.5
      vertex 67.7197 -108.088 42.5
    endloop
  endfacet
  facet normal 0.722364 -0.691513 0
    outer loop
      vertex 67.7665 -108.04 47.5
      vertex 67.7197 -108.088 47.5
      vertex 67.7197 -108.088 42.5
    endloop
  endfacet
  facet normal 0.751812 -0.659378 0
    outer loop
      vertex 67.7197 -108.088 42.5
      vertex 67.7197 -108.088 47.5
      vertex 67.6752 -108.139 42.5
    endloop
  endfacet
  facet normal 0.751812 -0.659378 0
    outer loop
      vertex 67.7197 -108.088 47.5
      vertex 67.6752 -108.139 47.5
      vertex 67.6752 -108.139 42.5
    endloop
  endfacet
  facet normal 0.779911 -0.62589 0
    outer loop
      vertex 67.6752 -108.139 42.5
      vertex 67.6752 -108.139 47.5
      vertex 67.6328 -108.192 42.5
    endloop
  endfacet
  facet normal 0.779911 -0.62589 0
    outer loop
      vertex 67.6752 -108.139 47.5
      vertex 67.6328 -108.192 47.5
      vertex 67.6328 -108.192 42.5
    endloop
  endfacet
  facet normal 0.806458 -0.591292 0
    outer loop
      vertex 67.6328 -108.192 42.5
      vertex 67.6328 -108.192 47.5
      vertex 67.5928 -108.247 42.5
    endloop
  endfacet
  facet normal 0.806458 -0.591292 0
    outer loop
      vertex 67.6328 -108.192 47.5
      vertex 67.5928 -108.247 47.5
      vertex 67.5928 -108.247 42.5
    endloop
  endfacet
  facet normal 0.831457 -0.55559 0
    outer loop
      vertex 67.5928 -108.247 42.5
      vertex 67.5928 -108.247 47.5
      vertex 67.5553 -108.303 42.5
    endloop
  endfacet
  facet normal 0.831457 -0.55559 0
    outer loop
      vertex 67.5928 -108.247 47.5
      vertex 67.5553 -108.303 47.5
      vertex 67.5553 -108.303 42.5
    endloop
  endfacet
  facet normal 0.854877 -0.518831 0
    outer loop
      vertex 67.5553 -108.303 42.5
      vertex 67.5553 -108.303 47.5
      vertex 67.5202 -108.361 42.5
    endloop
  endfacet
  facet normal 0.854877 -0.518831 0
    outer loop
      vertex 67.5553 -108.303 47.5
      vertex 67.5202 -108.361 47.5
      vertex 67.5202 -108.361 42.5
    endloop
  endfacet
  facet normal 0.876769 -0.480912 0
    outer loop
      vertex 67.5202 -108.361 42.5
      vertex 67.5202 -108.361 47.5
      vertex 67.4877 -108.42 42.5
    endloop
  endfacet
  facet normal 0.876769 -0.480912 0
    outer loop
      vertex 67.5202 -108.361 47.5
      vertex 67.4877 -108.42 47.5
      vertex 67.4877 -108.42 42.5
    endloop
  endfacet
  facet normal 0.896859 -0.442316 0
    outer loop
      vertex 67.4877 -108.42 42.5
      vertex 67.4877 -108.42 47.5
      vertex 67.4577 -108.48 42.5
    endloop
  endfacet
  facet normal 0.896859 -0.442316 0
    outer loop
      vertex 67.4877 -108.42 47.5
      vertex 67.4577 -108.48 47.5
      vertex 67.4577 -108.48 42.5
    endloop
  endfacet
  facet normal 0.915296 -0.402783 0
    outer loop
      vertex 67.4577 -108.48 42.5
      vertex 67.4577 -108.48 47.5
      vertex 67.4305 -108.542 42.5
    endloop
  endfacet
  facet normal 0.915296 -0.402783 0
    outer loop
      vertex 67.4577 -108.48 47.5
      vertex 67.4305 -108.542 47.5
      vertex 67.4305 -108.542 42.5
    endloop
  endfacet
  facet normal 0.932027 -0.362388 0
    outer loop
      vertex 67.4305 -108.542 42.5
      vertex 67.4305 -108.542 47.5
      vertex 67.406 -108.605 42.5
    endloop
  endfacet
  facet normal 0.932027 -0.362388 0
    outer loop
      vertex 67.4305 -108.542 47.5
      vertex 67.406 -108.605 47.5
      vertex 67.406 -108.605 42.5
    endloop
  endfacet
  facet normal 0.946917 -0.321478 0
    outer loop
      vertex 67.406 -108.605 42.5
      vertex 67.406 -108.605 47.5
      vertex 67.3843 -108.669 42.5
    endloop
  endfacet
  facet normal 0.946917 -0.321478 0
    outer loop
      vertex 67.406 -108.605 47.5
      vertex 67.3843 -108.669 47.5
      vertex 67.3843 -108.669 42.5
    endloop
  endfacet
  facet normal 0.960047 -0.279839 0
    outer loop
      vertex 67.3843 -108.669 42.5
      vertex 67.3843 -108.669 47.5
      vertex 67.3653 -108.734 42.5
    endloop
  endfacet
  facet normal 0.960047 -0.279839 0
    outer loop
      vertex 67.3843 -108.669 47.5
      vertex 67.3653 -108.734 47.5
      vertex 67.3653 -108.734 42.5
    endloop
  endfacet
  facet normal 0.971355 -0.237633 0
    outer loop
      vertex 67.3653 -108.734 42.5
      vertex 67.3653 -108.734 47.5
      vertex 67.3493 -108.8 42.5
    endloop
  endfacet
  facet normal 0.971355 -0.237633 0
    outer loop
      vertex 67.3653 -108.734 47.5
      vertex 67.3493 -108.8 47.5
      vertex 67.3493 -108.8 42.5
    endloop
  endfacet
  facet normal 0.980779 -0.19512 0
    outer loop
      vertex 67.3493 -108.8 42.5
      vertex 67.3493 -108.8 47.5
      vertex 67.3361 -108.866 42.5
    endloop
  endfacet
  facet normal 0.980779 -0.19512 0
    outer loop
      vertex 67.3493 -108.8 47.5
      vertex 67.3361 -108.866 47.5
      vertex 67.3361 -108.866 42.5
    endloop
  endfacet
  facet normal 0.988358 -0.152148 0
    outer loop
      vertex 67.3361 -108.866 42.5
      vertex 67.3361 -108.866 47.5
      vertex 67.3258 -108.933 42.5
    endloop
  endfacet
  facet normal 0.988358 -0.152148 0
    outer loop
      vertex 67.3361 -108.866 47.5
      vertex 67.3258 -108.933 47.5
      vertex 67.3258 -108.933 42.5
    endloop
  endfacet
  facet normal 0.994058 -0.108847 0
    outer loop
      vertex 67.3258 -108.933 42.5
      vertex 67.3258 -108.933 47.5
      vertex 67.3184 -109 42.5
    endloop
  endfacet
  facet normal 0.994058 -0.108847 0
    outer loop
      vertex 67.3258 -108.933 47.5
      vertex 67.3184 -109 47.5
      vertex 67.3184 -109 42.5
    endloop
  endfacet
  facet normal 0.997863 -0.0653343 0
    outer loop
      vertex 67.3184 -109 42.5
      vertex 67.3184 -109 47.5
      vertex 67.314 -109.068 42.5
    endloop
  endfacet
  facet normal 0.997863 -0.0653343 0
    outer loop
      vertex 67.3184 -109 47.5
      vertex 67.314 -109.068 47.5
      vertex 67.314 -109.068 42.5
    endloop
  endfacet
  facet normal 0.999762 -0.0218154 0
    outer loop
      vertex 67.314 -109.068 42.5
      vertex 67.314 -109.068 47.5
      vertex 67.3125 -109.136 42.5
    endloop
  endfacet
  facet normal 0.999762 -0.0218154 0
    outer loop
      vertex 67.314 -109.068 47.5
      vertex 67.3125 -109.136 47.5
      vertex 67.3125 -109.136 42.5
    endloop
  endfacet
  facet normal 0.999762 0.021813 0
    outer loop
      vertex 67.3125 -109.136 42.5
      vertex 67.3125 -109.136 47.5
      vertex 67.314 -109.203 42.5
    endloop
  endfacet
  facet normal 0.999762 0.021813 0
    outer loop
      vertex 67.3125 -109.136 47.5
      vertex 67.314 -109.203 47.5
      vertex 67.314 -109.203 42.5
    endloop
  endfacet
  facet normal 0.997863 0.0653343 0
    outer loop
      vertex 67.314 -109.203 42.5
      vertex 67.314 -109.203 47.5
      vertex 67.3184 -109.271 42.5
    endloop
  endfacet
  facet normal 0.997863 0.0653343 0
    outer loop
      vertex 67.314 -109.203 47.5
      vertex 67.3184 -109.271 47.5
      vertex 67.3184 -109.271 42.5
    endloop
  endfacet
  facet normal 0.994058 0.108847 0
    outer loop
      vertex 67.3184 -109.271 42.5
      vertex 67.3184 -109.271 47.5
      vertex 67.3258 -109.338 42.5
    endloop
  endfacet
  facet normal 0.994058 0.108847 0
    outer loop
      vertex 67.3184 -109.271 47.5
      vertex 67.3258 -109.338 47.5
      vertex 67.3258 -109.338 42.5
    endloop
  endfacet
  facet normal 0.988358 0.152148 0
    outer loop
      vertex 67.3258 -109.338 42.5
      vertex 67.3258 -109.338 47.5
      vertex 67.3361 -109.405 42.5
    endloop
  endfacet
  facet normal 0.988358 0.152148 0
    outer loop
      vertex 67.3258 -109.338 47.5
      vertex 67.3361 -109.405 47.5
      vertex 67.3361 -109.405 42.5
    endloop
  endfacet
  facet normal 0.980779 0.19512 0
    outer loop
      vertex 67.3361 -109.405 42.5
      vertex 67.3361 -109.405 47.5
      vertex 67.3493 -109.471 42.5
    endloop
  endfacet
  facet normal 0.980779 0.19512 0
    outer loop
      vertex 67.3361 -109.405 47.5
      vertex 67.3493 -109.471 47.5
      vertex 67.3493 -109.471 42.5
    endloop
  endfacet
  facet normal 0.971349 0.237659 0
    outer loop
      vertex 67.3493 -109.471 42.5
      vertex 67.3493 -109.471 47.5
      vertex 67.3653 -109.537 42.5
    endloop
  endfacet
  facet normal 0.971349 0.237659 0
    outer loop
      vertex 67.3493 -109.471 47.5
      vertex 67.3653 -109.537 47.5
      vertex 67.3653 -109.537 42.5
    endloop
  endfacet
  facet normal 0.960047 0.279839 0
    outer loop
      vertex 67.3653 -109.537 42.5
      vertex 67.3653 -109.537 47.5
      vertex 67.3843 -109.602 42.5
    endloop
  endfacet
  facet normal 0.960047 0.279839 0
    outer loop
      vertex 67.3653 -109.537 47.5
      vertex 67.3843 -109.602 47.5
      vertex 67.3843 -109.602 42.5
    endloop
  endfacet
  facet normal 0.946917 0.321478 0
    outer loop
      vertex 67.3843 -109.602 42.5
      vertex 67.3843 -109.602 47.5
      vertex 67.406 -109.666 42.5
    endloop
  endfacet
  facet normal 0.946917 0.321478 0
    outer loop
      vertex 67.3843 -109.602 47.5
      vertex 67.406 -109.666 47.5
      vertex 67.406 -109.666 42.5
    endloop
  endfacet
  facet normal 0.932042 0.362351 0
    outer loop
      vertex 67.406 -109.666 42.5
      vertex 67.406 -109.666 47.5
      vertex 67.4305 -109.729 42.5
    endloop
  endfacet
  facet normal 0.932042 0.362351 0
    outer loop
      vertex 67.406 -109.666 47.5
      vertex 67.4305 -109.729 47.5
      vertex 67.4305 -109.729 42.5
    endloop
  endfacet
  facet normal 0.915296 0.402783 0
    outer loop
      vertex 67.4305 -109.729 42.5
      vertex 67.4305 -109.729 47.5
      vertex 67.4577 -109.791 42.5
    endloop
  endfacet
  facet normal 0.915296 0.402783 0
    outer loop
      vertex 67.4305 -109.729 47.5
      vertex 67.4577 -109.791 47.5
      vertex 67.4577 -109.791 42.5
    endloop
  endfacet
  facet normal 0.896838 0.442359 0
    outer loop
      vertex 67.4577 -109.791 42.5
      vertex 67.4577 -109.791 47.5
      vertex 67.4877 -109.851 42.5
    endloop
  endfacet
  facet normal 0.896838 0.442359 0
    outer loop
      vertex 67.4577 -109.791 47.5
      vertex 67.4877 -109.851 47.5
      vertex 67.4877 -109.851 42.5
    endloop
  endfacet
  facet normal 0.876769 0.480912 0
    outer loop
      vertex 67.4877 -109.851 42.5
      vertex 67.4877 -109.851 47.5
      vertex 67.5202 -109.911 42.5
    endloop
  endfacet
  facet normal 0.876769 0.480912 0
    outer loop
      vertex 67.4877 -109.851 47.5
      vertex 67.5202 -109.911 47.5
      vertex 67.5202 -109.911 42.5
    endloop
  endfacet
  facet normal 0.854906 0.518783 0
    outer loop
      vertex 67.5202 -109.911 42.5
      vertex 67.5202 -109.911 47.5
      vertex 67.5553 -109.968 42.5
    endloop
  endfacet
  facet normal 0.854906 0.518783 0
    outer loop
      vertex 67.5202 -109.911 47.5
      vertex 67.5553 -109.968 47.5
      vertex 67.5553 -109.968 42.5
    endloop
  endfacet
  facet normal 0.831457 0.55559 0
    outer loop
      vertex 67.5553 -109.968 42.5
      vertex 67.5553 -109.968 47.5
      vertex 67.5928 -110.025 42.5
    endloop
  endfacet
  facet normal 0.831457 0.55559 0
    outer loop
      vertex 67.5553 -109.968 47.5
      vertex 67.5928 -110.025 47.5
      vertex 67.5928 -110.025 42.5
    endloop
  endfacet
  facet normal 0.806419 0.591345 0
    outer loop
      vertex 67.5928 -110.025 42.5
      vertex 67.5928 -110.025 47.5
      vertex 67.6328 -110.079 42.5
    endloop
  endfacet
  facet normal 0.806419 0.591345 0
    outer loop
      vertex 67.5928 -110.025 47.5
      vertex 67.6328 -110.079 47.5
      vertex 67.6328 -110.079 42.5
    endloop
  endfacet
  facet normal 0.779911 0.62589 0
    outer loop
      vertex 67.6328 -110.079 42.5
      vertex 67.6328 -110.079 47.5
      vertex 67.6752 -110.132 42.5
    endloop
  endfacet
  facet normal 0.779911 0.62589 0
    outer loop
      vertex 67.6328 -110.079 47.5
      vertex 67.6752 -110.132 47.5
      vertex 67.6752 -110.132 42.5
    endloop
  endfacet
  facet normal 0.751812 0.659378 0
    outer loop
      vertex 67.6752 -110.132 42.5
      vertex 67.6752 -110.132 47.5
      vertex 67.7197 -110.183 42.5
    endloop
  endfacet
  facet normal 0.751812 0.659378 0
    outer loop
      vertex 67.6752 -110.132 47.5
      vertex 67.7197 -110.183 47.5
      vertex 67.7197 -110.183 42.5
    endloop
  endfacet
  facet normal 0.722417 0.691458 0
    outer loop
      vertex 67.7197 -110.183 42.5
      vertex 67.7197 -110.183 47.5
      vertex 67.7665 -110.232 42.5
    endloop
  endfacet
  facet normal 0.722417 0.691458 0
    outer loop
      vertex 67.7197 -110.183 47.5
      vertex 67.7665 -110.232 47.5
      vertex 67.7665 -110.232 42.5
    endloop
  endfacet
  facet normal 0.691515 0.722362 0
    outer loop
      vertex 67.7665 -110.232 42.5
      vertex 67.7665 -110.232 47.5
      vertex 67.8154 -110.278 42.5
    endloop
  endfacet
  facet normal 0.691515 0.722362 0
    outer loop
      vertex 67.7665 -110.232 47.5
      vertex 67.8154 -110.278 47.5
      vertex 67.8154 -110.278 42.5
    endloop
  endfacet
  facet normal 0.659315 0.751866 0
    outer loop
      vertex 67.8154 -110.278 42.5
      vertex 67.8154 -110.278 47.5
      vertex 67.8662 -110.323 42.5
    endloop
  endfacet
  facet normal 0.659315 0.751866 0
    outer loop
      vertex 67.8154 -110.278 47.5
      vertex 67.8662 -110.323 47.5
      vertex 67.8662 -110.323 42.5
    endloop
  endfacet
  facet normal 0.62589 0.779911 0
    outer loop
      vertex 67.8662 -110.323 42.5
      vertex 67.8662 -110.323 47.5
      vertex 67.9189 -110.365 42.5
    endloop
  endfacet
  facet normal 0.62589 0.779911 0
    outer loop
      vertex 67.8662 -110.323 47.5
      vertex 67.9189 -110.365 47.5
      vertex 67.9189 -110.365 42.5
    endloop
  endfacet
  facet normal 0.591364 0.806405 0
    outer loop
      vertex 67.9189 -110.365 42.5
      vertex 67.9189 -110.365 47.5
      vertex 67.9735 -110.405 42.5
    endloop
  endfacet
  facet normal 0.591364 0.806405 0
    outer loop
      vertex 67.9189 -110.365 47.5
      vertex 67.9735 -110.405 47.5
      vertex 67.9735 -110.405 42.5
    endloop
  endfacet
  facet normal 0.555514 0.831507 0
    outer loop
      vertex 67.9735 -110.405 42.5
      vertex 67.9735 -110.405 47.5
      vertex 68.0297 -110.443 42.5
    endloop
  endfacet
  facet normal 0.555514 0.831507 0
    outer loop
      vertex 67.9735 -110.405 47.5
      vertex 68.0297 -110.443 47.5
      vertex 68.0297 -110.443 42.5
    endloop
  endfacet
  facet normal 0.518831 0.854877 0
    outer loop
      vertex 68.0297 -110.443 42.5
      vertex 68.0297 -110.443 47.5
      vertex 68.0875 -110.478 42.5
    endloop
  endfacet
  facet normal 0.518831 0.854877 0
    outer loop
      vertex 68.0297 -110.443 47.5
      vertex 68.0875 -110.478 47.5
      vertex 68.0875 -110.478 42.5
    endloop
  endfacet
  facet normal 0.480997 0.876722 0
    outer loop
      vertex 68.0875 -110.478 42.5
      vertex 68.0875 -110.478 47.5
      vertex 68.1468 -110.51 42.5
    endloop
  endfacet
  facet normal 0.480997 0.876722 0
    outer loop
      vertex 68.0875 -110.478 47.5
      vertex 68.1468 -110.51 47.5
      vertex 68.1468 -110.51 42.5
    endloop
  endfacet
  facet normal 0.442227 0.896903 0
    outer loop
      vertex 68.1468 -110.51 42.5
      vertex 68.1468 -110.51 47.5
      vertex 68.2075 -110.54 42.5
    endloop
  endfacet
  facet normal 0.442227 0.896903 0
    outer loop
      vertex 68.1468 -110.51 47.5
      vertex 68.2075 -110.54 47.5
      vertex 68.2075 -110.54 42.5
    endloop
  endfacet
  facet normal 0.402783 0.915296 0
    outer loop
      vertex 68.2075 -110.54 42.5
      vertex 68.2075 -110.54 47.5
      vertex 68.2694 -110.568 42.5
    endloop
  endfacet
  facet normal 0.402783 0.915296 0
    outer loop
      vertex 68.2075 -110.54 47.5
      vertex 68.2694 -110.568 47.5
      vertex 68.2694 -110.568 42.5
    endloop
  endfacet
  facet normal 0.362483 0.93199 0
    outer loop
      vertex 68.2694 -110.568 42.5
      vertex 68.2694 -110.568 47.5
      vertex 68.3324 -110.592 42.5
    endloop
  endfacet
  facet normal 0.362483 0.93199 0
    outer loop
      vertex 68.2694 -110.568 47.5
      vertex 68.3324 -110.592 47.5
      vertex 68.3324 -110.592 42.5
    endloop
  endfacet
  facet normal 0.321379 0.946951 0
    outer loop
      vertex 68.3324 -110.592 42.5
      vertex 68.3324 -110.592 47.5
      vertex 68.3964 -110.614 42.5
    endloop
  endfacet
  facet normal 0.321379 0.946951 0
    outer loop
      vertex 68.3324 -110.592 47.5
      vertex 68.3964 -110.614 47.5
      vertex 68.3964 -110.614 42.5
    endloop
  endfacet
  facet normal 0.279839 0.960047 0
    outer loop
      vertex 68.3964 -110.614 42.5
      vertex 68.3964 -110.614 47.5
      vertex 68.4614 -110.633 42.5
    endloop
  endfacet
  facet normal 0.279839 0.960047 0
    outer loop
      vertex 68.3964 -110.614 47.5
      vertex 68.4614 -110.633 47.5
      vertex 68.4614 -110.633 42.5
    endloop
  endfacet
  facet normal 0.237633 0.971355 0
    outer loop
      vertex 68.4614 -110.633 42.5
      vertex 68.4614 -110.633 47.5
      vertex 68.527 -110.649 42.5
    endloop
  endfacet
  facet normal 0.237633 0.971355 0
    outer loop
      vertex 68.4614 -110.633 47.5
      vertex 68.527 -110.649 47.5
      vertex 68.527 -110.649 42.5
    endloop
  endfacet
  facet normal 0.19512 0.980779 0
    outer loop
      vertex 68.527 -110.649 42.5
      vertex 68.527 -110.649 47.5
      vertex 68.5934 -110.662 42.5
    endloop
  endfacet
  facet normal 0.19512 0.980779 0
    outer loop
      vertex 68.527 -110.649 47.5
      vertex 68.5934 -110.662 47.5
      vertex 68.5934 -110.662 42.5
    endloop
  endfacet
  facet normal 0.152148 0.988358 0
    outer loop
      vertex 68.5934 -110.662 42.5
      vertex 68.5934 -110.662 47.5
      vertex 68.6602 -110.672 42.5
    endloop
  endfacet
  facet normal 0.152148 0.988358 0
    outer loop
      vertex 68.5934 -110.662 47.5
      vertex 68.6602 -110.672 47.5
      vertex 68.6602 -110.672 42.5
    endloop
  endfacet
  facet normal 0.108859 0.994057 0
    outer loop
      vertex 68.6602 -110.672 42.5
      vertex 68.6602 -110.672 47.5
      vertex 68.7274 -110.68 42.5
    endloop
  endfacet
  facet normal 0.108859 0.994057 0
    outer loop
      vertex 68.6602 -110.672 47.5
      vertex 68.7274 -110.68 47.5
      vertex 68.7274 -110.68 42.5
    endloop
  endfacet
  facet normal 0.0654368 0.997857 0
    outer loop
      vertex 68.7274 -110.68 42.5
      vertex 68.7274 -110.68 47.5
      vertex 68.7949 -110.684 42.5
    endloop
  endfacet
  facet normal 0.0654368 0.997857 0
    outer loop
      vertex 68.7274 -110.68 47.5
      vertex 68.7949 -110.684 47.5
      vertex 68.7949 -110.684 42.5
    endloop
  endfacet
  facet normal 0.0218154 0.999762 0
    outer loop
      vertex 68.7949 -110.684 42.5
      vertex 68.7949 -110.684 47.5
      vertex 68.8625 -110.686 42.5
    endloop
  endfacet
  facet normal 0.0218154 0.999762 0
    outer loop
      vertex 68.7949 -110.684 47.5
      vertex 68.8625 -110.686 47.5
      vertex 68.8625 -110.686 42.5
    endloop
  endfacet
  facet normal -0.021813 0.999762 0
    outer loop
      vertex 68.8625 -110.686 42.5
      vertex 68.8625 -110.686 47.5
      vertex 68.9301 -110.684 42.5
    endloop
  endfacet
  facet normal -0.021813 0.999762 0
    outer loop
      vertex 68.8625 -110.686 47.5
      vertex 68.9301 -110.684 47.5
      vertex 68.9301 -110.684 42.5
    endloop
  endfacet
  facet normal -0.065444 0.997856 0
    outer loop
      vertex 68.9301 -110.684 42.5
      vertex 68.9301 -110.684 47.5
      vertex 68.9976 -110.68 42.5
    endloop
  endfacet
  facet normal -0.065444 0.997856 0
    outer loop
      vertex 68.9301 -110.684 47.5
      vertex 68.9976 -110.68 47.5
      vertex 68.9976 -110.68 42.5
    endloop
  endfacet
  facet normal -0.108859 0.994057 0
    outer loop
      vertex 68.9976 -110.68 42.5
      vertex 68.9976 -110.68 47.5
      vertex 69.0648 -110.672 42.5
    endloop
  endfacet
  facet normal -0.108859 0.994057 0
    outer loop
      vertex 68.9976 -110.68 47.5
      vertex 69.0648 -110.672 47.5
      vertex 69.0648 -110.672 42.5
    endloop
  endfacet
  facet normal -0.152148 0.988358 0
    outer loop
      vertex 69.0648 -110.672 42.5
      vertex 69.0648 -110.672 47.5
      vertex 69.1317 -110.662 42.5
    endloop
  endfacet
  facet normal -0.152148 0.988358 0
    outer loop
      vertex 69.0648 -110.672 47.5
      vertex 69.1317 -110.662 47.5
      vertex 69.1317 -110.662 42.5
    endloop
  endfacet
  facet normal -0.195099 0.980784 0
    outer loop
      vertex 69.1317 -110.662 42.5
      vertex 69.1317 -110.662 47.5
      vertex 69.198 -110.649 42.5
    endloop
  endfacet
  facet normal -0.195099 0.980784 0
    outer loop
      vertex 69.1317 -110.662 47.5
      vertex 69.198 -110.649 47.5
      vertex 69.198 -110.649 42.5
    endloop
  endfacet
  facet normal -0.237659 0.971349 0
    outer loop
      vertex 69.198 -110.649 42.5
      vertex 69.198 -110.649 47.5
      vertex 69.2637 -110.633 42.5
    endloop
  endfacet
  facet normal -0.237659 0.971349 0
    outer loop
      vertex 69.198 -110.649 47.5
      vertex 69.2637 -110.633 47.5
      vertex 69.2637 -110.633 42.5
    endloop
  endfacet
  facet normal -0.279839 0.960047 0
    outer loop
      vertex 69.2637 -110.633 42.5
      vertex 69.2637 -110.633 47.5
      vertex 69.3286 -110.614 42.5
    endloop
  endfacet
  facet normal -0.279839 0.960047 0
    outer loop
      vertex 69.2637 -110.633 47.5
      vertex 69.3286 -110.614 47.5
      vertex 69.3286 -110.614 42.5
    endloop
  endfacet
  facet normal -0.321379 0.946951 0
    outer loop
      vertex 69.3286 -110.614 42.5
      vertex 69.3286 -110.614 47.5
      vertex 69.3927 -110.592 42.5
    endloop
  endfacet
  facet normal -0.321379 0.946951 0
    outer loop
      vertex 69.3286 -110.614 47.5
      vertex 69.3927 -110.592 47.5
      vertex 69.3927 -110.592 42.5
    endloop
  endfacet
  facet normal -0.362446 0.932005 0
    outer loop
      vertex 69.3927 -110.592 42.5
      vertex 69.3927 -110.592 47.5
      vertex 69.4557 -110.568 42.5
    endloop
  endfacet
  facet normal -0.362446 0.932005 0
    outer loop
      vertex 69.3927 -110.592 47.5
      vertex 69.4557 -110.568 47.5
      vertex 69.4557 -110.568 42.5
    endloop
  endfacet
  facet normal -0.402824 0.915278 0
    outer loop
      vertex 69.4557 -110.568 42.5
      vertex 69.4557 -110.568 47.5
      vertex 69.5176 -110.54 42.5
    endloop
  endfacet
  facet normal -0.402824 0.915278 0
    outer loop
      vertex 69.4557 -110.568 47.5
      vertex 69.5176 -110.54 47.5
      vertex 69.5176 -110.54 42.5
    endloop
  endfacet
  facet normal -0.442227 0.896903 0
    outer loop
      vertex 69.5176 -110.54 42.5
      vertex 69.5176 -110.54 47.5
      vertex 69.5782 -110.51 42.5
    endloop
  endfacet
  facet normal -0.442227 0.896903 0
    outer loop
      vertex 69.5176 -110.54 47.5
      vertex 69.5782 -110.51 47.5
      vertex 69.5782 -110.51 42.5
    endloop
  endfacet
  facet normal -0.480997 0.876722 0
    outer loop
      vertex 69.5782 -110.51 42.5
      vertex 69.5782 -110.51 47.5
      vertex 69.6375 -110.478 42.5
    endloop
  endfacet
  facet normal -0.480997 0.876722 0
    outer loop
      vertex 69.5782 -110.51 47.5
      vertex 69.6375 -110.478 47.5
      vertex 69.6375 -110.478 42.5
    endloop
  endfacet
  facet normal -0.518783 0.854906 0
    outer loop
      vertex 69.6375 -110.478 42.5
      vertex 69.6375 -110.478 47.5
      vertex 69.6953 -110.443 42.5
    endloop
  endfacet
  facet normal -0.518783 0.854906 0
    outer loop
      vertex 69.6375 -110.478 47.5
      vertex 69.6953 -110.443 47.5
      vertex 69.6953 -110.443 42.5
    endloop
  endfacet
  facet normal -0.555564 0.831473 0
    outer loop
      vertex 69.6953 -110.443 42.5
      vertex 69.6953 -110.443 47.5
      vertex 69.7516 -110.405 42.5
    endloop
  endfacet
  facet normal -0.555564 0.831473 0
    outer loop
      vertex 69.6953 -110.443 47.5
      vertex 69.7516 -110.405 47.5
      vertex 69.7516 -110.405 42.5
    endloop
  endfacet
  facet normal -0.591364 0.806405 0
    outer loop
      vertex 69.7516 -110.405 42.5
      vertex 69.7516 -110.405 47.5
      vertex 69.8061 -110.365 42.5
    endloop
  endfacet
  facet normal -0.591364 0.806405 0
    outer loop
      vertex 69.7516 -110.405 47.5
      vertex 69.8061 -110.365 47.5
      vertex 69.8061 -110.365 42.5
    endloop
  endfacet
  facet normal -0.62589 0.779911 0
    outer loop
      vertex 69.8061 -110.365 42.5
      vertex 69.8061 -110.365 47.5
      vertex 69.8588 -110.323 42.5
    endloop
  endfacet
  facet normal -0.62589 0.779911 0
    outer loop
      vertex 69.8061 -110.365 47.5
      vertex 69.8588 -110.323 47.5
      vertex 69.8588 -110.323 42.5
    endloop
  endfacet
  facet normal -0.659315 0.751866 0
    outer loop
      vertex 69.8588 -110.323 42.5
      vertex 69.8588 -110.323 47.5
      vertex 69.9097 -110.278 42.5
    endloop
  endfacet
  facet normal -0.659315 0.751866 0
    outer loop
      vertex 69.8588 -110.323 47.5
      vertex 69.9097 -110.278 47.5
      vertex 69.9097 -110.278 42.5
    endloop
  endfacet
  facet normal -0.691515 0.722362 0
    outer loop
      vertex 69.9097 -110.278 42.5
      vertex 69.9097 -110.278 47.5
      vertex 69.9585 -110.232 42.5
    endloop
  endfacet
  facet normal -0.691515 0.722362 0
    outer loop
      vertex 69.9097 -110.278 47.5
      vertex 69.9585 -110.232 47.5
      vertex 69.9585 -110.232 42.5
    endloop
  endfacet
  facet normal -0.722417 0.691458 0
    outer loop
      vertex 69.9585 -110.232 42.5
      vertex 69.9585 -110.232 47.5
      vertex 70.0053 -110.183 42.5
    endloop
  endfacet
  facet normal -0.722417 0.691458 0
    outer loop
      vertex 69.9585 -110.232 47.5
      vertex 70.0053 -110.183 47.5
      vertex 70.0053 -110.183 42.5
    endloop
  endfacet
  facet normal -0.751812 0.659378 0
    outer loop
      vertex 70.0053 -110.183 42.5
      vertex 70.0053 -110.183 47.5
      vertex 70.0499 -110.132 42.5
    endloop
  endfacet
  facet normal -0.751812 0.659378 0
    outer loop
      vertex 70.0053 -110.183 47.5
      vertex 70.0499 -110.132 47.5
      vertex 70.0499 -110.132 42.5
    endloop
  endfacet
  facet normal -0.779911 0.62589 0
    outer loop
      vertex 70.0499 -110.132 42.5
      vertex 70.0499 -110.132 47.5
      vertex 70.0922 -110.079 42.5
    endloop
  endfacet
  facet normal -0.779911 0.62589 0
    outer loop
      vertex 70.0499 -110.132 47.5
      vertex 70.0922 -110.079 47.5
      vertex 70.0922 -110.079 42.5
    endloop
  endfacet
  facet normal -0.806419 0.591345 0
    outer loop
      vertex 70.0922 -110.079 42.5
      vertex 70.0922 -110.079 47.5
      vertex 70.1322 -110.025 42.5
    endloop
  endfacet
  facet normal -0.806419 0.591345 0
    outer loop
      vertex 70.0922 -110.079 47.5
      vertex 70.1322 -110.025 47.5
      vertex 70.1322 -110.025 42.5
    endloop
  endfacet
  facet normal -0.831457 0.55559 0
    outer loop
      vertex 70.1322 -110.025 42.5
      vertex 70.1322 -110.025 47.5
      vertex 70.1698 -109.968 42.5
    endloop
  endfacet
  facet normal -0.831457 0.55559 0
    outer loop
      vertex 70.1322 -110.025 47.5
      vertex 70.1698 -109.968 47.5
      vertex 70.1698 -109.968 42.5
    endloop
  endfacet
  facet normal -0.854906 0.518783 0
    outer loop
      vertex 70.1698 -109.968 42.5
      vertex 70.1698 -109.968 47.5
      vertex 70.2049 -109.911 42.5
    endloop
  endfacet
  facet normal -0.854906 0.518783 0
    outer loop
      vertex 70.1698 -109.968 47.5
      vertex 70.2049 -109.911 47.5
      vertex 70.2049 -109.911 42.5
    endloop
  endfacet
  facet normal -0.876722 0.480997 0
    outer loop
      vertex 70.2049 -109.911 42.5
      vertex 70.2049 -109.911 47.5
      vertex 70.2374 -109.851 42.5
    endloop
  endfacet
  facet normal -0.876722 0.480997 0
    outer loop
      vertex 70.2049 -109.911 47.5
      vertex 70.2374 -109.851 47.5
      vertex 70.2374 -109.851 42.5
    endloop
  endfacet
  facet normal -0.896882 0.442271 0
    outer loop
      vertex 70.2374 -109.851 42.5
      vertex 70.2374 -109.851 47.5
      vertex 70.2673 -109.791 42.5
    endloop
  endfacet
  facet normal -0.896882 0.442271 0
    outer loop
      vertex 70.2374 -109.851 47.5
      vertex 70.2673 -109.791 47.5
      vertex 70.2673 -109.791 42.5
    endloop
  endfacet
  facet normal -0.915296 0.402783 0
    outer loop
      vertex 70.2673 -109.791 42.5
      vertex 70.2673 -109.791 47.5
      vertex 70.2945 -109.729 42.5
    endloop
  endfacet
  facet normal -0.915296 0.402783 0
    outer loop
      vertex 70.2673 -109.791 47.5
      vertex 70.2945 -109.729 47.5
      vertex 70.2945 -109.729 42.5
    endloop
  endfacet
  facet normal -0.932042 0.362351 0
    outer loop
      vertex 70.2945 -109.729 42.5
      vertex 70.2945 -109.729 47.5
      vertex 70.319 -109.666 42.5
    endloop
  endfacet
  facet normal -0.932042 0.362351 0
    outer loop
      vertex 70.2945 -109.729 47.5
      vertex 70.319 -109.666 47.5
      vertex 70.319 -109.666 42.5
    endloop
  endfacet
  facet normal -0.946917 0.321478 0
    outer loop
      vertex 70.319 -109.666 42.5
      vertex 70.319 -109.666 47.5
      vertex 70.3408 -109.602 42.5
    endloop
  endfacet
  facet normal -0.946917 0.321478 0
    outer loop
      vertex 70.319 -109.666 47.5
      vertex 70.3408 -109.602 47.5
      vertex 70.3408 -109.602 42.5
    endloop
  endfacet
  facet normal -0.960047 0.279839 0
    outer loop
      vertex 70.3408 -109.602 42.5
      vertex 70.3408 -109.602 47.5
      vertex 70.3597 -109.537 42.5
    endloop
  endfacet
  facet normal -0.960047 0.279839 0
    outer loop
      vertex 70.3408 -109.602 47.5
      vertex 70.3597 -109.537 47.5
      vertex 70.3597 -109.537 42.5
    endloop
  endfacet
  facet normal -0.971349 0.237659 0
    outer loop
      vertex 70.3597 -109.537 42.5
      vertex 70.3597 -109.537 47.5
      vertex 70.3758 -109.471 42.5
    endloop
  endfacet
  facet normal -0.971349 0.237659 0
    outer loop
      vertex 70.3597 -109.537 47.5
      vertex 70.3758 -109.471 47.5
      vertex 70.3758 -109.471 42.5
    endloop
  endfacet
  facet normal -0.980779 0.19512 0
    outer loop
      vertex 70.3758 -109.471 42.5
      vertex 70.3758 -109.471 47.5
      vertex 70.389 -109.405 42.5
    endloop
  endfacet
  facet normal -0.980779 0.19512 0
    outer loop
      vertex 70.3758 -109.471 47.5
      vertex 70.389 -109.405 47.5
      vertex 70.389 -109.405 42.5
    endloop
  endfacet
  facet normal -0.988358 0.152148 0
    outer loop
      vertex 70.389 -109.405 42.5
      vertex 70.389 -109.405 47.5
      vertex 70.3993 -109.338 42.5
    endloop
  endfacet
  facet normal -0.988358 0.152148 0
    outer loop
      vertex 70.389 -109.405 47.5
      vertex 70.3993 -109.338 47.5
      vertex 70.3993 -109.338 42.5
    endloop
  endfacet
  facet normal -0.994058 0.108847 0
    outer loop
      vertex 70.3993 -109.338 42.5
      vertex 70.3993 -109.338 47.5
      vertex 70.4066 -109.271 42.5
    endloop
  endfacet
  facet normal -0.994058 0.108847 0
    outer loop
      vertex 70.3993 -109.338 47.5
      vertex 70.4066 -109.271 47.5
      vertex 70.4066 -109.271 42.5
    endloop
  endfacet
  facet normal -0.997856 0.065444 0
    outer loop
      vertex 70.4066 -109.271 42.5
      vertex 70.4066 -109.271 47.5
      vertex 70.411 -109.203 42.5
    endloop
  endfacet
  facet normal -0.997856 0.065444 0
    outer loop
      vertex 70.4066 -109.271 47.5
      vertex 70.411 -109.203 47.5
      vertex 70.411 -109.203 42.5
    endloop
  endfacet
  facet normal -0.999762 0.021813 0
    outer loop
      vertex 70.411 -109.203 42.5
      vertex 70.411 -109.203 47.5
      vertex 70.4125 -109.136 42.5
    endloop
  endfacet
  facet normal -0.999762 0.021813 0
    outer loop
      vertex 70.411 -109.203 47.5
      vertex 70.4125 -109.136 47.5
      vertex 70.4125 -109.136 42.5
    endloop
  endfacet
  facet normal -1 0 0
    outer loop
      vertex 50.0217 -45.2902 47.5
      vertex 50.0217 4.70975 47.5
      vertex 50.0217 -45.2902 42.5
    endloop
  endfacet
  facet normal -1 0 0
    outer loop
      vertex 50.0217 4.70975 47.5
      vertex 50.0217 4.70975 42.5
      vertex 50.0217 -45.2902 42.5
    endloop
  endfacet
  facet normal -0.999762 -0.0218154 0
    outer loop
      vertex -71.9175 -109.136 42.5
      vertex -71.9175 -109.136 47.5
      vertex -71.919 -109.068 42.5
    endloop
  endfacet
  facet normal -0.999762 -0.0218154 0
    outer loop
      vertex -71.9175 -109.136 47.5
      vertex -71.919 -109.068 47.5
      vertex -71.919 -109.068 42.5
    endloop
  endfacet
  facet normal -0.997863 -0.0653343 0
    outer loop
      vertex -71.919 -109.068 42.5
      vertex -71.919 -109.068 47.5
      vertex -71.9234 -109 42.5
    endloop
  endfacet
  facet normal -0.997863 -0.0653343 0
    outer loop
      vertex -71.919 -109.068 47.5
      vertex -71.9234 -109 47.5
      vertex -71.9234 -109 42.5
    endloop
  endfacet
  facet normal -0.994058 -0.108847 0
    outer loop
      vertex -71.9234 -109 42.5
      vertex -71.9234 -109 47.5
      vertex -71.9308 -108.933 42.5
    endloop
  endfacet
  facet normal -0.994058 -0.108847 0
    outer loop
      vertex -71.9234 -109 47.5
      vertex -71.9308 -108.933 47.5
      vertex -71.9308 -108.933 42.5
    endloop
  endfacet
  facet normal -0.988358 -0.152148 0
    outer loop
      vertex -71.9308 -108.933 42.5
      vertex -71.9308 -108.933 47.5
      vertex -71.9411 -108.866 42.5
    endloop
  endfacet
  facet normal -0.988358 -0.152148 0
    outer loop
      vertex -71.9308 -108.933 47.5
      vertex -71.9411 -108.866 47.5
      vertex -71.9411 -108.866 42.5
    endloop
  endfacet
  facet normal -0.980779 -0.19512 0
    outer loop
      vertex -71.9411 -108.866 42.5
      vertex -71.9411 -108.866 47.5
      vertex -71.9543 -108.8 42.5
    endloop
  endfacet
  facet normal -0.980779 -0.19512 0
    outer loop
      vertex -71.9411 -108.866 47.5
      vertex -71.9543 -108.8 47.5
      vertex -71.9543 -108.8 42.5
    endloop
  endfacet
  facet normal -0.971355 -0.237633 0
    outer loop
      vertex -71.9543 -108.8 42.5
      vertex -71.9543 -108.8 47.5
      vertex -71.9704 -108.734 42.5
    endloop
  endfacet
  facet normal -0.971355 -0.237633 0
    outer loop
      vertex -71.9543 -108.8 47.5
      vertex -71.9704 -108.734 47.5
      vertex -71.9704 -108.734 42.5
    endloop
  endfacet
  facet normal -0.960047 -0.279839 0
    outer loop
      vertex -71.9704 -108.734 42.5
      vertex -71.9704 -108.734 47.5
      vertex -71.9893 -108.669 42.5
    endloop
  endfacet
  facet normal -0.960047 -0.279839 0
    outer loop
      vertex -71.9704 -108.734 47.5
      vertex -71.9893 -108.669 47.5
      vertex -71.9893 -108.669 42.5
    endloop
  endfacet
  facet normal -0.946917 -0.321478 0
    outer loop
      vertex -71.9893 -108.669 42.5
      vertex -71.9893 -108.669 47.5
      vertex -72.011 -108.605 42.5
    endloop
  endfacet
  facet normal -0.946917 -0.321478 0
    outer loop
      vertex -71.9893 -108.669 47.5
      vertex -72.011 -108.605 47.5
      vertex -72.011 -108.605 42.5
    endloop
  endfacet
  facet normal -0.932027 -0.362388 0
    outer loop
      vertex -72.011 -108.605 42.5
      vertex -72.011 -108.605 47.5
      vertex -72.0355 -108.542 42.5
    endloop
  endfacet
  facet normal -0.932027 -0.362388 0
    outer loop
      vertex -72.011 -108.605 47.5
      vertex -72.0355 -108.542 47.5
      vertex -72.0355 -108.542 42.5
    endloop
  endfacet
  facet normal -0.915296 -0.402783 0
    outer loop
      vertex -72.0355 -108.542 42.5
      vertex -72.0355 -108.542 47.5
      vertex -72.0628 -108.48 42.5
    endloop
  endfacet
  facet normal -0.915296 -0.402783 0
    outer loop
      vertex -72.0355 -108.542 47.5
      vertex -72.0628 -108.48 47.5
      vertex -72.0628 -108.48 42.5
    endloop
  endfacet
  facet normal -0.896859 -0.442316 0
    outer loop
      vertex -72.0628 -108.48 42.5
      vertex -72.0628 -108.48 47.5
      vertex -72.0927 -108.42 42.5
    endloop
  endfacet
  facet normal -0.896859 -0.442316 0
    outer loop
      vertex -72.0628 -108.48 47.5
      vertex -72.0927 -108.42 47.5
      vertex -72.0927 -108.42 42.5
    endloop
  endfacet
  facet normal -0.876769 -0.480912 0
    outer loop
      vertex -72.0927 -108.42 42.5
      vertex -72.0927 -108.42 47.5
      vertex -72.1252 -108.361 42.5
    endloop
  endfacet
  facet normal -0.876769 -0.480912 0
    outer loop
      vertex -72.0927 -108.42 47.5
      vertex -72.1252 -108.361 47.5
      vertex -72.1252 -108.361 42.5
    endloop
  endfacet
  facet normal -0.854877 -0.518831 0
    outer loop
      vertex -72.1252 -108.361 42.5
      vertex -72.1252 -108.361 47.5
      vertex -72.1603 -108.303 42.5
    endloop
  endfacet
  facet normal -0.854877 -0.518831 0
    outer loop
      vertex -72.1252 -108.361 47.5
      vertex -72.1603 -108.303 47.5
      vertex -72.1603 -108.303 42.5
    endloop
  endfacet
  facet normal -0.831457 -0.55559 0
    outer loop
      vertex -72.1603 -108.303 42.5
      vertex -72.1603 -108.303 47.5
      vertex -72.1979 -108.247 42.5
    endloop
  endfacet
  facet normal -0.831457 -0.55559 0
    outer loop
      vertex -72.1603 -108.303 47.5
      vertex -72.1979 -108.247 47.5
      vertex -72.1979 -108.247 42.5
    endloop
  endfacet
  facet normal -0.806458 -0.591292 0
    outer loop
      vertex -72.1979 -108.247 42.5
      vertex -72.1979 -108.247 47.5
      vertex -72.2378 -108.192 42.5
    endloop
  endfacet
  facet normal -0.806458 -0.591292 0
    outer loop
      vertex -72.1979 -108.247 47.5
      vertex -72.2378 -108.192 47.5
      vertex -72.2378 -108.192 42.5
    endloop
  endfacet
  facet normal -0.779911 -0.62589 0
    outer loop
      vertex -72.2378 -108.192 42.5
      vertex -72.2378 -108.192 47.5
      vertex -72.2802 -108.139 42.5
    endloop
  endfacet
  facet normal -0.779911 -0.62589 0
    outer loop
      vertex -72.2378 -108.192 47.5
      vertex -72.2802 -108.139 47.5
      vertex -72.2802 -108.139 42.5
    endloop
  endfacet
  facet normal -0.751812 -0.659378 0
    outer loop
      vertex -72.2802 -108.139 42.5
      vertex -72.2802 -108.139 47.5
      vertex -72.3248 -108.088 42.5
    endloop
  endfacet
  facet normal -0.751812 -0.659378 0
    outer loop
      vertex -72.2802 -108.139 47.5
      vertex -72.3248 -108.088 47.5
      vertex -72.3248 -108.088 42.5
    endloop
  endfacet
  facet normal -0.722364 -0.691513 0
    outer loop
      vertex -72.3248 -108.088 42.5
      vertex -72.3248 -108.088 47.5
      vertex -72.3715 -108.04 42.5
    endloop
  endfacet
  facet normal -0.722364 -0.691513 0
    outer loop
      vertex -72.3248 -108.088 47.5
      vertex -72.3715 -108.04 47.5
      vertex -72.3715 -108.04 42.5
    endloop
  endfacet
  facet normal -0.691515 -0.722362 0
    outer loop
      vertex -72.3715 -108.04 42.5
      vertex -72.3715 -108.04 47.5
      vertex -72.4204 -107.993 42.5
    endloop
  endfacet
  facet normal -0.691515 -0.722362 0
    outer loop
      vertex -72.3715 -108.04 47.5
      vertex -72.4204 -107.993 47.5
      vertex -72.4204 -107.993 42.5
    endloop
  endfacet
  facet normal -0.659378 -0.751812 0
    outer loop
      vertex -72.4204 -107.993 42.5
      vertex -72.4204 -107.993 47.5
      vertex -72.4712 -107.948 42.5
    endloop
  endfacet
  facet normal -0.659378 -0.751812 0
    outer loop
      vertex -72.4204 -107.993 47.5
      vertex -72.4712 -107.948 47.5
      vertex -72.4712 -107.948 42.5
    endloop
  endfacet
  facet normal -0.62589 -0.779911 0
    outer loop
      vertex -72.4712 -107.948 42.5
      vertex -72.4712 -107.948 47.5
      vertex -72.524 -107.906 42.5
    endloop
  endfacet
  facet normal -0.62589 -0.779911 0
    outer loop
      vertex -72.4712 -107.948 47.5
      vertex -72.524 -107.906 47.5
      vertex -72.524 -107.906 42.5
    endloop
  endfacet
  facet normal -0.591292 -0.806458 0
    outer loop
      vertex -72.524 -107.906 42.5
      vertex -72.524 -107.906 47.5
      vertex -72.5785 -107.866 42.5
    endloop
  endfacet
  facet normal -0.591292 -0.806458 0
    outer loop
      vertex -72.524 -107.906 47.5
      vertex -72.5785 -107.866 47.5
      vertex -72.5785 -107.866 42.5
    endloop
  endfacet
  facet normal -0.55559 -0.831457 0
    outer loop
      vertex -72.5785 -107.866 42.5
      vertex -72.5785 -107.866 47.5
      vertex -72.6347 -107.828 42.5
    endloop
  endfacet
  facet normal -0.55559 -0.831457 0
    outer loop
      vertex -72.5785 -107.866 47.5
      vertex -72.6347 -107.828 47.5
      vertex -72.6347 -107.828 42.5
    endloop
  endfacet
  facet normal -0.518831 -0.854877 0
    outer loop
      vertex -72.6347 -107.828 42.5
      vertex -72.6347 -107.828 47.5
      vertex -72.6925 -107.793 42.5
    endloop
  endfacet
  facet normal -0.518831 -0.854877 0
    outer loop
      vertex -72.6347 -107.828 47.5
      vertex -72.6925 -107.793 47.5
      vertex -72.6925 -107.793 42.5
    endloop
  endfacet
  facet normal -0.480912 -0.876769 0
    outer loop
      vertex -72.6925 -107.793 42.5
      vertex -72.6925 -107.793 47.5
      vertex -72.7518 -107.761 42.5
    endloop
  endfacet
  facet normal -0.480912 -0.876769 0
    outer loop
      vertex -72.6925 -107.793 47.5
      vertex -72.7518 -107.761 47.5
      vertex -72.7518 -107.761 42.5
    endloop
  endfacet
  facet normal -0.442316 -0.896859 0
    outer loop
      vertex -72.7518 -107.761 42.5
      vertex -72.7518 -107.761 47.5
      vertex -72.8125 -107.731 42.5
    endloop
  endfacet
  facet normal -0.442316 -0.896859 0
    outer loop
      vertex -72.7518 -107.761 47.5
      vertex -72.8125 -107.731 47.5
      vertex -72.8125 -107.731 42.5
    endloop
  endfacet
  facet normal -0.402691 -0.915336 0
    outer loop
      vertex -72.8125 -107.731 42.5
      vertex -72.8125 -107.731 47.5
      vertex -72.8744 -107.704 42.5
    endloop
  endfacet
  facet normal -0.402691 -0.915336 0
    outer loop
      vertex -72.8125 -107.731 47.5
      vertex -72.8744 -107.704 47.5
      vertex -72.8744 -107.704 42.5
    endloop
  endfacet
  facet normal -0.362483 -0.93199 0
    outer loop
      vertex -72.8744 -107.704 42.5
      vertex -72.8744 -107.704 47.5
      vertex -72.9374 -107.679 42.5
    endloop
  endfacet
  facet normal -0.362483 -0.93199 0
    outer loop
      vertex -72.8744 -107.704 47.5
      vertex -72.9374 -107.679 47.5
      vertex -72.9374 -107.679 42.5
    endloop
  endfacet
  facet normal -0.321478 -0.946917 0
    outer loop
      vertex -72.9374 -107.679 42.5
      vertex -72.9374 -107.679 47.5
      vertex -73.0015 -107.657 42.5
    endloop
  endfacet
  facet normal -0.321478 -0.946917 0
    outer loop
      vertex -72.9374 -107.679 47.5
      vertex -73.0015 -107.657 47.5
      vertex -73.0015 -107.657 42.5
    endloop
  endfacet
  facet normal -0.279839 -0.960047 0
    outer loop
      vertex -73.0015 -107.657 42.5
      vertex -73.0015 -107.657 47.5
      vertex -73.0664 -107.638 42.5
    endloop
  endfacet
  facet normal -0.279839 -0.960047 0
    outer loop
      vertex -73.0015 -107.657 47.5
      vertex -73.0664 -107.638 47.5
      vertex -73.0664 -107.638 42.5
    endloop
  endfacet
  facet normal -0.237659 -0.971349 0
    outer loop
      vertex -73.0664 -107.638 42.5
      vertex -73.0664 -107.638 47.5
      vertex -73.1321 -107.622 42.5
    endloop
  endfacet
  facet normal -0.237659 -0.971349 0
    outer loop
      vertex -73.0664 -107.638 47.5
      vertex -73.1321 -107.622 47.5
      vertex -73.1321 -107.622 42.5
    endloop
  endfacet
  facet normal -0.195099 -0.980784 0
    outer loop
      vertex -73.1321 -107.622 42.5
      vertex -73.1321 -107.622 47.5
      vertex -73.1984 -107.609 42.5
    endloop
  endfacet
  facet normal -0.195099 -0.980784 0
    outer loop
      vertex -73.1321 -107.622 47.5
      vertex -73.1984 -107.609 47.5
      vertex -73.1984 -107.609 42.5
    endloop
  endfacet
  facet normal -0.152041 -0.988374 0
    outer loop
      vertex -73.1984 -107.609 42.5
      vertex -73.1984 -107.609 47.5
      vertex -73.2652 -107.599 42.5
    endloop
  endfacet
  facet normal -0.152041 -0.988374 0
    outer loop
      vertex -73.1984 -107.609 47.5
      vertex -73.2652 -107.599 47.5
      vertex -73.2652 -107.599 42.5
    endloop
  endfacet
  facet normal -0.108968 -0.994045 0
    outer loop
      vertex -73.2652 -107.599 42.5
      vertex -73.2652 -107.599 47.5
      vertex -73.3325 -107.591 42.5
    endloop
  endfacet
  facet normal -0.108968 -0.994045 0
    outer loop
      vertex -73.2652 -107.599 47.5
      vertex -73.3325 -107.591 47.5
      vertex -73.3325 -107.591 42.5
    endloop
  endfacet
  facet normal -0.0653271 -0.997864 0
    outer loop
      vertex -73.3325 -107.591 42.5
      vertex -73.3325 -107.591 47.5
      vertex -73.3999 -107.587 42.5
    endloop
  endfacet
  facet normal -0.0653271 -0.997864 0
    outer loop
      vertex -73.3325 -107.591 47.5
      vertex -73.3999 -107.587 47.5
      vertex -73.3999 -107.587 42.5
    endloop
  endfacet
  facet normal -0.0218154 -0.999762 0
    outer loop
      vertex -73.3999 -107.587 42.5
      vertex -73.3999 -107.587 47.5
      vertex -73.4675 -107.586 42.5
    endloop
  endfacet
  facet normal -0.0218154 -0.999762 0
    outer loop
      vertex -73.3999 -107.587 47.5
      vertex -73.4675 -107.586 47.5
      vertex -73.4675 -107.586 42.5
    endloop
  endfacet
  facet normal 0.0218154 -0.999762 0
    outer loop
      vertex -73.4675 -107.586 42.5
      vertex -73.4675 -107.586 47.5
      vertex -73.5352 -107.587 42.5
    endloop
  endfacet
  facet normal 0.0218154 -0.999762 0
    outer loop
      vertex -73.4675 -107.586 47.5
      vertex -73.5352 -107.587 47.5
      vertex -73.5352 -107.587 42.5
    endloop
  endfacet
  facet normal 0.0653271 -0.997864 0
    outer loop
      vertex -73.5352 -107.587 42.5
      vertex -73.5352 -107.587 47.5
      vertex -73.6026 -107.591 42.5
    endloop
  endfacet
  facet normal 0.0653271 -0.997864 0
    outer loop
      vertex -73.5352 -107.587 47.5
      vertex -73.6026 -107.591 47.5
      vertex -73.6026 -107.591 42.5
    endloop
  endfacet
  facet normal 0.108968 -0.994045 0
    outer loop
      vertex -73.6026 -107.591 42.5
      vertex -73.6026 -107.591 47.5
      vertex -73.6699 -107.599 42.5
    endloop
  endfacet
  facet normal 0.108968 -0.994045 0
    outer loop
      vertex -73.6026 -107.591 47.5
      vertex -73.6699 -107.599 47.5
      vertex -73.6699 -107.599 42.5
    endloop
  endfacet
  facet normal 0.152041 -0.988374 0
    outer loop
      vertex -73.6699 -107.599 42.5
      vertex -73.6699 -107.599 47.5
      vertex -73.7367 -107.609 42.5
    endloop
  endfacet
  facet normal 0.152041 -0.988374 0
    outer loop
      vertex -73.6699 -107.599 47.5
      vertex -73.7367 -107.609 47.5
      vertex -73.7367 -107.609 42.5
    endloop
  endfacet
  facet normal 0.195099 -0.980784 0
    outer loop
      vertex -73.7367 -107.609 42.5
      vertex -73.7367 -107.609 47.5
      vertex -73.803 -107.622 42.5
    endloop
  endfacet
  facet normal 0.195099 -0.980784 0
    outer loop
      vertex -73.7367 -107.609 47.5
      vertex -73.803 -107.622 47.5
      vertex -73.803 -107.622 42.5
    endloop
  endfacet
  facet normal 0.237659 -0.971349 0
    outer loop
      vertex -73.803 -107.622 42.5
      vertex -73.803 -107.622 47.5
      vertex -73.8687 -107.638 42.5
    endloop
  endfacet
  facet normal 0.237659 -0.971349 0
    outer loop
      vertex -73.803 -107.622 47.5
      vertex -73.8687 -107.638 47.5
      vertex -73.8687 -107.638 42.5
    endloop
  endfacet
  facet normal 0.279839 -0.960047 0
    outer loop
      vertex -73.8687 -107.638 42.5
      vertex -73.8687 -107.638 47.5
      vertex -73.9336 -107.657 42.5
    endloop
  endfacet
  facet normal 0.279839 -0.960047 0
    outer loop
      vertex -73.8687 -107.638 47.5
      vertex -73.9336 -107.657 47.5
      vertex -73.9336 -107.657 42.5
    endloop
  endfacet
  facet normal 0.321478 -0.946917 0
    outer loop
      vertex -73.9336 -107.657 42.5
      vertex -73.9336 -107.657 47.5
      vertex -73.9977 -107.679 42.5
    endloop
  endfacet
  facet normal 0.321478 -0.946917 0
    outer loop
      vertex -73.9336 -107.657 47.5
      vertex -73.9977 -107.679 47.5
      vertex -73.9977 -107.679 42.5
    endloop
  endfacet
  facet normal 0.362483 -0.93199 0
    outer loop
      vertex -73.9977 -107.679 42.5
      vertex -73.9977 -107.679 47.5
      vertex -74.0607 -107.704 42.5
    endloop
  endfacet
  facet normal 0.362483 -0.93199 0
    outer loop
      vertex -73.9977 -107.679 47.5
      vertex -74.0607 -107.704 47.5
      vertex -74.0607 -107.704 42.5
    endloop
  endfacet
  facet normal 0.402691 -0.915336 0
    outer loop
      vertex -74.0607 -107.704 42.5
      vertex -74.0607 -107.704 47.5
      vertex -74.1226 -107.731 42.5
    endloop
  endfacet
  facet normal 0.402691 -0.915336 0
    outer loop
      vertex -74.0607 -107.704 47.5
      vertex -74.1226 -107.731 47.5
      vertex -74.1226 -107.731 42.5
    endloop
  endfacet
  facet normal 0.442316 -0.896859 0
    outer loop
      vertex -74.1226 -107.731 42.5
      vertex -74.1226 -107.731 47.5
      vertex -74.1833 -107.761 42.5
    endloop
  endfacet
  facet normal 0.442316 -0.896859 0
    outer loop
      vertex -74.1226 -107.731 47.5
      vertex -74.1833 -107.761 47.5
      vertex -74.1833 -107.761 42.5
    endloop
  endfacet
  facet normal 0.480912 -0.876769 0
    outer loop
      vertex -74.1833 -107.761 42.5
      vertex -74.1833 -107.761 47.5
      vertex -74.2425 -107.793 42.5
    endloop
  endfacet
  facet normal 0.480912 -0.876769 0
    outer loop
      vertex -74.1833 -107.761 47.5
      vertex -74.2425 -107.793 47.5
      vertex -74.2425 -107.793 42.5
    endloop
  endfacet
  facet normal 0.518831 -0.854877 0
    outer loop
      vertex -74.2425 -107.793 42.5
      vertex -74.2425 -107.793 47.5
      vertex -74.3004 -107.828 42.5
    endloop
  endfacet
  facet normal 0.518831 -0.854877 0
    outer loop
      vertex -74.2425 -107.793 47.5
      vertex -74.3004 -107.828 47.5
      vertex -74.3004 -107.828 42.5
    endloop
  endfacet
  facet normal 0.55559 -0.831457 0
    outer loop
      vertex -74.3004 -107.828 42.5
      vertex -74.3004 -107.828 47.5
      vertex -74.3566 -107.866 42.5
    endloop
  endfacet
  facet normal 0.55559 -0.831457 0
    outer loop
      vertex -74.3004 -107.828 47.5
      vertex -74.3566 -107.866 47.5
      vertex -74.3566 -107.866 42.5
    endloop
  endfacet
  facet normal 0.591292 -0.806458 0
    outer loop
      vertex -74.3566 -107.866 42.5
      vertex -74.3566 -107.866 47.5
      vertex -74.4111 -107.906 42.5
    endloop
  endfacet
  facet normal 0.591292 -0.806458 0
    outer loop
      vertex -74.3566 -107.866 47.5
      vertex -74.4111 -107.906 47.5
      vertex -74.4111 -107.906 42.5
    endloop
  endfacet
  facet normal 0.62589 -0.779911 0
    outer loop
      vertex -74.4111 -107.906 42.5
      vertex -74.4111 -107.906 47.5
      vertex -74.4639 -107.948 42.5
    endloop
  endfacet
  facet normal 0.62589 -0.779911 0
    outer loop
      vertex -74.4111 -107.906 47.5
      vertex -74.4639 -107.948 47.5
      vertex -74.4639 -107.948 42.5
    endloop
  endfacet
  facet normal 0.659378 -0.751812 0
    outer loop
      vertex -74.4639 -107.948 42.5
      vertex -74.4639 -107.948 47.5
      vertex -74.5147 -107.993 42.5
    endloop
  endfacet
  facet normal 0.659378 -0.751812 0
    outer loop
      vertex -74.4639 -107.948 47.5
      vertex -74.5147 -107.993 47.5
      vertex -74.5147 -107.993 42.5
    endloop
  endfacet
  facet normal 0.691515 -0.722362 0
    outer loop
      vertex -74.5147 -107.993 42.5
      vertex -74.5147 -107.993 47.5
      vertex -74.5636 -108.04 42.5
    endloop
  endfacet
  facet normal 0.691515 -0.722362 0
    outer loop
      vertex -74.5147 -107.993 47.5
      vertex -74.5636 -108.04 47.5
      vertex -74.5636 -108.04 42.5
    endloop
  endfacet
  facet normal 0.722364 -0.691513 0
    outer loop
      vertex -74.5636 -108.04 42.5
      vertex -74.5636 -108.04 47.5
      vertex -74.6103 -108.088 42.5
    endloop
  endfacet
  facet normal 0.722364 -0.691513 0
    outer loop
      vertex -74.5636 -108.04 47.5
      vertex -74.6103 -108.088 47.5
      vertex -74.6103 -108.088 42.5
    endloop
  endfacet
  facet normal 0.751812 -0.659378 0
    outer loop
      vertex -74.6103 -108.088 42.5
      vertex -74.6103 -108.088 47.5
      vertex -74.6549 -108.139 42.5
    endloop
  endfacet
  facet normal 0.751812 -0.659378 0
    outer loop
      vertex -74.6103 -108.088 47.5
      vertex -74.6549 -108.139 47.5
      vertex -74.6549 -108.139 42.5
    endloop
  endfacet
  facet normal 0.779911 -0.62589 0
    outer loop
      vertex -74.6549 -108.139 42.5
      vertex -74.6549 -108.139 47.5
      vertex -74.6972 -108.192 42.5
    endloop
  endfacet
  facet normal 0.779911 -0.62589 0
    outer loop
      vertex -74.6549 -108.139 47.5
      vertex -74.6972 -108.192 47.5
      vertex -74.6972 -108.192 42.5
    endloop
  endfacet
  facet normal 0.806458 -0.591292 0
    outer loop
      vertex -74.6972 -108.192 42.5
      vertex -74.6972 -108.192 47.5
      vertex -74.7372 -108.247 42.5
    endloop
  endfacet
  facet normal 0.806458 -0.591292 0
    outer loop
      vertex -74.6972 -108.192 47.5
      vertex -74.7372 -108.247 47.5
      vertex -74.7372 -108.247 42.5
    endloop
  endfacet
  facet normal 0.831457 -0.55559 0
    outer loop
      vertex -74.7372 -108.247 42.5
      vertex -74.7372 -108.247 47.5
      vertex -74.7748 -108.303 42.5
    endloop
  endfacet
  facet normal 0.831457 -0.55559 0
    outer loop
      vertex -74.7372 -108.247 47.5
      vertex -74.7748 -108.303 47.5
      vertex -74.7748 -108.303 42.5
    endloop
  endfacet
  facet normal 0.854877 -0.518831 0
    outer loop
      vertex -74.7748 -108.303 42.5
      vertex -74.7748 -108.303 47.5
      vertex -74.8099 -108.361 42.5
    endloop
  endfacet
  facet normal 0.854877 -0.518831 0
    outer loop
      vertex -74.7748 -108.303 47.5
      vertex -74.8099 -108.361 47.5
      vertex -74.8099 -108.361 42.5
    endloop
  endfacet
  facet normal 0.876769 -0.480912 0
    outer loop
      vertex -74.8099 -108.361 42.5
      vertex -74.8099 -108.361 47.5
      vertex -74.8424 -108.42 42.5
    endloop
  endfacet
  facet normal 0.876769 -0.480912 0
    outer loop
      vertex -74.8099 -108.361 47.5
      vertex -74.8424 -108.42 47.5
      vertex -74.8424 -108.42 42.5
    endloop
  endfacet
  facet normal 0.896859 -0.442316 0
    outer loop
      vertex -74.8424 -108.42 42.5
      vertex -74.8424 -108.42 47.5
      vertex -74.8723 -108.48 42.5
    endloop
  endfacet
  facet normal 0.896859 -0.442316 0
    outer loop
      vertex -74.8424 -108.42 47.5
      vertex -74.8723 -108.48 47.5
      vertex -74.8723 -108.48 42.5
    endloop
  endfacet
  facet normal 0.915296 -0.402783 0
    outer loop
      vertex -74.8723 -108.48 42.5
      vertex -74.8723 -108.48 47.5
      vertex -74.8996 -108.542 42.5
    endloop
  endfacet
  facet normal 0.915296 -0.402783 0
    outer loop
      vertex -74.8723 -108.48 47.5
      vertex -74.8996 -108.542 47.5
      vertex -74.8996 -108.542 42.5
    endloop
  endfacet
  facet normal 0.932027 -0.362388 0
    outer loop
      vertex -74.8996 -108.542 42.5
      vertex -74.8996 -108.542 47.5
      vertex -74.9241 -108.605 42.5
    endloop
  endfacet
  facet normal 0.932027 -0.362388 0
    outer loop
      vertex -74.8996 -108.542 47.5
      vertex -74.9241 -108.605 47.5
      vertex -74.9241 -108.605 42.5
    endloop
  endfacet
  facet normal 0.946917 -0.321478 0
    outer loop
      vertex -74.9241 -108.605 42.5
      vertex -74.9241 -108.605 47.5
      vertex -74.9458 -108.669 42.5
    endloop
  endfacet
  facet normal 0.946917 -0.321478 0
    outer loop
      vertex -74.9241 -108.605 47.5
      vertex -74.9458 -108.669 47.5
      vertex -74.9458 -108.669 42.5
    endloop
  endfacet
  facet normal 0.960047 -0.279839 0
    outer loop
      vertex -74.9458 -108.669 42.5
      vertex -74.9458 -108.669 47.5
      vertex -74.9647 -108.734 42.5
    endloop
  endfacet
  facet normal 0.960047 -0.279839 0
    outer loop
      vertex -74.9458 -108.669 47.5
      vertex -74.9647 -108.734 47.5
      vertex -74.9647 -108.734 42.5
    endloop
  endfacet
  facet normal 0.971355 -0.237633 0
    outer loop
      vertex -74.9647 -108.734 42.5
      vertex -74.9647 -108.734 47.5
      vertex -74.9808 -108.8 42.5
    endloop
  endfacet
  facet normal 0.971355 -0.237633 0
    outer loop
      vertex -74.9647 -108.734 47.5
      vertex -74.9808 -108.8 47.5
      vertex -74.9808 -108.8 42.5
    endloop
  endfacet
  facet normal 0.980779 -0.19512 0
    outer loop
      vertex -74.9808 -108.8 42.5
      vertex -74.9808 -108.8 47.5
      vertex -74.994 -108.866 42.5
    endloop
  endfacet
  facet normal 0.980779 -0.19512 0
    outer loop
      vertex -74.9808 -108.8 47.5
      vertex -74.994 -108.866 47.5
      vertex -74.994 -108.866 42.5
    endloop
  endfacet
  facet normal 0.988358 -0.152148 0
    outer loop
      vertex -74.994 -108.866 42.5
      vertex -74.994 -108.866 47.5
      vertex -75.0043 -108.933 42.5
    endloop
  endfacet
  facet normal 0.988358 -0.152148 0
    outer loop
      vertex -74.994 -108.866 47.5
      vertex -75.0043 -108.933 47.5
      vertex -75.0043 -108.933 42.5
    endloop
  endfacet
  facet normal 0.994058 -0.108847 0
    outer loop
      vertex -75.0043 -108.933 42.5
      vertex -75.0043 -108.933 47.5
      vertex -75.0116 -109 42.5
    endloop
  endfacet
  facet normal 0.994058 -0.108847 0
    outer loop
      vertex -75.0043 -108.933 47.5
      vertex -75.0116 -109 47.5
      vertex -75.0116 -109 42.5
    endloop
  endfacet
  facet normal 0.997863 -0.0653343 0
    outer loop
      vertex -75.0116 -109 42.5
      vertex -75.0116 -109 47.5
      vertex -75.0161 -109.068 42.5
    endloop
  endfacet
  facet normal 0.997863 -0.0653343 0
    outer loop
      vertex -75.0116 -109 47.5
      vertex -75.0161 -109.068 47.5
      vertex -75.0161 -109.068 42.5
    endloop
  endfacet
  facet normal 0.999762 -0.0218154 0
    outer loop
      vertex -75.0161 -109.068 42.5
      vertex -75.0161 -109.068 47.5
      vertex -75.0175 -109.136 42.5
    endloop
  endfacet
  facet normal 0.999762 -0.0218154 0
    outer loop
      vertex -75.0161 -109.068 47.5
      vertex -75.0175 -109.136 47.5
      vertex -75.0175 -109.136 42.5
    endloop
  endfacet
  facet normal 0.999762 0.021813 0
    outer loop
      vertex -75.0175 -109.136 42.5
      vertex -75.0175 -109.136 47.5
      vertex -75.0161 -109.203 42.5
    endloop
  endfacet
  facet normal 0.999762 0.021813 0
    outer loop
      vertex -75.0175 -109.136 47.5
      vertex -75.0161 -109.203 47.5
      vertex -75.0161 -109.203 42.5
    endloop
  endfacet
  facet normal 0.997863 0.0653343 0
    outer loop
      vertex -75.0161 -109.203 42.5
      vertex -75.0161 -109.203 47.5
      vertex -75.0116 -109.271 42.5
    endloop
  endfacet
  facet normal 0.997863 0.0653343 0
    outer loop
      vertex -75.0161 -109.203 47.5
      vertex -75.0116 -109.271 47.5
      vertex -75.0116 -109.271 42.5
    endloop
  endfacet
  facet normal 0.994058 0.108847 0
    outer loop
      vertex -75.0116 -109.271 42.5
      vertex -75.0116 -109.271 47.5
      vertex -75.0043 -109.338 42.5
    endloop
  endfacet
  facet normal 0.994058 0.108847 0
    outer loop
      vertex -75.0116 -109.271 47.5
      vertex -75.0043 -109.338 47.5
      vertex -75.0043 -109.338 42.5
    endloop
  endfacet
  facet normal 0.988358 0.152148 0
    outer loop
      vertex -75.0043 -109.338 42.5
      vertex -75.0043 -109.338 47.5
      vertex -74.994 -109.405 42.5
    endloop
  endfacet
  facet normal 0.988358 0.152148 0
    outer loop
      vertex -75.0043 -109.338 47.5
      vertex -74.994 -109.405 47.5
      vertex -74.994 -109.405 42.5
    endloop
  endfacet
  facet normal 0.980779 0.19512 0
    outer loop
      vertex -74.994 -109.405 42.5
      vertex -74.994 -109.405 47.5
      vertex -74.9808 -109.471 42.5
    endloop
  endfacet
  facet normal 0.980779 0.19512 0
    outer loop
      vertex -74.994 -109.405 47.5
      vertex -74.9808 -109.471 47.5
      vertex -74.9808 -109.471 42.5
    endloop
  endfacet
  facet normal 0.971349 0.237659 0
    outer loop
      vertex -74.9808 -109.471 42.5
      vertex -74.9808 -109.471 47.5
      vertex -74.9647 -109.537 42.5
    endloop
  endfacet
  facet normal 0.971349 0.237659 0
    outer loop
      vertex -74.9808 -109.471 47.5
      vertex -74.9647 -109.537 47.5
      vertex -74.9647 -109.537 42.5
    endloop
  endfacet
  facet normal 0.960047 0.279839 0
    outer loop
      vertex -74.9647 -109.537 42.5
      vertex -74.9647 -109.537 47.5
      vertex -74.9458 -109.602 42.5
    endloop
  endfacet
  facet normal 0.960047 0.279839 0
    outer loop
      vertex -74.9647 -109.537 47.5
      vertex -74.9458 -109.602 47.5
      vertex -74.9458 -109.602 42.5
    endloop
  endfacet
  facet normal 0.946917 0.321478 0
    outer loop
      vertex -74.9458 -109.602 42.5
      vertex -74.9458 -109.602 47.5
      vertex -74.9241 -109.666 42.5
    endloop
  endfacet
  facet normal 0.946917 0.321478 0
    outer loop
      vertex -74.9458 -109.602 47.5
      vertex -74.9241 -109.666 47.5
      vertex -74.9241 -109.666 42.5
    endloop
  endfacet
  facet normal 0.932042 0.362351 0
    outer loop
      vertex -74.9241 -109.666 42.5
      vertex -74.9241 -109.666 47.5
      vertex -74.8996 -109.729 42.5
    endloop
  endfacet
  facet normal 0.932042 0.362351 0
    outer loop
      vertex -74.9241 -109.666 47.5
      vertex -74.8996 -109.729 47.5
      vertex -74.8996 -109.729 42.5
    endloop
  endfacet
  facet normal 0.915296 0.402783 0
    outer loop
      vertex -74.8996 -109.729 42.5
      vertex -74.8996 -109.729 47.5
      vertex -74.8723 -109.791 42.5
    endloop
  endfacet
  facet normal 0.915296 0.402783 0
    outer loop
      vertex -74.8996 -109.729 47.5
      vertex -74.8723 -109.791 47.5
      vertex -74.8723 -109.791 42.5
    endloop
  endfacet
  facet normal 0.896838 0.442359 0
    outer loop
      vertex -74.8723 -109.791 42.5
      vertex -74.8723 -109.791 47.5
      vertex -74.8424 -109.851 42.5
    endloop
  endfacet
  facet normal 0.896838 0.442359 0
    outer loop
      vertex -74.8723 -109.791 47.5
      vertex -74.8424 -109.851 47.5
      vertex -74.8424 -109.851 42.5
    endloop
  endfacet
  facet normal 0.876769 0.480912 0
    outer loop
      vertex -74.8424 -109.851 42.5
      vertex -74.8424 -109.851 47.5
      vertex -74.8099 -109.911 42.5
    endloop
  endfacet
  facet normal 0.876769 0.480912 0
    outer loop
      vertex -74.8424 -109.851 47.5
      vertex -74.8099 -109.911 47.5
      vertex -74.8099 -109.911 42.5
    endloop
  endfacet
  facet normal 0.854906 0.518783 0
    outer loop
      vertex -74.8099 -109.911 42.5
      vertex -74.8099 -109.911 47.5
      vertex -74.7748 -109.968 42.5
    endloop
  endfacet
  facet normal 0.854906 0.518783 0
    outer loop
      vertex -74.8099 -109.911 47.5
      vertex -74.7748 -109.968 47.5
      vertex -74.7748 -109.968 42.5
    endloop
  endfacet
  facet normal 0.831457 0.55559 0
    outer loop
      vertex -74.7748 -109.968 42.5
      vertex -74.7748 -109.968 47.5
      vertex -74.7372 -110.025 42.5
    endloop
  endfacet
  facet normal 0.831457 0.55559 0
    outer loop
      vertex -74.7748 -109.968 47.5
      vertex -74.7372 -110.025 47.5
      vertex -74.7372 -110.025 42.5
    endloop
  endfacet
  facet normal 0.806419 0.591345 0
    outer loop
      vertex -74.7372 -110.025 42.5
      vertex -74.7372 -110.025 47.5
      vertex -74.6972 -110.079 42.5
    endloop
  endfacet
  facet normal 0.806419 0.591345 0
    outer loop
      vertex -74.7372 -110.025 47.5
      vertex -74.6972 -110.079 47.5
      vertex -74.6972 -110.079 42.5
    endloop
  endfacet
  facet normal 0.779911 0.62589 0
    outer loop
      vertex -74.6972 -110.079 42.5
      vertex -74.6972 -110.079 47.5
      vertex -74.6549 -110.132 42.5
    endloop
  endfacet
  facet normal 0.779911 0.62589 0
    outer loop
      vertex -74.6972 -110.079 47.5
      vertex -74.6549 -110.132 47.5
      vertex -74.6549 -110.132 42.5
    endloop
  endfacet
  facet normal 0.751812 0.659378 0
    outer loop
      vertex -74.6549 -110.132 42.5
      vertex -74.6549 -110.132 47.5
      vertex -74.6103 -110.183 42.5
    endloop
  endfacet
  facet normal 0.751812 0.659378 0
    outer loop
      vertex -74.6549 -110.132 47.5
      vertex -74.6103 -110.183 47.5
      vertex -74.6103 -110.183 42.5
    endloop
  endfacet
  facet normal 0.722417 0.691458 0
    outer loop
      vertex -74.6103 -110.183 42.5
      vertex -74.6103 -110.183 47.5
      vertex -74.5636 -110.232 42.5
    endloop
  endfacet
  facet normal 0.722417 0.691458 0
    outer loop
      vertex -74.6103 -110.183 47.5
      vertex -74.5636 -110.232 47.5
      vertex -74.5636 -110.232 42.5
    endloop
  endfacet
  facet normal 0.691515 0.722362 0
    outer loop
      vertex -74.5636 -110.232 42.5
      vertex -74.5636 -110.232 47.5
      vertex -74.5147 -110.278 42.5
    endloop
  endfacet
  facet normal 0.691515 0.722362 0
    outer loop
      vertex -74.5636 -110.232 47.5
      vertex -74.5147 -110.278 47.5
      vertex -74.5147 -110.278 42.5
    endloop
  endfacet
  facet normal 0.659315 0.751866 0
    outer loop
      vertex -74.5147 -110.278 42.5
      vertex -74.5147 -110.278 47.5
      vertex -74.4639 -110.323 42.5
    endloop
  endfacet
  facet normal 0.659315 0.751866 0
    outer loop
      vertex -74.5147 -110.278 47.5
      vertex -74.4639 -110.323 47.5
      vertex -74.4639 -110.323 42.5
    endloop
  endfacet
  facet normal 0.62589 0.779911 0
    outer loop
      vertex -74.4639 -110.323 42.5
      vertex -74.4639 -110.323 47.5
      vertex -74.4111 -110.365 42.5
    endloop
  endfacet
  facet normal 0.62589 0.779911 0
    outer loop
      vertex -74.4639 -110.323 47.5
      vertex -74.4111 -110.365 47.5
      vertex -74.4111 -110.365 42.5
    endloop
  endfacet
  facet normal 0.591364 0.806405 0
    outer loop
      vertex -74.4111 -110.365 42.5
      vertex -74.4111 -110.365 47.5
      vertex -74.3566 -110.405 42.5
    endloop
  endfacet
  facet normal 0.591364 0.806405 0
    outer loop
      vertex -74.4111 -110.365 47.5
      vertex -74.3566 -110.405 47.5
      vertex -74.3566 -110.405 42.5
    endloop
  endfacet
  facet normal 0.555514 0.831507 0
    outer loop
      vertex -74.3566 -110.405 42.5
      vertex -74.3566 -110.405 47.5
      vertex -74.3004 -110.443 42.5
    endloop
  endfacet
  facet normal 0.555514 0.831507 0
    outer loop
      vertex -74.3566 -110.405 47.5
      vertex -74.3004 -110.443 47.5
      vertex -74.3004 -110.443 42.5
    endloop
  endfacet
  facet normal 0.518831 0.854877 0
    outer loop
      vertex -74.3004 -110.443 42.5
      vertex -74.3004 -110.443 47.5
      vertex -74.2425 -110.478 42.5
    endloop
  endfacet
  facet normal 0.518831 0.854877 0
    outer loop
      vertex -74.3004 -110.443 47.5
      vertex -74.2425 -110.478 47.5
      vertex -74.2425 -110.478 42.5
    endloop
  endfacet
  facet normal 0.480997 0.876722 0
    outer loop
      vertex -74.2425 -110.478 42.5
      vertex -74.2425 -110.478 47.5
      vertex -74.1833 -110.51 42.5
    endloop
  endfacet
  facet normal 0.480997 0.876722 0
    outer loop
      vertex -74.2425 -110.478 47.5
      vertex -74.1833 -110.51 47.5
      vertex -74.1833 -110.51 42.5
    endloop
  endfacet
  facet normal 0.442227 0.896903 0
    outer loop
      vertex -74.1833 -110.51 42.5
      vertex -74.1833 -110.51 47.5
      vertex -74.1226 -110.54 42.5
    endloop
  endfacet
  facet normal 0.442227 0.896903 0
    outer loop
      vertex -74.1833 -110.51 47.5
      vertex -74.1226 -110.54 47.5
      vertex -74.1226 -110.54 42.5
    endloop
  endfacet
  facet normal 0.402783 0.915296 0
    outer loop
      vertex -74.1226 -110.54 42.5
      vertex -74.1226 -110.54 47.5
      vertex -74.0607 -110.568 42.5
    endloop
  endfacet
  facet normal 0.402783 0.915296 0
    outer loop
      vertex -74.1226 -110.54 47.5
      vertex -74.0607 -110.568 47.5
      vertex -74.0607 -110.568 42.5
    endloop
  endfacet
  facet normal 0.362483 0.93199 0
    outer loop
      vertex -74.0607 -110.568 42.5
      vertex -74.0607 -110.568 47.5
      vertex -73.9977 -110.592 42.5
    endloop
  endfacet
  facet normal 0.362483 0.93199 0
    outer loop
      vertex -74.0607 -110.568 47.5
      vertex -73.9977 -110.592 47.5
      vertex -73.9977 -110.592 42.5
    endloop
  endfacet
  facet normal 0.321379 0.946951 0
    outer loop
      vertex -73.9977 -110.592 42.5
      vertex -73.9977 -110.592 47.5
      vertex -73.9336 -110.614 42.5
    endloop
  endfacet
  facet normal 0.321379 0.946951 0
    outer loop
      vertex -73.9977 -110.592 47.5
      vertex -73.9336 -110.614 47.5
      vertex -73.9336 -110.614 42.5
    endloop
  endfacet
  facet normal 0.279839 0.960047 0
    outer loop
      vertex -73.9336 -110.614 42.5
      vertex -73.9336 -110.614 47.5
      vertex -73.8687 -110.633 42.5
    endloop
  endfacet
  facet normal 0.279839 0.960047 0
    outer loop
      vertex -73.9336 -110.614 47.5
      vertex -73.8687 -110.633 47.5
      vertex -73.8687 -110.633 42.5
    endloop
  endfacet
  facet normal 0.237659 0.971349 0
    outer loop
      vertex -73.8687 -110.633 42.5
      vertex -73.8687 -110.633 47.5
      vertex -73.803 -110.649 42.5
    endloop
  endfacet
  facet normal 0.237659 0.971349 0
    outer loop
      vertex -73.8687 -110.633 47.5
      vertex -73.803 -110.649 47.5
      vertex -73.803 -110.649 42.5
    endloop
  endfacet
  facet normal 0.195099 0.980784 0
    outer loop
      vertex -73.803 -110.649 42.5
      vertex -73.803 -110.649 47.5
      vertex -73.7367 -110.662 42.5
    endloop
  endfacet
  facet normal 0.195099 0.980784 0
    outer loop
      vertex -73.803 -110.649 47.5
      vertex -73.7367 -110.662 47.5
      vertex -73.7367 -110.662 42.5
    endloop
  endfacet
  facet normal 0.152148 0.988358 0
    outer loop
      vertex -73.7367 -110.662 42.5
      vertex -73.7367 -110.662 47.5
      vertex -73.6699 -110.672 42.5
    endloop
  endfacet
  facet normal 0.152148 0.988358 0
    outer loop
      vertex -73.7367 -110.662 47.5
      vertex -73.6699 -110.672 47.5
      vertex -73.6699 -110.672 42.5
    endloop
  endfacet
  facet normal 0.108859 0.994057 0
    outer loop
      vertex -73.6699 -110.672 42.5
      vertex -73.6699 -110.672 47.5
      vertex -73.6026 -110.68 42.5
    endloop
  endfacet
  facet normal 0.108859 0.994057 0
    outer loop
      vertex -73.6699 -110.672 47.5
      vertex -73.6026 -110.68 47.5
      vertex -73.6026 -110.68 42.5
    endloop
  endfacet
  facet normal 0.0654368 0.997857 0
    outer loop
      vertex -73.6026 -110.68 42.5
      vertex -73.6026 -110.68 47.5
      vertex -73.5352 -110.684 42.5
    endloop
  endfacet
  facet normal 0.0654368 0.997857 0
    outer loop
      vertex -73.6026 -110.68 47.5
      vertex -73.5352 -110.684 47.5
      vertex -73.5352 -110.684 42.5
    endloop
  endfacet
  facet normal 0.0218154 0.999762 0
    outer loop
      vertex -73.5352 -110.684 42.5
      vertex -73.5352 -110.684 47.5
      vertex -73.4675 -110.686 42.5
    endloop
  endfacet
  facet normal 0.0218154 0.999762 0
    outer loop
      vertex -73.5352 -110.684 47.5
      vertex -73.4675 -110.686 47.5
      vertex -73.4675 -110.686 42.5
    endloop
  endfacet
  facet normal -0.0218154 0.999762 0
    outer loop
      vertex -73.4675 -110.686 42.5
      vertex -73.4675 -110.686 47.5
      vertex -73.3999 -110.684 42.5
    endloop
  endfacet
  facet normal -0.0218154 0.999762 0
    outer loop
      vertex -73.4675 -110.686 47.5
      vertex -73.3999 -110.684 47.5
      vertex -73.3999 -110.684 42.5
    endloop
  endfacet
  facet normal -0.0654368 0.997857 0
    outer loop
      vertex -73.3999 -110.684 42.5
      vertex -73.3999 -110.684 47.5
      vertex -73.3325 -110.68 42.5
    endloop
  endfacet
  facet normal -0.0654368 0.997857 0
    outer loop
      vertex -73.3999 -110.684 47.5
      vertex -73.3325 -110.68 47.5
      vertex -73.3325 -110.68 42.5
    endloop
  endfacet
  facet normal -0.108859 0.994057 0
    outer loop
      vertex -73.3325 -110.68 42.5
      vertex -73.3325 -110.68 47.5
      vertex -73.2652 -110.672 42.5
    endloop
  endfacet
  facet normal -0.108859 0.994057 0
    outer loop
      vertex -73.3325 -110.68 47.5
      vertex -73.2652 -110.672 47.5
      vertex -73.2652 -110.672 42.5
    endloop
  endfacet
  facet normal -0.152148 0.988358 0
    outer loop
      vertex -73.2652 -110.672 42.5
      vertex -73.2652 -110.672 47.5
      vertex -73.1984 -110.662 42.5
    endloop
  endfacet
  facet normal -0.152148 0.988358 0
    outer loop
      vertex -73.2652 -110.672 47.5
      vertex -73.1984 -110.662 47.5
      vertex -73.1984 -110.662 42.5
    endloop
  endfacet
  facet normal -0.195099 0.980784 0
    outer loop
      vertex -73.1984 -110.662 42.5
      vertex -73.1984 -110.662 47.5
      vertex -73.1321 -110.649 42.5
    endloop
  endfacet
  facet normal -0.195099 0.980784 0
    outer loop
      vertex -73.1984 -110.662 47.5
      vertex -73.1321 -110.649 47.5
      vertex -73.1321 -110.649 42.5
    endloop
  endfacet
  facet normal -0.237659 0.971349 0
    outer loop
      vertex -73.1321 -110.649 42.5
      vertex -73.1321 -110.649 47.5
      vertex -73.0664 -110.633 42.5
    endloop
  endfacet
  facet normal -0.237659 0.971349 0
    outer loop
      vertex -73.1321 -110.649 47.5
      vertex -73.0664 -110.633 47.5
      vertex -73.0664 -110.633 42.5
    endloop
  endfacet
  facet normal -0.279839 0.960047 0
    outer loop
      vertex -73.0664 -110.633 42.5
      vertex -73.0664 -110.633 47.5
      vertex -73.0015 -110.614 42.5
    endloop
  endfacet
  facet normal -0.279839 0.960047 0
    outer loop
      vertex -73.0664 -110.633 47.5
      vertex -73.0015 -110.614 47.5
      vertex -73.0015 -110.614 42.5
    endloop
  endfacet
  facet normal -0.321379 0.946951 0
    outer loop
      vertex -73.0015 -110.614 42.5
      vertex -73.0015 -110.614 47.5
      vertex -72.9374 -110.592 42.5
    endloop
  endfacet
  facet normal -0.321379 0.946951 0
    outer loop
      vertex -73.0015 -110.614 47.5
      vertex -72.9374 -110.592 47.5
      vertex -72.9374 -110.592 42.5
    endloop
  endfacet
  facet normal -0.362483 0.93199 0
    outer loop
      vertex -72.9374 -110.592 42.5
      vertex -72.9374 -110.592 47.5
      vertex -72.8744 -110.568 42.5
    endloop
  endfacet
  facet normal -0.362483 0.93199 0
    outer loop
      vertex -72.9374 -110.592 47.5
      vertex -72.8744 -110.568 47.5
      vertex -72.8744 -110.568 42.5
    endloop
  endfacet
  facet normal -0.402783 0.915296 0
    outer loop
      vertex -72.8744 -110.568 42.5
      vertex -72.8744 -110.568 47.5
      vertex -72.8125 -110.54 42.5
    endloop
  endfacet
  facet normal -0.402783 0.915296 0
    outer loop
      vertex -72.8744 -110.568 47.5
      vertex -72.8125 -110.54 47.5
      vertex -72.8125 -110.54 42.5
    endloop
  endfacet
  facet normal -0.442227 0.896903 0
    outer loop
      vertex -72.8125 -110.54 42.5
      vertex -72.8125 -110.54 47.5
      vertex -72.7518 -110.51 42.5
    endloop
  endfacet
  facet normal -0.442227 0.896903 0
    outer loop
      vertex -72.8125 -110.54 47.5
      vertex -72.7518 -110.51 47.5
      vertex -72.7518 -110.51 42.5
    endloop
  endfacet
  facet normal -0.480997 0.876722 0
    outer loop
      vertex -72.7518 -110.51 42.5
      vertex -72.7518 -110.51 47.5
      vertex -72.6925 -110.478 42.5
    endloop
  endfacet
  facet normal -0.480997 0.876722 0
    outer loop
      vertex -72.7518 -110.51 47.5
      vertex -72.6925 -110.478 47.5
      vertex -72.6925 -110.478 42.5
    endloop
  endfacet
  facet normal -0.518831 0.854877 0
    outer loop
      vertex -72.6925 -110.478 42.5
      vertex -72.6925 -110.478 47.5
      vertex -72.6347 -110.443 42.5
    endloop
  endfacet
  facet normal -0.518831 0.854877 0
    outer loop
      vertex -72.6925 -110.478 47.5
      vertex -72.6347 -110.443 47.5
      vertex -72.6347 -110.443 42.5
    endloop
  endfacet
  facet normal -0.555514 0.831507 0
    outer loop
      vertex -72.6347 -110.443 42.5
      vertex -72.6347 -110.443 47.5
      vertex -72.5785 -110.405 42.5
    endloop
  endfacet
  facet normal -0.555514 0.831507 0
    outer loop
      vertex -72.6347 -110.443 47.5
      vertex -72.5785 -110.405 47.5
      vertex -72.5785 -110.405 42.5
    endloop
  endfacet
  facet normal -0.591364 0.806405 0
    outer loop
      vertex -72.5785 -110.405 42.5
      vertex -72.5785 -110.405 47.5
      vertex -72.524 -110.365 42.5
    endloop
  endfacet
  facet normal -0.591364 0.806405 0
    outer loop
      vertex -72.5785 -110.405 47.5
      vertex -72.524 -110.365 47.5
      vertex -72.524 -110.365 42.5
    endloop
  endfacet
  facet normal -0.62589 0.779911 0
    outer loop
      vertex -72.524 -110.365 42.5
      vertex -72.524 -110.365 47.5
      vertex -72.4712 -110.323 42.5
    endloop
  endfacet
  facet normal -0.62589 0.779911 0
    outer loop
      vertex -72.524 -110.365 47.5
      vertex -72.4712 -110.323 47.5
      vertex -72.4712 -110.323 42.5
    endloop
  endfacet
  facet normal -0.659315 0.751866 0
    outer loop
      vertex -72.4712 -110.323 42.5
      vertex -72.4712 -110.323 47.5
      vertex -72.4204 -110.278 42.5
    endloop
  endfacet
  facet normal -0.659315 0.751866 0
    outer loop
      vertex -72.4712 -110.323 47.5
      vertex -72.4204 -110.278 47.5
      vertex -72.4204 -110.278 42.5
    endloop
  endfacet
  facet normal -0.691515 0.722362 0
    outer loop
      vertex -72.4204 -110.278 42.5
      vertex -72.4204 -110.278 47.5
      vertex -72.3715 -110.232 42.5
    endloop
  endfacet
  facet normal -0.691515 0.722362 0
    outer loop
      vertex -72.4204 -110.278 47.5
      vertex -72.3715 -110.232 47.5
      vertex -72.3715 -110.232 42.5
    endloop
  endfacet
  facet normal -0.722417 0.691458 0
    outer loop
      vertex -72.3715 -110.232 42.5
      vertex -72.3715 -110.232 47.5
      vertex -72.3248 -110.183 42.5
    endloop
  endfacet
  facet normal -0.722417 0.691458 0
    outer loop
      vertex -72.3715 -110.232 47.5
      vertex -72.3248 -110.183 47.5
      vertex -72.3248 -110.183 42.5
    endloop
  endfacet
  facet normal -0.751812 0.659378 0
    outer loop
      vertex -72.3248 -110.183 42.5
      vertex -72.3248 -110.183 47.5
      vertex -72.2802 -110.132 42.5
    endloop
  endfacet
  facet normal -0.751812 0.659378 0
    outer loop
      vertex -72.3248 -110.183 47.5
      vertex -72.2802 -110.132 47.5
      vertex -72.2802 -110.132 42.5
    endloop
  endfacet
  facet normal -0.779911 0.62589 0
    outer loop
      vertex -72.2802 -110.132 42.5
      vertex -72.2802 -110.132 47.5
      vertex -72.2378 -110.079 42.5
    endloop
  endfacet
  facet normal -0.779911 0.62589 0
    outer loop
      vertex -72.2802 -110.132 47.5
      vertex -72.2378 -110.079 47.5
      vertex -72.2378 -110.079 42.5
    endloop
  endfacet
  facet normal -0.806419 0.591345 0
    outer loop
      vertex -72.2378 -110.079 42.5
      vertex -72.2378 -110.079 47.5
      vertex -72.1979 -110.025 42.5
    endloop
  endfacet
  facet normal -0.806419 0.591345 0
    outer loop
      vertex -72.2378 -110.079 47.5
      vertex -72.1979 -110.025 47.5
      vertex -72.1979 -110.025 42.5
    endloop
  endfacet
  facet normal -0.831457 0.55559 0
    outer loop
      vertex -72.1979 -110.025 42.5
      vertex -72.1979 -110.025 47.5
      vertex -72.1603 -109.968 42.5
    endloop
  endfacet
  facet normal -0.831457 0.55559 0
    outer loop
      vertex -72.1979 -110.025 47.5
      vertex -72.1603 -109.968 47.5
      vertex -72.1603 -109.968 42.5
    endloop
  endfacet
  facet normal -0.854906 0.518783 0
    outer loop
      vertex -72.1603 -109.968 42.5
      vertex -72.1603 -109.968 47.5
      vertex -72.1252 -109.911 42.5
    endloop
  endfacet
  facet normal -0.854906 0.518783 0
    outer loop
      vertex -72.1603 -109.968 47.5
      vertex -72.1252 -109.911 47.5
      vertex -72.1252 -109.911 42.5
    endloop
  endfacet
  facet normal -0.876769 0.480912 0
    outer loop
      vertex -72.1252 -109.911 42.5
      vertex -72.1252 -109.911 47.5
      vertex -72.0927 -109.851 42.5
    endloop
  endfacet
  facet normal -0.876769 0.480912 0
    outer loop
      vertex -72.1252 -109.911 47.5
      vertex -72.0927 -109.851 47.5
      vertex -72.0927 -109.851 42.5
    endloop
  endfacet
  facet normal -0.896838 0.442359 0
    outer loop
      vertex -72.0927 -109.851 42.5
      vertex -72.0927 -109.851 47.5
      vertex -72.0628 -109.791 42.5
    endloop
  endfacet
  facet normal -0.896838 0.442359 0
    outer loop
      vertex -72.0927 -109.851 47.5
      vertex -72.0628 -109.791 47.5
      vertex -72.0628 -109.791 42.5
    endloop
  endfacet
  facet normal -0.915296 0.402783 0
    outer loop
      vertex -72.0628 -109.791 42.5
      vertex -72.0628 -109.791 47.5
      vertex -72.0355 -109.729 42.5
    endloop
  endfacet
  facet normal -0.915296 0.402783 0
    outer loop
      vertex -72.0628 -109.791 47.5
      vertex -72.0355 -109.729 47.5
      vertex -72.0355 -109.729 42.5
    endloop
  endfacet
  facet normal -0.932042 0.362351 0
    outer loop
      vertex -72.0355 -109.729 42.5
      vertex -72.0355 -109.729 47.5
      vertex -72.011 -109.666 42.5
    endloop
  endfacet
  facet normal -0.932042 0.362351 0
    outer loop
      vertex -72.0355 -109.729 47.5
      vertex -72.011 -109.666 47.5
      vertex -72.011 -109.666 42.5
    endloop
  endfacet
  facet normal -0.946917 0.321478 0
    outer loop
      vertex -72.011 -109.666 42.5
      vertex -72.011 -109.666 47.5
      vertex -71.9893 -109.602 42.5
    endloop
  endfacet
  facet normal -0.946917 0.321478 0
    outer loop
      vertex -72.011 -109.666 47.5
      vertex -71.9893 -109.602 47.5
      vertex -71.9893 -109.602 42.5
    endloop
  endfacet
  facet normal -0.960047 0.279839 0
    outer loop
      vertex -71.9893 -109.602 42.5
      vertex -71.9893 -109.602 47.5
      vertex -71.9704 -109.537 42.5
    endloop
  endfacet
  facet normal -0.960047 0.279839 0
    outer loop
      vertex -71.9893 -109.602 47.5
      vertex -71.9704 -109.537 47.5
      vertex -71.9704 -109.537 42.5
    endloop
  endfacet
  facet normal -0.971349 0.237659 0
    outer loop
      vertex -71.9704 -109.537 42.5
      vertex -71.9704 -109.537 47.5
      vertex -71.9543 -109.471 42.5
    endloop
  endfacet
  facet normal -0.971349 0.237659 0
    outer loop
      vertex -71.9704 -109.537 47.5
      vertex -71.9543 -109.471 47.5
      vertex -71.9543 -109.471 42.5
    endloop
  endfacet
  facet normal -0.980779 0.19512 0
    outer loop
      vertex -71.9543 -109.471 42.5
      vertex -71.9543 -109.471 47.5
      vertex -71.9411 -109.405 42.5
    endloop
  endfacet
  facet normal -0.980779 0.19512 0
    outer loop
      vertex -71.9543 -109.471 47.5
      vertex -71.9411 -109.405 47.5
      vertex -71.9411 -109.405 42.5
    endloop
  endfacet
  facet normal -0.988358 0.152148 0
    outer loop
      vertex -71.9411 -109.405 42.5
      vertex -71.9411 -109.405 47.5
      vertex -71.9308 -109.338 42.5
    endloop
  endfacet
  facet normal -0.988358 0.152148 0
    outer loop
      vertex -71.9411 -109.405 47.5
      vertex -71.9308 -109.338 47.5
      vertex -71.9308 -109.338 42.5
    endloop
  endfacet
  facet normal -0.994058 0.108847 0
    outer loop
      vertex -71.9308 -109.338 42.5
      vertex -71.9308 -109.338 47.5
      vertex -71.9234 -109.271 42.5
    endloop
  endfacet
  facet normal -0.994058 0.108847 0
    outer loop
      vertex -71.9308 -109.338 47.5
      vertex -71.9234 -109.271 47.5
      vertex -71.9234 -109.271 42.5
    endloop
  endfacet
  facet normal -0.997863 0.0653343 0
    outer loop
      vertex -71.9234 -109.271 42.5
      vertex -71.9234 -109.271 47.5
      vertex -71.919 -109.203 42.5
    endloop
  endfacet
  facet normal -0.997863 0.0653343 0
    outer loop
      vertex -71.9234 -109.271 47.5
      vertex -71.919 -109.203 47.5
      vertex -71.919 -109.203 42.5
    endloop
  endfacet
  facet normal -0.999762 0.021813 0
    outer loop
      vertex -71.919 -109.203 42.5
      vertex -71.919 -109.203 47.5
      vertex -71.9175 -109.136 42.5
    endloop
  endfacet
  facet normal -0.999762 0.021813 0
    outer loop
      vertex -71.919 -109.203 47.5
      vertex -71.9175 -109.136 47.5
      vertex -71.9175 -109.136 42.5
    endloop
  endfacet
  facet normal 1 0 0
    outer loop
      vertex 35.0217 -45.2902 47.5
      vertex 35.0217 -45.2902 42.5
      vertex 35.0217 4.70975 47.5
    endloop
  endfacet
  facet normal 1 0 0
    outer loop
      vertex 35.0217 -45.2902 42.5
      vertex 35.0217 4.70975 42.5
      vertex 35.0217 4.70975 47.5
    endloop
  endfacet
endsolid Mesh
