solid Mesh
  facet normal 1 0 0
    outer loop
      vertex -45 -47.1315 125
      vertex -45 -47.1315 120
      vertex -45 -17.1315 125
    endloop
  endfacet
  facet normal 1 0 0
    outer loop
      vertex -45 -47.1315 120
      vertex -45 -17.1315 120
      vertex -45 -17.1315 125
    endloop
  endfacet
  facet normal -1 0 0
    outer loop
      vertex 45 -47.1315 125
      vertex 45 -17.1315 125
      vertex 45 -47.1315 120
    endloop
  endfacet
  facet normal -1 0 0
    outer loop
      vertex 45 -17.1315 125
      vertex 45 -17.1315 120
      vertex 45 -47.1315 120
    endloop
  endfacet
  facet normal 0 -1 0
    outer loop
      vertex -45 -17.1315 125
      vertex -45 -17.1315 120
      vertex 1.04083e-14 -17.1315 125
    endloop
  endfacet
  facet normal 0 -1 0
    outer loop
      vertex -45 -17.1315 120
      vertex -6.93889e-15 -17.1315 120
      vertex 1.04083e-14 -17.1315 125
    endloop
  endfacet
  facet normal 0 -1 0
    outer loop
      vertex 1.04083e-14 -17.1315 125
      vertex -6.93889e-15 -17.1315 120
      vertex 33.9 -17.1315 125
    endloop
  endfacet
  facet normal 0 -1 0
    outer loop
      vertex -6.93889e-15 -17.1315 120
      vertex 33.9 -17.1315 120
      vertex 33.9 -17.1315 125
    endloop
  endfacet
  facet normal 0 -1 0
    outer loop
      vertex 33.9 -17.1315 125
      vertex 33.9 -17.1315 120
      vertex 45 -17.1315 125
    endloop
  endfacet
  facet normal 0 -1 0
    outer loop
      vertex 33.9 -17.1315 120
      vertex 45 -17.1315 120
      vertex 45 -17.1315 125
    endloop
  endfacet
  facet normal -0.999762 -0.0218054 0
    outer loop
      vertex 22.8 -78.5 120
      vertex 22.8 -78.5 125
      vertex 22.7988 -78.4433 120
    endloop
  endfacet
  facet normal -0.999762 -0.0218054 0
    outer loop
      vertex 22.8 -78.5 125
      vertex 22.7988 -78.4433 125
      vertex 22.7988 -78.4433 120
    endloop
  endfacet
  facet normal -0.997858 -0.0654118 0
    outer loop
      vertex 22.7988 -78.4433 120
      vertex 22.7988 -78.4433 125
      vertex 22.7951 -78.3867 120
    endloop
  endfacet
  facet normal -0.997858 -0.0654118 0
    outer loop
      vertex 22.7988 -78.4433 125
      vertex 22.7951 -78.3867 125
      vertex 22.7951 -78.3867 120
    endloop
  endfacet
  facet normal -0.994056 -0.108871 0
    outer loop
      vertex 22.7951 -78.3867 120
      vertex 22.7951 -78.3867 125
      vertex 22.7889 -78.3303 120
    endloop
  endfacet
  facet normal -0.994056 -0.108871 0
    outer loop
      vertex 22.7951 -78.3867 125
      vertex 22.7889 -78.3303 125
      vertex 22.7889 -78.3303 120
    endloop
  endfacet
  facet normal -0.988363 -0.152116 0
    outer loop
      vertex 22.7889 -78.3303 120
      vertex 22.7889 -78.3303 125
      vertex 22.7803 -78.2743 120
    endloop
  endfacet
  facet normal -0.988363 -0.152116 0
    outer loop
      vertex 22.7889 -78.3303 125
      vertex 22.7803 -78.2743 125
      vertex 22.7803 -78.2743 120
    endloop
  endfacet
  facet normal -0.980781 -0.195112 0
    outer loop
      vertex 22.7803 -78.2743 120
      vertex 22.7803 -78.2743 125
      vertex 22.7692 -78.2186 120
    endloop
  endfacet
  facet normal -0.980781 -0.195112 0
    outer loop
      vertex 22.7803 -78.2743 125
      vertex 22.7692 -78.2186 125
      vertex 22.7692 -78.2186 120
    endloop
  endfacet
  facet normal -0.971343 -0.23768 0
    outer loop
      vertex 22.7692 -78.2186 120
      vertex 22.7692 -78.2186 125
      vertex 22.7557 -78.1635 120
    endloop
  endfacet
  facet normal -0.971343 -0.23768 0
    outer loop
      vertex 22.7692 -78.2186 125
      vertex 22.7557 -78.1635 125
      vertex 22.7557 -78.1635 120
    endloop
  endfacet
  facet normal -0.960044 -0.279849 0
    outer loop
      vertex 22.7557 -78.1635 120
      vertex 22.7557 -78.1635 125
      vertex 22.7398 -78.1091 120
    endloop
  endfacet
  facet normal -0.960044 -0.279849 0
    outer loop
      vertex 22.7557 -78.1635 125
      vertex 22.7398 -78.1091 125
      vertex 22.7398 -78.1091 120
    endloop
  endfacet
  facet normal -0.946935 -0.321425 0
    outer loop
      vertex 22.7398 -78.1091 120
      vertex 22.7398 -78.1091 125
      vertex 22.7216 -78.0554 120
    endloop
  endfacet
  facet normal -0.946935 -0.321425 0
    outer loop
      vertex 22.7398 -78.1091 125
      vertex 22.7216 -78.0554 125
      vertex 22.7216 -78.0554 120
    endloop
  endfacet
  facet normal -0.932012 -0.362427 0
    outer loop
      vertex 22.7216 -78.0554 120
      vertex 22.7216 -78.0554 125
      vertex 22.701 -78.0025 120
    endloop
  endfacet
  facet normal -0.932012 -0.362427 0
    outer loop
      vertex 22.7216 -78.0554 125
      vertex 22.701 -78.0025 125
      vertex 22.701 -78.0025 120
    endloop
  endfacet
  facet normal -0.915311 -0.402747 0
    outer loop
      vertex 22.701 -78.0025 120
      vertex 22.701 -78.0025 125
      vertex 22.6782 -77.9506 120
    endloop
  endfacet
  facet normal -0.915311 -0.402747 0
    outer loop
      vertex 22.701 -78.0025 125
      vertex 22.6782 -77.9506 125
      vertex 22.6782 -77.9506 120
    endloop
  endfacet
  facet normal -0.896883 -0.442268 0
    outer loop
      vertex 22.6782 -77.9506 120
      vertex 22.6782 -77.9506 125
      vertex 22.6531 -77.8997 120
    endloop
  endfacet
  facet normal -0.896883 -0.442268 0
    outer loop
      vertex 22.6782 -77.9506 125
      vertex 22.6531 -77.8997 125
      vertex 22.6531 -77.8997 120
    endloop
  endfacet
  facet normal -0.876726 -0.480991 0
    outer loop
      vertex 22.6531 -77.8997 120
      vertex 22.6531 -77.8997 125
      vertex 22.6258 -77.85 120
    endloop
  endfacet
  facet normal -0.876726 -0.480991 0
    outer loop
      vertex 22.6531 -77.8997 125
      vertex 22.6258 -77.85 125
      vertex 22.6258 -77.85 120
    endloop
  endfacet
  facet normal -0.854906 -0.518783 0
    outer loop
      vertex 22.6258 -77.85 120
      vertex 22.6258 -77.85 125
      vertex 22.5964 -77.8015 120
    endloop
  endfacet
  facet normal -0.854906 -0.518783 0
    outer loop
      vertex 22.6258 -77.85 125
      vertex 22.5964 -77.8015 125
      vertex 22.5964 -77.8015 120
    endloop
  endfacet
  facet normal -0.831474 -0.555564 0
    outer loop
      vertex 22.5964 -77.8015 120
      vertex 22.5964 -77.8015 125
      vertex 22.5649 -77.7543 120
    endloop
  endfacet
  facet normal -0.831474 -0.555564 0
    outer loop
      vertex 22.5964 -77.8015 125
      vertex 22.5649 -77.7543 125
      vertex 22.5649 -77.7543 120
    endloop
  endfacet
  facet normal -0.806432 -0.591327 0
    outer loop
      vertex 22.5649 -77.7543 120
      vertex 22.5649 -77.7543 125
      vertex 22.5314 -77.7086 120
    endloop
  endfacet
  facet normal -0.806432 -0.591327 0
    outer loop
      vertex 22.5649 -77.7543 125
      vertex 22.5314 -77.7086 125
      vertex 22.5314 -77.7086 120
    endloop
  endfacet
  facet normal -0.779897 -0.625908 0
    outer loop
      vertex 22.5314 -77.7086 120
      vertex 22.5314 -77.7086 125
      vertex 22.4959 -77.6644 120
    endloop
  endfacet
  facet normal -0.779897 -0.625908 0
    outer loop
      vertex 22.5314 -77.7086 125
      vertex 22.4959 -77.6644 125
      vertex 22.4959 -77.6644 120
    endloop
  endfacet
  facet normal -0.751803 -0.659388 0
    outer loop
      vertex 22.4959 -77.6644 120
      vertex 22.4959 -77.6644 125
      vertex 22.4585 -77.6217 120
    endloop
  endfacet
  facet normal -0.751803 -0.659388 0
    outer loop
      vertex 22.4959 -77.6644 125
      vertex 22.4585 -77.6217 125
      vertex 22.4585 -77.6217 120
    endloop
  endfacet
  facet normal -0.722357 -0.69152 0
    outer loop
      vertex 22.4585 -77.6217 120
      vertex 22.4585 -77.6217 125
      vertex 22.4192 -77.5808 120
    endloop
  endfacet
  facet normal -0.722357 -0.69152 0
    outer loop
      vertex 22.4585 -77.6217 125
      vertex 22.4192 -77.5808 125
      vertex 22.4192 -77.5808 120
    endloop
  endfacet
  facet normal -0.691571 -0.722308 0
    outer loop
      vertex 22.4192 -77.5808 120
      vertex 22.4192 -77.5808 125
      vertex 22.3783 -77.5415 120
    endloop
  endfacet
  facet normal -0.691571 -0.722308 0
    outer loop
      vertex 22.4192 -77.5808 125
      vertex 22.3783 -77.5415 125
      vertex 22.3783 -77.5415 120
    endloop
  endfacet
  facet normal -0.659318 -0.751864 0
    outer loop
      vertex 22.3783 -77.5415 120
      vertex 22.3783 -77.5415 125
      vertex 22.3356 -77.5041 120
    endloop
  endfacet
  facet normal -0.659318 -0.751864 0
    outer loop
      vertex 22.3783 -77.5415 125
      vertex 22.3356 -77.5041 125
      vertex 22.3356 -77.5041 120
    endloop
  endfacet
  facet normal -0.625928 -0.779881 0
    outer loop
      vertex 22.3356 -77.5041 120
      vertex 22.3356 -77.5041 125
      vertex 22.2914 -77.4686 120
    endloop
  endfacet
  facet normal -0.625928 -0.779881 0
    outer loop
      vertex 22.3356 -77.5041 125
      vertex 22.2914 -77.4686 125
      vertex 22.2914 -77.4686 120
    endloop
  endfacet
  facet normal -0.591268 -0.806475 0
    outer loop
      vertex 22.2914 -77.4686 120
      vertex 22.2914 -77.4686 125
      vertex 22.2456 -77.4351 120
    endloop
  endfacet
  facet normal -0.591268 -0.806475 0
    outer loop
      vertex 22.2914 -77.4686 125
      vertex 22.2456 -77.4351 125
      vertex 22.2456 -77.4351 120
    endloop
  endfacet
  facet normal -0.555624 -0.831433 0
    outer loop
      vertex 22.2456 -77.4351 120
      vertex 22.2456 -77.4351 125
      vertex 22.1985 -77.4036 120
    endloop
  endfacet
  facet normal -0.555624 -0.831433 0
    outer loop
      vertex 22.2456 -77.4351 125
      vertex 22.1985 -77.4036 125
      vertex 22.1985 -77.4036 120
    endloop
  endfacet
  facet normal -0.518759 -0.854921 0
    outer loop
      vertex 22.1985 -77.4036 120
      vertex 22.1985 -77.4036 125
      vertex 22.15 -77.3742 120
    endloop
  endfacet
  facet normal -0.518759 -0.854921 0
    outer loop
      vertex 22.1985 -77.4036 125
      vertex 22.15 -77.3742 125
      vertex 22.15 -77.3742 120
    endloop
  endfacet
  facet normal -0.481027 -0.876706 0
    outer loop
      vertex 22.15 -77.3742 120
      vertex 22.15 -77.3742 125
      vertex 22.1003 -77.3469 120
    endloop
  endfacet
  facet normal -0.481027 -0.876706 0
    outer loop
      vertex 22.15 -77.3742 125
      vertex 22.1003 -77.3469 125
      vertex 22.1003 -77.3469 120
    endloop
  endfacet
  facet normal -0.442281 -0.896877 0
    outer loop
      vertex 22.1003 -77.3469 120
      vertex 22.1003 -77.3469 125
      vertex 22.0494 -77.3218 120
    endloop
  endfacet
  facet normal -0.442281 -0.896877 0
    outer loop
      vertex 22.1003 -77.3469 125
      vertex 22.0494 -77.3218 125
      vertex 22.0494 -77.3218 120
    endloop
  endfacet
  facet normal -0.40276 -0.915306 0
    outer loop
      vertex 22.0494 -77.3218 120
      vertex 22.0494 -77.3218 125
      vertex 21.9975 -77.299 120
    endloop
  endfacet
  facet normal -0.40276 -0.915306 0
    outer loop
      vertex 22.0494 -77.3218 125
      vertex 21.9975 -77.299 125
      vertex 21.9975 -77.299 120
    endloop
  endfacet
  facet normal -0.362416 -0.932016 0
    outer loop
      vertex 21.9975 -77.299 120
      vertex 21.9975 -77.299 125
      vertex 21.9446 -77.2784 120
    endloop
  endfacet
  facet normal -0.362416 -0.932016 0
    outer loop
      vertex 21.9975 -77.299 125
      vertex 21.9446 -77.2784 125
      vertex 21.9446 -77.2784 120
    endloop
  endfacet
  facet normal -0.321445 -0.946928 0
    outer loop
      vertex 21.9446 -77.2784 120
      vertex 21.9446 -77.2784 125
      vertex 21.8909 -77.2602 120
    endloop
  endfacet
  facet normal -0.321445 -0.946928 0
    outer loop
      vertex 21.9446 -77.2784 125
      vertex 21.8909 -77.2602 125
      vertex 21.8909 -77.2602 120
    endloop
  endfacet
  facet normal -0.279801 -0.960058 0
    outer loop
      vertex 21.8909 -77.2602 120
      vertex 21.8909 -77.2602 125
      vertex 21.8365 -77.2443 120
    endloop
  endfacet
  facet normal -0.279801 -0.960058 0
    outer loop
      vertex 21.8909 -77.2602 125
      vertex 21.8365 -77.2443 125
      vertex 21.8365 -77.2443 120
    endloop
  endfacet
  facet normal -0.237634 -0.971355 0
    outer loop
      vertex 21.8365 -77.2443 120
      vertex 21.8365 -77.2443 125
      vertex 21.7814 -77.2308 120
    endloop
  endfacet
  facet normal -0.237634 -0.971355 0
    outer loop
      vertex 21.8365 -77.2443 125
      vertex 21.7814 -77.2308 125
      vertex 21.7814 -77.2308 120
    endloop
  endfacet
  facet normal -0.195194 -0.980765 0
    outer loop
      vertex 21.7814 -77.2308 120
      vertex 21.7814 -77.2308 125
      vertex 21.7257 -77.2197 120
    endloop
  endfacet
  facet normal -0.195194 -0.980765 0
    outer loop
      vertex 21.7814 -77.2308 125
      vertex 21.7257 -77.2197 125
      vertex 21.7257 -77.2197 120
    endloop
  endfacet
  facet normal -0.152116 -0.988363 0
    outer loop
      vertex 21.7257 -77.2197 120
      vertex 21.7257 -77.2197 125
      vertex 21.6697 -77.2111 120
    endloop
  endfacet
  facet normal -0.152116 -0.988363 0
    outer loop
      vertex 21.7257 -77.2197 125
      vertex 21.6697 -77.2111 125
      vertex 21.6697 -77.2111 120
    endloop
  endfacet
  facet normal -0.108766 -0.994067 0
    outer loop
      vertex 21.6697 -77.2111 120
      vertex 21.6697 -77.2111 125
      vertex 21.6133 -77.205 120
    endloop
  endfacet
  facet normal -0.108766 -0.994067 0
    outer loop
      vertex 21.6697 -77.2111 125
      vertex 21.6133 -77.205 125
      vertex 21.6133 -77.205 120
    endloop
  endfacet
  facet normal -0.0654182 -0.997858 0
    outer loop
      vertex 21.6133 -77.205 120
      vertex 21.6133 -77.205 125
      vertex 21.5567 -77.2012 120
    endloop
  endfacet
  facet normal -0.0654182 -0.997858 0
    outer loop
      vertex 21.6133 -77.205 125
      vertex 21.5567 -77.2012 125
      vertex 21.5567 -77.2012 120
    endloop
  endfacet
  facet normal -0.0218061 -0.999762 0
    outer loop
      vertex 21.5567 -77.2012 120
      vertex 21.5567 -77.2012 125
      vertex 21.5 -77.2 120
    endloop
  endfacet
  facet normal -0.0218061 -0.999762 0
    outer loop
      vertex 21.5567 -77.2012 125
      vertex 21.5 -77.2 125
      vertex 21.5 -77.2 120
    endloop
  endfacet
  facet normal 0.0218054 -0.999762 0
    outer loop
      vertex 21.5 -77.2 120
      vertex 21.5 -77.2 125
      vertex 21.4433 -77.2012 120
    endloop
  endfacet
  facet normal 0.0218054 -0.999762 0
    outer loop
      vertex 21.5 -77.2 125
      vertex 21.4433 -77.2012 125
      vertex 21.4433 -77.2012 120
    endloop
  endfacet
  facet normal 0.0654182 -0.997858 0
    outer loop
      vertex 21.4433 -77.2012 120
      vertex 21.4433 -77.2012 125
      vertex 21.3867 -77.205 120
    endloop
  endfacet
  facet normal 0.0654182 -0.997858 0
    outer loop
      vertex 21.4433 -77.2012 125
      vertex 21.3867 -77.205 125
      vertex 21.3867 -77.205 120
    endloop
  endfacet
  facet normal 0.108766 -0.994067 0
    outer loop
      vertex 21.3867 -77.205 120
      vertex 21.3867 -77.205 125
      vertex 21.3303 -77.2111 120
    endloop
  endfacet
  facet normal 0.108766 -0.994067 0
    outer loop
      vertex 21.3867 -77.205 125
      vertex 21.3303 -77.2111 125
      vertex 21.3303 -77.2111 120
    endloop
  endfacet
  facet normal 0.152116 -0.988363 0
    outer loop
      vertex 21.3303 -77.2111 120
      vertex 21.3303 -77.2111 125
      vertex 21.2743 -77.2197 120
    endloop
  endfacet
  facet normal 0.152116 -0.988363 0
    outer loop
      vertex 21.3303 -77.2111 125
      vertex 21.2743 -77.2197 125
      vertex 21.2743 -77.2197 120
    endloop
  endfacet
  facet normal 0.195194 -0.980765 0
    outer loop
      vertex 21.2743 -77.2197 120
      vertex 21.2743 -77.2197 125
      vertex 21.2186 -77.2308 120
    endloop
  endfacet
  facet normal 0.195194 -0.980765 0
    outer loop
      vertex 21.2743 -77.2197 125
      vertex 21.2186 -77.2308 125
      vertex 21.2186 -77.2308 120
    endloop
  endfacet
  facet normal 0.237634 -0.971355 0
    outer loop
      vertex 21.2186 -77.2308 120
      vertex 21.2186 -77.2308 125
      vertex 21.1635 -77.2443 120
    endloop
  endfacet
  facet normal 0.237634 -0.971355 0
    outer loop
      vertex 21.2186 -77.2308 125
      vertex 21.1635 -77.2443 125
      vertex 21.1635 -77.2443 120
    endloop
  endfacet
  facet normal 0.279801 -0.960058 0
    outer loop
      vertex 21.1635 -77.2443 120
      vertex 21.1635 -77.2443 125
      vertex 21.1091 -77.2602 120
    endloop
  endfacet
  facet normal 0.279801 -0.960058 0
    outer loop
      vertex 21.1635 -77.2443 125
      vertex 21.1091 -77.2602 125
      vertex 21.1091 -77.2602 120
    endloop
  endfacet
  facet normal 0.321445 -0.946928 0
    outer loop
      vertex 21.1091 -77.2602 120
      vertex 21.1091 -77.2602 125
      vertex 21.0554 -77.2784 120
    endloop
  endfacet
  facet normal 0.321445 -0.946928 0
    outer loop
      vertex 21.1091 -77.2602 125
      vertex 21.0554 -77.2784 125
      vertex 21.0554 -77.2784 120
    endloop
  endfacet
  facet normal 0.362427 -0.932012 0
    outer loop
      vertex 21.0554 -77.2784 120
      vertex 21.0554 -77.2784 125
      vertex 21.0025 -77.299 120
    endloop
  endfacet
  facet normal 0.362427 -0.932012 0
    outer loop
      vertex 21.0554 -77.2784 125
      vertex 21.0025 -77.299 125
      vertex 21.0025 -77.299 120
    endloop
  endfacet
  facet normal 0.402747 -0.915311 0
    outer loop
      vertex 21.0025 -77.299 120
      vertex 21.0025 -77.299 125
      vertex 20.9506 -77.3218 120
    endloop
  endfacet
  facet normal 0.402747 -0.915311 0
    outer loop
      vertex 21.0025 -77.299 125
      vertex 20.9506 -77.3218 125
      vertex 20.9506 -77.3218 120
    endloop
  endfacet
  facet normal 0.442281 -0.896877 0
    outer loop
      vertex 20.9506 -77.3218 120
      vertex 20.9506 -77.3218 125
      vertex 20.8997 -77.3469 120
    endloop
  endfacet
  facet normal 0.442281 -0.896877 0
    outer loop
      vertex 20.9506 -77.3218 125
      vertex 20.8997 -77.3469 125
      vertex 20.8997 -77.3469 120
    endloop
  endfacet
  facet normal 0.481041 -0.876698 0
    outer loop
      vertex 20.8997 -77.3469 120
      vertex 20.8997 -77.3469 125
      vertex 20.85 -77.3742 120
    endloop
  endfacet
  facet normal 0.481041 -0.876698 0
    outer loop
      vertex 20.8997 -77.3469 125
      vertex 20.85 -77.3742 125
      vertex 20.85 -77.3742 120
    endloop
  endfacet
  facet normal 0.518744 -0.85493 0
    outer loop
      vertex 20.85 -77.3742 120
      vertex 20.85 -77.3742 125
      vertex 20.8015 -77.4036 120
    endloop
  endfacet
  facet normal 0.518744 -0.85493 0
    outer loop
      vertex 20.85 -77.3742 125
      vertex 20.8015 -77.4036 125
      vertex 20.8015 -77.4036 120
    endloop
  endfacet
  facet normal 0.555624 -0.831433 0
    outer loop
      vertex 20.8015 -77.4036 120
      vertex 20.8015 -77.4036 125
      vertex 20.7544 -77.4351 120
    endloop
  endfacet
  facet normal 0.555624 -0.831433 0
    outer loop
      vertex 20.8015 -77.4036 125
      vertex 20.7544 -77.4351 125
      vertex 20.7544 -77.4351 120
    endloop
  endfacet
  facet normal 0.591268 -0.806475 0
    outer loop
      vertex 20.7544 -77.4351 120
      vertex 20.7544 -77.4351 125
      vertex 20.7086 -77.4686 120
    endloop
  endfacet
  facet normal 0.591268 -0.806475 0
    outer loop
      vertex 20.7544 -77.4351 125
      vertex 20.7086 -77.4686 125
      vertex 20.7086 -77.4686 120
    endloop
  endfacet
  facet normal 0.625928 -0.779881 0
    outer loop
      vertex 20.7086 -77.4686 120
      vertex 20.7086 -77.4686 125
      vertex 20.6644 -77.5041 120
    endloop
  endfacet
  facet normal 0.625928 -0.779881 0
    outer loop
      vertex 20.7086 -77.4686 125
      vertex 20.6644 -77.5041 125
      vertex 20.6644 -77.5041 120
    endloop
  endfacet
  facet normal 0.659318 -0.751864 0
    outer loop
      vertex 20.6644 -77.5041 120
      vertex 20.6644 -77.5041 125
      vertex 20.6217 -77.5415 120
    endloop
  endfacet
  facet normal 0.659318 -0.751864 0
    outer loop
      vertex 20.6644 -77.5041 125
      vertex 20.6217 -77.5415 125
      vertex 20.6217 -77.5415 120
    endloop
  endfacet
  facet normal 0.691571 -0.722308 0
    outer loop
      vertex 20.6217 -77.5415 120
      vertex 20.6217 -77.5415 125
      vertex 20.5808 -77.5808 120
    endloop
  endfacet
  facet normal 0.691571 -0.722308 0
    outer loop
      vertex 20.6217 -77.5415 125
      vertex 20.5808 -77.5808 125
      vertex 20.5808 -77.5808 120
    endloop
  endfacet
  facet normal 0.722357 -0.69152 0
    outer loop
      vertex 20.5808 -77.5808 120
      vertex 20.5808 -77.5808 125
      vertex 20.5415 -77.6217 120
    endloop
  endfacet
  facet normal 0.722357 -0.69152 0
    outer loop
      vertex 20.5808 -77.5808 125
      vertex 20.5415 -77.6217 125
      vertex 20.5415 -77.6217 120
    endloop
  endfacet
  facet normal 0.751819 -0.659369 0
    outer loop
      vertex 20.5415 -77.6217 120
      vertex 20.5415 -77.6217 125
      vertex 20.5041 -77.6644 120
    endloop
  endfacet
  facet normal 0.751819 -0.659369 0
    outer loop
      vertex 20.5415 -77.6217 125
      vertex 20.5041 -77.6644 125
      vertex 20.5041 -77.6644 120
    endloop
  endfacet
  facet normal 0.779881 -0.625928 0
    outer loop
      vertex 20.5041 -77.6644 120
      vertex 20.5041 -77.6644 125
      vertex 20.4686 -77.7086 120
    endloop
  endfacet
  facet normal 0.779881 -0.625928 0
    outer loop
      vertex 20.5041 -77.6644 125
      vertex 20.4686 -77.7086 125
      vertex 20.4686 -77.7086 120
    endloop
  endfacet
  facet normal 0.806432 -0.591327 0
    outer loop
      vertex 20.4686 -77.7086 120
      vertex 20.4686 -77.7086 125
      vertex 20.4351 -77.7543 120
    endloop
  endfacet
  facet normal 0.806432 -0.591327 0
    outer loop
      vertex 20.4686 -77.7086 125
      vertex 20.4351 -77.7543 125
      vertex 20.4351 -77.7543 120
    endloop
  endfacet
  facet normal 0.831489 -0.555541 0
    outer loop
      vertex 20.4351 -77.7543 120
      vertex 20.4351 -77.7543 125
      vertex 20.4036 -77.8015 120
    endloop
  endfacet
  facet normal 0.831489 -0.555541 0
    outer loop
      vertex 20.4351 -77.7543 125
      vertex 20.4036 -77.8015 125
      vertex 20.4036 -77.8015 120
    endloop
  endfacet
  facet normal 0.854906 -0.518783 0
    outer loop
      vertex 20.4036 -77.8015 120
      vertex 20.4036 -77.8015 125
      vertex 20.3742 -77.85 120
    endloop
  endfacet
  facet normal 0.854906 -0.518783 0
    outer loop
      vertex 20.4036 -77.8015 125
      vertex 20.3742 -77.85 125
      vertex 20.3742 -77.85 120
    endloop
  endfacet
  facet normal 0.876712 -0.481016 0
    outer loop
      vertex 20.3742 -77.85 120
      vertex 20.3742 -77.85 125
      vertex 20.3469 -77.8997 120
    endloop
  endfacet
  facet normal 0.876712 -0.481016 0
    outer loop
      vertex 20.3742 -77.85 125
      vertex 20.3469 -77.8997 125
      vertex 20.3469 -77.8997 120
    endloop
  endfacet
  facet normal 0.896883 -0.442268 0
    outer loop
      vertex 20.3469 -77.8997 120
      vertex 20.3469 -77.8997 125
      vertex 20.3218 -77.9506 120
    endloop
  endfacet
  facet normal 0.896883 -0.442268 0
    outer loop
      vertex 20.3469 -77.8997 125
      vertex 20.3218 -77.9506 125
      vertex 20.3218 -77.9506 120
    endloop
  endfacet
  facet normal 0.915311 -0.402747 0
    outer loop
      vertex 20.3218 -77.9506 120
      vertex 20.3218 -77.9506 125
      vertex 20.299 -78.0025 120
    endloop
  endfacet
  facet normal 0.915311 -0.402747 0
    outer loop
      vertex 20.3218 -77.9506 125
      vertex 20.299 -78.0025 125
      vertex 20.299 -78.0025 120
    endloop
  endfacet
  facet normal 0.932012 -0.362427 0
    outer loop
      vertex 20.299 -78.0025 120
      vertex 20.299 -78.0025 125
      vertex 20.2784 -78.0554 120
    endloop
  endfacet
  facet normal 0.932012 -0.362427 0
    outer loop
      vertex 20.299 -78.0025 125
      vertex 20.2784 -78.0554 125
      vertex 20.2784 -78.0554 120
    endloop
  endfacet
  facet normal 0.946935 -0.321425 0
    outer loop
      vertex 20.2784 -78.0554 120
      vertex 20.2784 -78.0554 125
      vertex 20.2602 -78.1091 120
    endloop
  endfacet
  facet normal 0.946935 -0.321425 0
    outer loop
      vertex 20.2784 -78.0554 125
      vertex 20.2602 -78.1091 125
      vertex 20.2602 -78.1091 120
    endloop
  endfacet
  facet normal 0.960044 -0.279849 0
    outer loop
      vertex 20.2602 -78.1091 120
      vertex 20.2602 -78.1091 125
      vertex 20.2443 -78.1635 120
    endloop
  endfacet
  facet normal 0.960044 -0.279849 0
    outer loop
      vertex 20.2602 -78.1091 125
      vertex 20.2443 -78.1635 125
      vertex 20.2443 -78.1635 120
    endloop
  endfacet
  facet normal 0.971343 -0.23768 0
    outer loop
      vertex 20.2443 -78.1635 120
      vertex 20.2443 -78.1635 125
      vertex 20.2308 -78.2186 120
    endloop
  endfacet
  facet normal 0.971343 -0.23768 0
    outer loop
      vertex 20.2443 -78.1635 125
      vertex 20.2308 -78.2186 125
      vertex 20.2308 -78.2186 120
    endloop
  endfacet
  facet normal 0.980787 -0.19508 0
    outer loop
      vertex 20.2308 -78.2186 120
      vertex 20.2308 -78.2186 125
      vertex 20.2198 -78.2743 120
    endloop
  endfacet
  facet normal 0.980787 -0.19508 0
    outer loop
      vertex 20.2308 -78.2186 125
      vertex 20.2198 -78.2743 125
      vertex 20.2198 -78.2743 120
    endloop
  endfacet
  facet normal 0.988358 -0.152148 0
    outer loop
      vertex 20.2198 -78.2743 120
      vertex 20.2198 -78.2743 125
      vertex 20.2111 -78.3303 120
    endloop
  endfacet
  facet normal 0.988358 -0.152148 0
    outer loop
      vertex 20.2198 -78.2743 125
      vertex 20.2111 -78.3303 125
      vertex 20.2111 -78.3303 120
    endloop
  endfacet
  facet normal 0.994056 -0.108871 0
    outer loop
      vertex 20.2111 -78.3303 120
      vertex 20.2111 -78.3303 125
      vertex 20.2049 -78.3867 120
    endloop
  endfacet
  facet normal 0.994056 -0.108871 0
    outer loop
      vertex 20.2111 -78.3303 125
      vertex 20.2049 -78.3867 125
      vertex 20.2049 -78.3867 120
    endloop
  endfacet
  facet normal 0.99786 -0.0653791 0
    outer loop
      vertex 20.2049 -78.3867 120
      vertex 20.2049 -78.3867 125
      vertex 20.2012 -78.4433 120
    endloop
  endfacet
  facet normal 0.99786 -0.0653791 0
    outer loop
      vertex 20.2049 -78.3867 125
      vertex 20.2012 -78.4433 125
      vertex 20.2012 -78.4433 120
    endloop
  endfacet
  facet normal 0.999762 -0.0218382 0
    outer loop
      vertex 20.2012 -78.4433 120
      vertex 20.2012 -78.4433 125
      vertex 20.2 -78.5 120
    endloop
  endfacet
  facet normal 0.999762 -0.0218382 0
    outer loop
      vertex 20.2012 -78.4433 125
      vertex 20.2 -78.5 125
      vertex 20.2 -78.5 120
    endloop
  endfacet
  facet normal 0.999761 0.021841 0
    outer loop
      vertex 20.2 -78.5 120
      vertex 20.2 -78.5 125
      vertex 20.2012 -78.5567 120
    endloop
  endfacet
  facet normal 0.999761 0.021841 0
    outer loop
      vertex 20.2 -78.5 125
      vertex 20.2012 -78.5567 125
      vertex 20.2012 -78.5567 120
    endloop
  endfacet
  facet normal 0.99786 0.0653791 0
    outer loop
      vertex 20.2012 -78.5567 120
      vertex 20.2012 -78.5567 125
      vertex 20.2049 -78.6133 120
    endloop
  endfacet
  facet normal 0.99786 0.0653791 0
    outer loop
      vertex 20.2012 -78.5567 125
      vertex 20.2049 -78.6133 125
      vertex 20.2049 -78.6133 120
    endloop
  endfacet
  facet normal 0.994056 0.108871 0
    outer loop
      vertex 20.2049 -78.6133 120
      vertex 20.2049 -78.6133 125
      vertex 20.2111 -78.6697 120
    endloop
  endfacet
  facet normal 0.994056 0.108871 0
    outer loop
      vertex 20.2049 -78.6133 125
      vertex 20.2111 -78.6697 125
      vertex 20.2111 -78.6697 120
    endloop
  endfacet
  facet normal 0.988358 0.152148 0
    outer loop
      vertex 20.2111 -78.6697 120
      vertex 20.2111 -78.6697 125
      vertex 20.2198 -78.7257 120
    endloop
  endfacet
  facet normal 0.988358 0.152148 0
    outer loop
      vertex 20.2111 -78.6697 125
      vertex 20.2198 -78.7257 125
      vertex 20.2198 -78.7257 120
    endloop
  endfacet
  facet normal 0.980792 0.195055 0
    outer loop
      vertex 20.2198 -78.7257 120
      vertex 20.2198 -78.7257 125
      vertex 20.2308 -78.7814 120
    endloop
  endfacet
  facet normal 0.980792 0.195055 0
    outer loop
      vertex 20.2198 -78.7257 125
      vertex 20.2308 -78.7814 125
      vertex 20.2308 -78.7814 120
    endloop
  endfacet
  facet normal 0.971336 0.237711 0
    outer loop
      vertex 20.2308 -78.7814 120
      vertex 20.2308 -78.7814 125
      vertex 20.2443 -78.8365 120
    endloop
  endfacet
  facet normal 0.971336 0.237711 0
    outer loop
      vertex 20.2308 -78.7814 125
      vertex 20.2443 -78.8365 125
      vertex 20.2443 -78.8365 120
    endloop
  endfacet
  facet normal 0.960054 0.279813 0
    outer loop
      vertex 20.2443 -78.8365 120
      vertex 20.2443 -78.8365 125
      vertex 20.2602 -78.8909 120
    endloop
  endfacet
  facet normal 0.960054 0.279813 0
    outer loop
      vertex 20.2443 -78.8365 125
      vertex 20.2602 -78.8909 125
      vertex 20.2602 -78.8909 120
    endloop
  endfacet
  facet normal 0.946922 0.321465 0
    outer loop
      vertex 20.2602 -78.8909 120
      vertex 20.2602 -78.8909 125
      vertex 20.2784 -78.9446 120
    endloop
  endfacet
  facet normal 0.946922 0.321465 0
    outer loop
      vertex 20.2602 -78.8909 125
      vertex 20.2784 -78.9446 125
      vertex 20.2784 -78.9446 120
    endloop
  endfacet
  facet normal 0.932012 0.362427 0
    outer loop
      vertex 20.2784 -78.9446 120
      vertex 20.2784 -78.9446 125
      vertex 20.299 -78.9975 120
    endloop
  endfacet
  facet normal 0.932012 0.362427 0
    outer loop
      vertex 20.2784 -78.9446 125
      vertex 20.299 -78.9975 125
      vertex 20.299 -78.9975 120
    endloop
  endfacet
  facet normal 0.915311 0.402747 0
    outer loop
      vertex 20.299 -78.9975 120
      vertex 20.299 -78.9975 125
      vertex 20.3218 -79.0494 120
    endloop
  endfacet
  facet normal 0.915311 0.402747 0
    outer loop
      vertex 20.299 -78.9975 125
      vertex 20.3218 -79.0494 125
      vertex 20.3218 -79.0494 120
    endloop
  endfacet
  facet normal 0.896883 0.442268 0
    outer loop
      vertex 20.3218 -79.0494 120
      vertex 20.3218 -79.0494 125
      vertex 20.3469 -79.1003 120
    endloop
  endfacet
  facet normal 0.896883 0.442268 0
    outer loop
      vertex 20.3218 -79.0494 125
      vertex 20.3469 -79.1003 125
      vertex 20.3469 -79.1003 120
    endloop
  endfacet
  facet normal 0.876712 0.481016 0
    outer loop
      vertex 20.3469 -79.1003 120
      vertex 20.3469 -79.1003 125
      vertex 20.3742 -79.15 120
    endloop
  endfacet
  facet normal 0.876712 0.481016 0
    outer loop
      vertex 20.3469 -79.1003 125
      vertex 20.3742 -79.15 125
      vertex 20.3742 -79.15 120
    endloop
  endfacet
  facet normal 0.854906 0.518783 0
    outer loop
      vertex 20.3742 -79.15 120
      vertex 20.3742 -79.15 125
      vertex 20.4036 -79.1985 120
    endloop
  endfacet
  facet normal 0.854906 0.518783 0
    outer loop
      vertex 20.3742 -79.15 125
      vertex 20.4036 -79.1985 125
      vertex 20.4036 -79.1985 120
    endloop
  endfacet
  facet normal 0.831489 0.555541 0
    outer loop
      vertex 20.4036 -79.1985 120
      vertex 20.4036 -79.1985 125
      vertex 20.4351 -79.2456 120
    endloop
  endfacet
  facet normal 0.831489 0.555541 0
    outer loop
      vertex 20.4036 -79.1985 125
      vertex 20.4351 -79.2456 125
      vertex 20.4351 -79.2456 120
    endloop
  endfacet
  facet normal 0.806432 0.591327 0
    outer loop
      vertex 20.4351 -79.2456 120
      vertex 20.4351 -79.2456 125
      vertex 20.4686 -79.2914 120
    endloop
  endfacet
  facet normal 0.806432 0.591327 0
    outer loop
      vertex 20.4351 -79.2456 125
      vertex 20.4686 -79.2914 125
      vertex 20.4686 -79.2914 120
    endloop
  endfacet
  facet normal 0.779881 0.625928 0
    outer loop
      vertex 20.4686 -79.2914 120
      vertex 20.4686 -79.2914 125
      vertex 20.5041 -79.3356 120
    endloop
  endfacet
  facet normal 0.779881 0.625928 0
    outer loop
      vertex 20.4686 -79.2914 125
      vertex 20.5041 -79.3356 125
      vertex 20.5041 -79.3356 120
    endloop
  endfacet
  facet normal 0.751876 0.659304 0
    outer loop
      vertex 20.5041 -79.3356 120
      vertex 20.5041 -79.3356 125
      vertex 20.5415 -79.3783 120
    endloop
  endfacet
  facet normal 0.751876 0.659304 0
    outer loop
      vertex 20.5041 -79.3356 125
      vertex 20.5415 -79.3783 125
      vertex 20.5415 -79.3783 120
    endloop
  endfacet
  facet normal 0.722357 0.69152 0
    outer loop
      vertex 20.5415 -79.3783 120
      vertex 20.5415 -79.3783 125
      vertex 20.5808 -79.4192 120
    endloop
  endfacet
  facet normal 0.722357 0.69152 0
    outer loop
      vertex 20.5415 -79.3783 125
      vertex 20.5808 -79.4192 125
      vertex 20.5808 -79.4192 120
    endloop
  endfacet
  facet normal 0.691503 0.722374 0
    outer loop
      vertex 20.5808 -79.4192 120
      vertex 20.5808 -79.4192 125
      vertex 20.6217 -79.4585 120
    endloop
  endfacet
  facet normal 0.691503 0.722374 0
    outer loop
      vertex 20.5808 -79.4192 125
      vertex 20.6217 -79.4585 125
      vertex 20.6217 -79.4585 120
    endloop
  endfacet
  facet normal 0.659318 0.751864 0
    outer loop
      vertex 20.6217 -79.4585 120
      vertex 20.6217 -79.4585 125
      vertex 20.6644 -79.4959 120
    endloop
  endfacet
  facet normal 0.659318 0.751864 0
    outer loop
      vertex 20.6217 -79.4585 125
      vertex 20.6644 -79.4959 125
      vertex 20.6644 -79.4959 120
    endloop
  endfacet
  facet normal 0.625928 0.779881 0
    outer loop
      vertex 20.6644 -79.4959 120
      vertex 20.6644 -79.4959 125
      vertex 20.7086 -79.5314 120
    endloop
  endfacet
  facet normal 0.625928 0.779881 0
    outer loop
      vertex 20.6644 -79.4959 125
      vertex 20.7086 -79.5314 125
      vertex 20.7086 -79.5314 120
    endloop
  endfacet
  facet normal 0.591354 0.806412 0
    outer loop
      vertex 20.7086 -79.5314 120
      vertex 20.7086 -79.5314 125
      vertex 20.7544 -79.5649 120
    endloop
  endfacet
  facet normal 0.591354 0.806412 0
    outer loop
      vertex 20.7086 -79.5314 125
      vertex 20.7544 -79.5649 125
      vertex 20.7544 -79.5649 120
    endloop
  endfacet
  facet normal 0.555534 0.831494 0
    outer loop
      vertex 20.7544 -79.5649 120
      vertex 20.7544 -79.5649 125
      vertex 20.8015 -79.5964 120
    endloop
  endfacet
  facet normal 0.555534 0.831494 0
    outer loop
      vertex 20.7544 -79.5649 125
      vertex 20.8015 -79.5964 125
      vertex 20.8015 -79.5964 120
    endloop
  endfacet
  facet normal 0.518744 0.85493 0
    outer loop
      vertex 20.8015 -79.5964 120
      vertex 20.8015 -79.5964 125
      vertex 20.85 -79.6258 120
    endloop
  endfacet
  facet normal 0.518744 0.85493 0
    outer loop
      vertex 20.8015 -79.5964 125
      vertex 20.85 -79.6258 125
      vertex 20.85 -79.6258 120
    endloop
  endfacet
  facet normal 0.481041 0.876698 0
    outer loop
      vertex 20.85 -79.6258 120
      vertex 20.85 -79.6258 125
      vertex 20.8997 -79.6531 120
    endloop
  endfacet
  facet normal 0.481041 0.876698 0
    outer loop
      vertex 20.85 -79.6258 125
      vertex 20.8997 -79.6531 125
      vertex 20.8997 -79.6531 120
    endloop
  endfacet
  facet normal 0.442281 0.896877 0
    outer loop
      vertex 20.8997 -79.6531 120
      vertex 20.8997 -79.6531 125
      vertex 20.9506 -79.6782 120
    endloop
  endfacet
  facet normal 0.442281 0.896877 0
    outer loop
      vertex 20.8997 -79.6531 125
      vertex 20.9506 -79.6782 125
      vertex 20.9506 -79.6782 120
    endloop
  endfacet
  facet normal 0.402747 0.915311 0
    outer loop
      vertex 20.9506 -79.6782 120
      vertex 20.9506 -79.6782 125
      vertex 21.0025 -79.701 120
    endloop
  endfacet
  facet normal 0.402747 0.915311 0
    outer loop
      vertex 20.9506 -79.6782 125
      vertex 21.0025 -79.701 125
      vertex 21.0025 -79.701 120
    endloop
  endfacet
  facet normal 0.362427 0.932012 0
    outer loop
      vertex 21.0025 -79.701 120
      vertex 21.0025 -79.701 125
      vertex 21.0554 -79.7216 120
    endloop
  endfacet
  facet normal 0.362427 0.932012 0
    outer loop
      vertex 21.0025 -79.701 125
      vertex 21.0554 -79.7216 125
      vertex 21.0554 -79.7216 120
    endloop
  endfacet
  facet normal 0.321445 0.946928 0
    outer loop
      vertex 21.0554 -79.7216 120
      vertex 21.0554 -79.7216 125
      vertex 21.1091 -79.7398 120
    endloop
  endfacet
  facet normal 0.321445 0.946928 0
    outer loop
      vertex 21.0554 -79.7216 125
      vertex 21.1091 -79.7398 125
      vertex 21.1091 -79.7398 120
    endloop
  endfacet
  facet normal 0.279801 0.960058 0
    outer loop
      vertex 21.1091 -79.7398 120
      vertex 21.1091 -79.7398 125
      vertex 21.1635 -79.7557 120
    endloop
  endfacet
  facet normal 0.279801 0.960058 0
    outer loop
      vertex 21.1091 -79.7398 125
      vertex 21.1635 -79.7557 125
      vertex 21.1635 -79.7557 120
    endloop
  endfacet
  facet normal 0.237757 0.971325 0
    outer loop
      vertex 21.1635 -79.7557 120
      vertex 21.1635 -79.7557 125
      vertex 21.2186 -79.7692 120
    endloop
  endfacet
  facet normal 0.237757 0.971325 0
    outer loop
      vertex 21.1635 -79.7557 125
      vertex 21.2186 -79.7692 125
      vertex 21.2186 -79.7692 120
    endloop
  endfacet
  facet normal 0.195068 0.98079 0
    outer loop
      vertex 21.2186 -79.7692 120
      vertex 21.2186 -79.7692 125
      vertex 21.2743 -79.7803 120
    endloop
  endfacet
  facet normal 0.195068 0.98079 0
    outer loop
      vertex 21.2186 -79.7692 125
      vertex 21.2743 -79.7803 125
      vertex 21.2743 -79.7803 120
    endloop
  endfacet
  facet normal 0.152116 0.988363 0
    outer loop
      vertex 21.2743 -79.7803 120
      vertex 21.2743 -79.7803 125
      vertex 21.3303 -79.7889 120
    endloop
  endfacet
  facet normal 0.152116 0.988363 0
    outer loop
      vertex 21.2743 -79.7803 125
      vertex 21.3303 -79.7889 125
      vertex 21.3303 -79.7889 120
    endloop
  endfacet
  facet normal 0.108896 0.994053 0
    outer loop
      vertex 21.3303 -79.7889 120
      vertex 21.3303 -79.7889 125
      vertex 21.3867 -79.7951 120
    endloop
  endfacet
  facet normal 0.108896 0.994053 0
    outer loop
      vertex 21.3303 -79.7889 125
      vertex 21.3867 -79.7951 125
      vertex 21.3867 -79.7951 120
    endloop
  endfacet
  facet normal 0.0654182 0.997858 0
    outer loop
      vertex 21.3867 -79.7951 120
      vertex 21.3867 -79.7951 125
      vertex 21.4433 -79.7988 120
    endloop
  endfacet
  facet normal 0.0654182 0.997858 0
    outer loop
      vertex 21.3867 -79.7951 125
      vertex 21.4433 -79.7988 125
      vertex 21.4433 -79.7988 120
    endloop
  endfacet
  facet normal 0.0218054 0.999762 0
    outer loop
      vertex 21.4433 -79.7988 120
      vertex 21.4433 -79.7988 125
      vertex 21.5 -79.8 120
    endloop
  endfacet
  facet normal 0.0218054 0.999762 0
    outer loop
      vertex 21.4433 -79.7988 125
      vertex 21.5 -79.8 125
      vertex 21.5 -79.8 120
    endloop
  endfacet
  facet normal -0.0218061 0.999762 0
    outer loop
      vertex 21.5 -79.8 120
      vertex 21.5 -79.8 125
      vertex 21.5567 -79.7988 120
    endloop
  endfacet
  facet normal -0.0218061 0.999762 0
    outer loop
      vertex 21.5 -79.8 125
      vertex 21.5567 -79.7988 125
      vertex 21.5567 -79.7988 120
    endloop
  endfacet
  facet normal -0.0654182 0.997858 0
    outer loop
      vertex 21.5567 -79.7988 120
      vertex 21.5567 -79.7988 125
      vertex 21.6133 -79.7951 120
    endloop
  endfacet
  facet normal -0.0654182 0.997858 0
    outer loop
      vertex 21.5567 -79.7988 125
      vertex 21.6133 -79.7951 125
      vertex 21.6133 -79.7951 120
    endloop
  endfacet
  facet normal -0.108896 0.994053 0
    outer loop
      vertex 21.6133 -79.7951 120
      vertex 21.6133 -79.7951 125
      vertex 21.6697 -79.7889 120
    endloop
  endfacet
  facet normal -0.108896 0.994053 0
    outer loop
      vertex 21.6133 -79.7951 125
      vertex 21.6697 -79.7889 125
      vertex 21.6697 -79.7889 120
    endloop
  endfacet
  facet normal -0.152116 0.988363 0
    outer loop
      vertex 21.6697 -79.7889 120
      vertex 21.6697 -79.7889 125
      vertex 21.7257 -79.7803 120
    endloop
  endfacet
  facet normal -0.152116 0.988363 0
    outer loop
      vertex 21.6697 -79.7889 125
      vertex 21.7257 -79.7803 125
      vertex 21.7257 -79.7803 120
    endloop
  endfacet
  facet normal -0.195068 0.98079 0
    outer loop
      vertex 21.7257 -79.7803 120
      vertex 21.7257 -79.7803 125
      vertex 21.7814 -79.7692 120
    endloop
  endfacet
  facet normal -0.195068 0.98079 0
    outer loop
      vertex 21.7257 -79.7803 125
      vertex 21.7814 -79.7692 125
      vertex 21.7814 -79.7692 120
    endloop
  endfacet
  facet normal -0.237757 0.971325 0
    outer loop
      vertex 21.7814 -79.7692 120
      vertex 21.7814 -79.7692 125
      vertex 21.8365 -79.7557 120
    endloop
  endfacet
  facet normal -0.237757 0.971325 0
    outer loop
      vertex 21.7814 -79.7692 125
      vertex 21.8365 -79.7557 125
      vertex 21.8365 -79.7557 120
    endloop
  endfacet
  facet normal -0.279801 0.960058 0
    outer loop
      vertex 21.8365 -79.7557 120
      vertex 21.8365 -79.7557 125
      vertex 21.8909 -79.7398 120
    endloop
  endfacet
  facet normal -0.279801 0.960058 0
    outer loop
      vertex 21.8365 -79.7557 125
      vertex 21.8909 -79.7398 125
      vertex 21.8909 -79.7398 120
    endloop
  endfacet
  facet normal -0.321445 0.946928 0
    outer loop
      vertex 21.8909 -79.7398 120
      vertex 21.8909 -79.7398 125
      vertex 21.9446 -79.7216 120
    endloop
  endfacet
  facet normal -0.321445 0.946928 0
    outer loop
      vertex 21.8909 -79.7398 125
      vertex 21.9446 -79.7216 125
      vertex 21.9446 -79.7216 120
    endloop
  endfacet
  facet normal -0.362416 0.932016 0
    outer loop
      vertex 21.9446 -79.7216 120
      vertex 21.9446 -79.7216 125
      vertex 21.9975 -79.701 120
    endloop
  endfacet
  facet normal -0.362416 0.932016 0
    outer loop
      vertex 21.9446 -79.7216 125
      vertex 21.9975 -79.701 125
      vertex 21.9975 -79.701 120
    endloop
  endfacet
  facet normal -0.40276 0.915306 0
    outer loop
      vertex 21.9975 -79.701 120
      vertex 21.9975 -79.701 125
      vertex 22.0494 -79.6782 120
    endloop
  endfacet
  facet normal -0.40276 0.915306 0
    outer loop
      vertex 21.9975 -79.701 125
      vertex 22.0494 -79.6782 125
      vertex 22.0494 -79.6782 120
    endloop
  endfacet
  facet normal -0.442281 0.896877 0
    outer loop
      vertex 22.0494 -79.6782 120
      vertex 22.0494 -79.6782 125
      vertex 22.1003 -79.6531 120
    endloop
  endfacet
  facet normal -0.442281 0.896877 0
    outer loop
      vertex 22.0494 -79.6782 125
      vertex 22.1003 -79.6531 125
      vertex 22.1003 -79.6531 120
    endloop
  endfacet
  facet normal -0.481027 0.876706 0
    outer loop
      vertex 22.1003 -79.6531 120
      vertex 22.1003 -79.6531 125
      vertex 22.15 -79.6258 120
    endloop
  endfacet
  facet normal -0.481027 0.876706 0
    outer loop
      vertex 22.1003 -79.6531 125
      vertex 22.15 -79.6258 125
      vertex 22.15 -79.6258 120
    endloop
  endfacet
  facet normal -0.518759 0.854921 0
    outer loop
      vertex 22.15 -79.6258 120
      vertex 22.15 -79.6258 125
      vertex 22.1985 -79.5964 120
    endloop
  endfacet
  facet normal -0.518759 0.854921 0
    outer loop
      vertex 22.15 -79.6258 125
      vertex 22.1985 -79.5964 125
      vertex 22.1985 -79.5964 120
    endloop
  endfacet
  facet normal -0.555534 0.831494 0
    outer loop
      vertex 22.1985 -79.5964 120
      vertex 22.1985 -79.5964 125
      vertex 22.2456 -79.5649 120
    endloop
  endfacet
  facet normal -0.555534 0.831494 0
    outer loop
      vertex 22.1985 -79.5964 125
      vertex 22.2456 -79.5649 125
      vertex 22.2456 -79.5649 120
    endloop
  endfacet
  facet normal -0.591354 0.806412 0
    outer loop
      vertex 22.2456 -79.5649 120
      vertex 22.2456 -79.5649 125
      vertex 22.2914 -79.5314 120
    endloop
  endfacet
  facet normal -0.591354 0.806412 0
    outer loop
      vertex 22.2456 -79.5649 125
      vertex 22.2914 -79.5314 125
      vertex 22.2914 -79.5314 120
    endloop
  endfacet
  facet normal -0.625928 0.779881 0
    outer loop
      vertex 22.2914 -79.5314 120
      vertex 22.2914 -79.5314 125
      vertex 22.3356 -79.4959 120
    endloop
  endfacet
  facet normal -0.625928 0.779881 0
    outer loop
      vertex 22.2914 -79.5314 125
      vertex 22.3356 -79.4959 125
      vertex 22.3356 -79.4959 120
    endloop
  endfacet
  facet normal -0.659318 0.751864 0
    outer loop
      vertex 22.3356 -79.4959 120
      vertex 22.3356 -79.4959 125
      vertex 22.3783 -79.4585 120
    endloop
  endfacet
  facet normal -0.659318 0.751864 0
    outer loop
      vertex 22.3356 -79.4959 125
      vertex 22.3783 -79.4585 125
      vertex 22.3783 -79.4585 120
    endloop
  endfacet
  facet normal -0.691503 0.722374 0
    outer loop
      vertex 22.3783 -79.4585 120
      vertex 22.3783 -79.4585 125
      vertex 22.4192 -79.4192 120
    endloop
  endfacet
  facet normal -0.691503 0.722374 0
    outer loop
      vertex 22.3783 -79.4585 125
      vertex 22.4192 -79.4192 125
      vertex 22.4192 -79.4192 120
    endloop
  endfacet
  facet normal -0.722357 0.69152 0
    outer loop
      vertex 22.4192 -79.4192 120
      vertex 22.4192 -79.4192 125
      vertex 22.4585 -79.3783 120
    endloop
  endfacet
  facet normal -0.722357 0.69152 0
    outer loop
      vertex 22.4192 -79.4192 125
      vertex 22.4585 -79.3783 125
      vertex 22.4585 -79.3783 120
    endloop
  endfacet
  facet normal -0.75186 0.659323 0
    outer loop
      vertex 22.4585 -79.3783 120
      vertex 22.4585 -79.3783 125
      vertex 22.4959 -79.3356 120
    endloop
  endfacet
  facet normal -0.75186 0.659323 0
    outer loop
      vertex 22.4585 -79.3783 125
      vertex 22.4959 -79.3356 125
      vertex 22.4959 -79.3356 120
    endloop
  endfacet
  facet normal -0.779897 0.625908 0
    outer loop
      vertex 22.4959 -79.3356 120
      vertex 22.4959 -79.3356 125
      vertex 22.5314 -79.2914 120
    endloop
  endfacet
  facet normal -0.779897 0.625908 0
    outer loop
      vertex 22.4959 -79.3356 125
      vertex 22.5314 -79.2914 125
      vertex 22.5314 -79.2914 120
    endloop
  endfacet
  facet normal -0.806432 0.591327 0
    outer loop
      vertex 22.5314 -79.2914 120
      vertex 22.5314 -79.2914 125
      vertex 22.5649 -79.2456 120
    endloop
  endfacet
  facet normal -0.806432 0.591327 0
    outer loop
      vertex 22.5314 -79.2914 125
      vertex 22.5649 -79.2456 125
      vertex 22.5649 -79.2456 120
    endloop
  endfacet
  facet normal -0.831474 0.555564 0
    outer loop
      vertex 22.5649 -79.2456 120
      vertex 22.5649 -79.2456 125
      vertex 22.5964 -79.1985 120
    endloop
  endfacet
  facet normal -0.831474 0.555564 0
    outer loop
      vertex 22.5649 -79.2456 125
      vertex 22.5964 -79.1985 125
      vertex 22.5964 -79.1985 120
    endloop
  endfacet
  facet normal -0.854906 0.518783 0
    outer loop
      vertex 22.5964 -79.1985 120
      vertex 22.5964 -79.1985 125
      vertex 22.6258 -79.15 120
    endloop
  endfacet
  facet normal -0.854906 0.518783 0
    outer loop
      vertex 22.5964 -79.1985 125
      vertex 22.6258 -79.15 125
      vertex 22.6258 -79.15 120
    endloop
  endfacet
  facet normal -0.876726 0.480991 0
    outer loop
      vertex 22.6258 -79.15 120
      vertex 22.6258 -79.15 125
      vertex 22.6531 -79.1003 120
    endloop
  endfacet
  facet normal -0.876726 0.480991 0
    outer loop
      vertex 22.6258 -79.15 125
      vertex 22.6531 -79.1003 125
      vertex 22.6531 -79.1003 120
    endloop
  endfacet
  facet normal -0.896883 0.442268 0
    outer loop
      vertex 22.6531 -79.1003 120
      vertex 22.6531 -79.1003 125
      vertex 22.6782 -79.0494 120
    endloop
  endfacet
  facet normal -0.896883 0.442268 0
    outer loop
      vertex 22.6531 -79.1003 125
      vertex 22.6782 -79.0494 125
      vertex 22.6782 -79.0494 120
    endloop
  endfacet
  facet normal -0.915311 0.402747 0
    outer loop
      vertex 22.6782 -79.0494 120
      vertex 22.6782 -79.0494 125
      vertex 22.701 -78.9975 120
    endloop
  endfacet
  facet normal -0.915311 0.402747 0
    outer loop
      vertex 22.6782 -79.0494 125
      vertex 22.701 -78.9975 125
      vertex 22.701 -78.9975 120
    endloop
  endfacet
  facet normal -0.932012 0.362427 0
    outer loop
      vertex 22.701 -78.9975 120
      vertex 22.701 -78.9975 125
      vertex 22.7216 -78.9446 120
    endloop
  endfacet
  facet normal -0.932012 0.362427 0
    outer loop
      vertex 22.701 -78.9975 125
      vertex 22.7216 -78.9446 125
      vertex 22.7216 -78.9446 120
    endloop
  endfacet
  facet normal -0.946922 0.321465 0
    outer loop
      vertex 22.7216 -78.9446 120
      vertex 22.7216 -78.9446 125
      vertex 22.7398 -78.8909 120
    endloop
  endfacet
  facet normal -0.946922 0.321465 0
    outer loop
      vertex 22.7216 -78.9446 125
      vertex 22.7398 -78.8909 125
      vertex 22.7398 -78.8909 120
    endloop
  endfacet
  facet normal -0.960054 0.279813 0
    outer loop
      vertex 22.7398 -78.8909 120
      vertex 22.7398 -78.8909 125
      vertex 22.7557 -78.8365 120
    endloop
  endfacet
  facet normal -0.960054 0.279813 0
    outer loop
      vertex 22.7398 -78.8909 125
      vertex 22.7557 -78.8365 125
      vertex 22.7557 -78.8365 120
    endloop
  endfacet
  facet normal -0.971336 0.237711 0
    outer loop
      vertex 22.7557 -78.8365 120
      vertex 22.7557 -78.8365 125
      vertex 22.7692 -78.7814 120
    endloop
  endfacet
  facet normal -0.971336 0.237711 0
    outer loop
      vertex 22.7557 -78.8365 125
      vertex 22.7692 -78.7814 125
      vertex 22.7692 -78.7814 120
    endloop
  endfacet
  facet normal -0.980786 0.195087 0
    outer loop
      vertex 22.7692 -78.7814 120
      vertex 22.7692 -78.7814 125
      vertex 22.7803 -78.7257 120
    endloop
  endfacet
  facet normal -0.980786 0.195087 0
    outer loop
      vertex 22.7692 -78.7814 125
      vertex 22.7803 -78.7257 125
      vertex 22.7803 -78.7257 120
    endloop
  endfacet
  facet normal -0.988363 0.152116 0
    outer loop
      vertex 22.7803 -78.7257 120
      vertex 22.7803 -78.7257 125
      vertex 22.7889 -78.6697 120
    endloop
  endfacet
  facet normal -0.988363 0.152116 0
    outer loop
      vertex 22.7803 -78.7257 125
      vertex 22.7889 -78.6697 125
      vertex 22.7889 -78.6697 120
    endloop
  endfacet
  facet normal -0.994056 0.108871 0
    outer loop
      vertex 22.7889 -78.6697 120
      vertex 22.7889 -78.6697 125
      vertex 22.7951 -78.6133 120
    endloop
  endfacet
  facet normal -0.994056 0.108871 0
    outer loop
      vertex 22.7889 -78.6697 125
      vertex 22.7951 -78.6133 125
      vertex 22.7951 -78.6133 120
    endloop
  endfacet
  facet normal -0.997858 0.0654118 0
    outer loop
      vertex 22.7951 -78.6133 120
      vertex 22.7951 -78.6133 125
      vertex 22.7988 -78.5567 120
    endloop
  endfacet
  facet normal -0.997858 0.0654118 0
    outer loop
      vertex 22.7951 -78.6133 125
      vertex 22.7988 -78.5567 125
      vertex 22.7988 -78.5567 120
    endloop
  endfacet
  facet normal -0.999762 0.0218082 0
    outer loop
      vertex 22.7988 -78.5567 120
      vertex 22.7988 -78.5567 125
      vertex 22.8 -78.5 120
    endloop
  endfacet
  facet normal -0.999762 0.0218082 0
    outer loop
      vertex 22.7988 -78.5567 125
      vertex 22.8 -78.5 125
      vertex 22.8 -78.5 120
    endloop
  endfacet
  facet normal 0 0 1
    outer loop
      vertex 90 -130 125
      vertex 90 -129.436 125
      vertex 85.9384 -129.436 125
    endloop
  endfacet
  facet normal 0 0 1
    outer loop
      vertex 90 -124.286 125
      vertex 90 -100 125
      vertex 85.9384 -100 125
    endloop
  endfacet
  facet normal 0 0 1
    outer loop
      vertex -20.2012 -78.4433 125
      vertex -20.2 -78.5 125
      vertex 1.38778e-14 -62.1657 125
    endloop
  endfacet
  facet normal 0 0 1
    outer loop
      vertex 90 -100 125
      vertex 90 -62.1657 125
      vertex 85.9384 -62.1657 125
    endloop
  endfacet
  facet normal 0 0 1
    outer loop
      vertex 33.9 -62.1657 125
      vertex 33.9 -47.1315 125
      vertex 1.04083e-14 -47.1315 125
    endloop
  endfacet
  facet normal 0 0 1
    outer loop
      vertex 1.38778e-14 53.9343 125
      vertex -65.4863 53.9343 125
      vertex -45 -17.1315 125
    endloop
  endfacet
  facet normal 0 0 1
    outer loop
      vertex -65.4863 53.9343 125
      vertex -65.4863 -62.1657 125
      vertex -45 -17.1315 125
    endloop
  endfacet
  facet normal 0 0 1
    outer loop
      vertex -45 -17.1315 125
      vertex -65.4863 -62.1657 125
      vertex -45 -47.1315 125
    endloop
  endfacet
  facet normal 0 0 1
    outer loop
      vertex 33.9 -17.1315 125
      vertex 45 -17.1315 125
      vertex 65.3888 53.9343 125
    endloop
  endfacet
  facet normal 0 0 1
    outer loop
      vertex 33.9 -47.1315 125
      vertex 33.9 -62.1657 125
      vertex 45 -47.1315 125
    endloop
  endfacet
  facet normal 0 0 1
    outer loop
      vertex 33.9 -62.1657 125
      vertex 65.3888 -62.1657 125
      vertex 45 -47.1315 125
    endloop
  endfacet
  facet normal 0 0 1
    outer loop
      vertex 45 -47.1315 125
      vertex 65.3888 -62.1657 125
      vertex 45 -17.1315 125
    endloop
  endfacet
  facet normal 0 0 1
    outer loop
      vertex -45 -17.1315 125
      vertex 1.04083e-14 -17.1315 125
      vertex 1.38778e-14 53.9343 125
    endloop
  endfacet
  facet normal 0 0 1
    outer loop
      vertex 1.04083e-14 -17.1315 125
      vertex 33.9 -17.1315 125
      vertex 1.38778e-14 53.9343 125
    endloop
  endfacet
  facet normal 0 0 1
    outer loop
      vertex 1.38778e-14 53.9343 125
      vertex 33.9 -17.1315 125
      vertex 33.9 53.9343 125
    endloop
  endfacet
  facet normal 0 0 1
    outer loop
      vertex 33.9 -17.1315 125
      vertex 65.3888 53.9343 125
      vertex 33.9 53.9343 125
    endloop
  endfacet
  facet normal 0 0 1
    outer loop
      vertex 86.4948 127.857 125
      vertex 86.5526 127.892 125
      vertex 85.9384 130 125
    endloop
  endfacet
  facet normal 0 0 1
    outer loop
      vertex 86.5526 127.892 125
      vertex 86.6119 127.925 125
      vertex 85.9384 130 125
    endloop
  endfacet
  facet normal 0 0 1
    outer loop
      vertex 85.9384 130 125
      vertex 86.6119 127.925 125
      vertex 86.6725 127.955 125
    endloop
  endfacet
  facet normal 0 0 1
    outer loop
      vertex 87.9826 127.955 125
      vertex 88.0433 127.925 125
      vertex 90 130 125
    endloop
  endfacet
  facet normal 0 0 1
    outer loop
      vertex 88.0433 127.925 125
      vertex 88.1026 127.892 125
      vertex 90 130 125
    endloop
  endfacet
  facet normal 0 0 1
    outer loop
      vertex 90 130 125
      vertex 88.1026 127.892 125
      vertex 88.1604 127.857 125
    endloop
  endfacet
  facet normal 0 0 1
    outer loop
      vertex 85.9853 127.325 125
      vertex 86.0203 127.383 125
      vertex 85.9384 130 125
    endloop
  endfacet
  facet normal 0 0 1
    outer loop
      vertex 86.0203 127.383 125
      vertex 86.0579 127.439 125
      vertex 85.9384 130 125
    endloop
  endfacet
  facet normal 0 0 1
    outer loop
      vertex 85.9384 130 125
      vertex 87.26 128.099 125
      vertex 87.3276 128.1 125
    endloop
  endfacet
  facet normal 0 0 1
    outer loop
      vertex 88.4236 125.454 125
      vertex 88.3747 125.407 125
      vertex 90 53.9343 125
    endloop
  endfacet
  facet normal 0 0 1
    outer loop
      vertex 88.3747 125.407 125
      vertex 88.3239 125.363 125
      vertex 90 53.9343 125
    endloop
  endfacet
  facet normal 0 0 1
    outer loop
      vertex 90 53.9343 125
      vertex 88.3239 125.363 125
      vertex 88.2712 125.32 125
    endloop
  endfacet
  facet normal 0 0 1
    outer loop
      vertex 88.2712 125.32 125
      vertex 88.2166 125.28 125
      vertex 90 53.9343 125
    endloop
  endfacet
  facet normal 0 0 1
    outer loop
      vertex 88.2166 125.28 125
      vertex 88.1604 125.243 125
      vertex 90 53.9343 125
    endloop
  endfacet
  facet normal 0 0 1
    outer loop
      vertex 90 53.9343 125
      vertex 88.1604 125.243 125
      vertex 88.1026 125.208 125
    endloop
  endfacet
  facet normal 0 0 1
    outer loop
      vertex 88.1026 125.208 125
      vertex 88.0433 125.175 125
      vertex 90 53.9343 125
    endloop
  endfacet
  facet normal 0 0 1
    outer loop
      vertex 88.0433 125.175 125
      vertex 87.9826 125.145 125
      vertex 90 53.9343 125
    endloop
  endfacet
  facet normal 0 0 1
    outer loop
      vertex 90 53.9343 125
      vertex 87.9826 125.145 125
      vertex 87.9207 125.118 125
    endloop
  endfacet
  facet normal 0 0 1
    outer loop
      vertex 86.5526 125.208 125
      vertex 85.9384 53.9343 125
      vertex 86.6119 125.175 125
    endloop
  endfacet
  facet normal 0 0 1
    outer loop
      vertex 85.9384 53.9343 125
      vertex 86.6725 125.145 125
      vertex 86.6119 125.175 125
    endloop
  endfacet
  facet normal 0 0 1
    outer loop
      vertex 86.0579 127.439 125
      vertex 86.0979 127.494 125
      vertex 85.9384 130 125
    endloop
  endfacet
  facet normal 0 0 1
    outer loop
      vertex 86.0979 127.494 125
      vertex 86.1402 127.546 125
      vertex 85.9384 130 125
    endloop
  endfacet
  facet normal 0 0 1
    outer loop
      vertex 85.9384 130 125
      vertex 86.1402 127.546 125
      vertex 86.1848 127.597 125
    endloop
  endfacet
  facet normal 0 0 1
    outer loop
      vertex 86.6725 127.955 125
      vertex 86.7344 127.982 125
      vertex 85.9384 130 125
    endloop
  endfacet
  facet normal 0 0 1
    outer loop
      vertex 86.7344 127.982 125
      vertex 86.7975 128.007 125
      vertex 85.9384 130 125
    endloop
  endfacet
  facet normal 0 0 1
    outer loop
      vertex 85.9384 130 125
      vertex 86.7975 128.007 125
      vertex 86.8615 128.028 125
    endloop
  endfacet
  facet normal 0 0 1
    outer loop
      vertex 86.8615 128.028 125
      vertex 86.9264 128.047 125
      vertex 85.9384 130 125
    endloop
  endfacet
  facet normal 0 0 1
    outer loop
      vertex 86.9264 128.047 125
      vertex 86.9921 128.063 125
      vertex 85.9384 130 125
    endloop
  endfacet
  facet normal 0 0 1
    outer loop
      vertex 85.9384 130 125
      vertex 86.9921 128.063 125
      vertex 87.0584 128.076 125
    endloop
  endfacet
  facet normal 0 0 1
    outer loop
      vertex 86.8615 125.072 125
      vertex 86.7975 125.093 125
      vertex 85.9384 53.9343 125
    endloop
  endfacet
  facet normal 0 0 1
    outer loop
      vertex 86.7975 125.093 125
      vertex 86.7344 125.118 125
      vertex 85.9384 53.9343 125
    endloop
  endfacet
  facet normal 0 0 1
    outer loop
      vertex 85.9384 53.9343 125
      vertex 86.7344 125.118 125
      vertex 86.6725 125.145 125
    endloop
  endfacet
  facet normal 0 0 1
    outer loop
      vertex 86.2316 125.454 125
      vertex 86.1848 125.503 125
      vertex 85.9384 53.9343 125
    endloop
  endfacet
  facet normal 0 0 1
    outer loop
      vertex 86.1848 125.503 125
      vertex 86.1402 125.554 125
      vertex 85.9384 53.9343 125
    endloop
  endfacet
  facet normal 0 0 1
    outer loop
      vertex 86.1402 125.554 125
      vertex 86.0979 125.606 125
      vertex 85.9384 53.9343 125
    endloop
  endfacet
  facet normal 0 0 1
    outer loop
      vertex 86.0979 125.606 125
      vertex 86.0579 125.661 125
      vertex 85.9384 53.9343 125
    endloop
  endfacet
  facet normal 0 0 1
    outer loop
      vertex 85.9384 53.9343 125
      vertex 86.0579 125.661 125
      vertex 86.0203 125.717 125
    endloop
  endfacet
  facet normal 0 0 1
    outer loop
      vertex 87.0584 128.076 125
      vertex 87.1253 128.087 125
      vertex 85.9384 130 125
    endloop
  endfacet
  facet normal 0 0 1
    outer loop
      vertex 87.1253 128.087 125
      vertex 87.1925 128.094 125
      vertex 85.9384 130 125
    endloop
  endfacet
  facet normal 0 0 1
    outer loop
      vertex 85.9384 130 125
      vertex 87.1925 128.094 125
      vertex 87.26 128.099 125
    endloop
  endfacet
  facet normal 0 0 1
    outer loop
      vertex 87.5967 128.076 125
      vertex 87.6631 128.063 125
      vertex 90 130 125
    endloop
  endfacet
  facet normal 0 0 1
    outer loop
      vertex 87.6631 128.063 125
      vertex 87.7288 128.047 125
      vertex 90 130 125
    endloop
  endfacet
  facet normal 0 0 1
    outer loop
      vertex 90 130 125
      vertex 87.7288 128.047 125
      vertex 87.7937 128.028 125
    endloop
  endfacet
  facet normal 0 0 1
    outer loop
      vertex 87.7937 128.028 125
      vertex 87.8577 128.007 125
      vertex 90 130 125
    endloop
  endfacet
  facet normal 0 0 1
    outer loop
      vertex 87.8577 128.007 125
      vertex 87.9207 127.982 125
      vertex 90 130 125
    endloop
  endfacet
  facet normal 0 0 1
    outer loop
      vertex 90 130 125
      vertex 87.9207 127.982 125
      vertex 87.9826 127.955 125
    endloop
  endfacet
  facet normal 0 0 1
    outer loop
      vertex 88.5573 127.494 125
      vertex 90 130 125
      vertex 88.515 127.546 125
    endloop
  endfacet
  facet normal 0 0 1
    outer loop
      vertex 90 130 125
      vertex 88.4704 127.597 125
      vertex 88.515 127.546 125
    endloop
  endfacet
  facet normal 0 0 1
    outer loop
      vertex 88.5573 127.494 125
      vertex 88.5973 127.439 125
      vertex 90 130 125
    endloop
  endfacet
  facet normal 0 0 1
    outer loop
      vertex 88.5973 127.439 125
      vertex 88.6348 127.383 125
      vertex 90 130 125
    endloop
  endfacet
  facet normal 0 0 1
    outer loop
      vertex 90 130 125
      vertex 88.6348 127.383 125
      vertex 88.6699 127.325 125
    endloop
  endfacet
  facet normal 0 0 1
    outer loop
      vertex 88.6699 127.325 125
      vertex 88.7025 127.266 125
      vertex 90 130 125
    endloop
  endfacet
  facet normal 0 0 1
    outer loop
      vertex 88.7025 127.266 125
      vertex 88.7324 127.205 125
      vertex 90 130 125
    endloop
  endfacet
  facet normal 0 0 1
    outer loop
      vertex 90 130 125
      vertex 88.7324 127.205 125
      vertex 88.7596 127.143 125
    endloop
  endfacet
  facet normal 0 0 1
    outer loop
      vertex 88.7596 127.143 125
      vertex 88.7841 127.08 125
      vertex 90 130 125
    endloop
  endfacet
  facet normal 0 0 1
    outer loop
      vertex 88.7841 127.08 125
      vertex 88.8058 127.016 125
      vertex 90 130 125
    endloop
  endfacet
  facet normal 0 0 1
    outer loop
      vertex 90 130 125
      vertex 88.8058 127.016 125
      vertex 88.8248 126.951 125
    endloop
  endfacet
  facet normal 0 0 1
    outer loop
      vertex 88.8248 126.951 125
      vertex 88.8408 126.885 125
      vertex 90 130 125
    endloop
  endfacet
  facet normal 0 0 1
    outer loop
      vertex 88.8408 126.885 125
      vertex 88.854 126.819 125
      vertex 90 130 125
    endloop
  endfacet
  facet normal 0 0 1
    outer loop
      vertex 90 130 125
      vertex 88.854 126.819 125
      vertex 88.8643 126.752 125
    endloop
  endfacet
  facet normal 0 0 1
    outer loop
      vertex 86.5526 125.208 125
      vertex 86.4948 125.243 125
      vertex 85.9384 53.9343 125
    endloop
  endfacet
  facet normal 0 0 1
    outer loop
      vertex 86.4948 125.243 125
      vertex 86.4385 125.28 125
      vertex 85.9384 53.9343 125
    endloop
  endfacet
  facet normal 0 0 1
    outer loop
      vertex 85.9384 53.9343 125
      vertex 86.4385 125.28 125
      vertex 86.384 125.32 125
    endloop
  endfacet
  facet normal 0 0 1
    outer loop
      vertex 87.5299 125.013 125
      vertex 87.4627 125.006 125
      vertex 90 53.9343 125
    endloop
  endfacet
  facet normal 0 0 1
    outer loop
      vertex 87.4627 125.006 125
      vertex 87.3952 125.001 125
      vertex 90 53.9343 125
    endloop
  endfacet
  facet normal 0 0 1
    outer loop
      vertex 90 53.9343 125
      vertex 87.3952 125.001 125
      vertex 85.9384 53.9343 125
    endloop
  endfacet
  facet normal 0 0 1
    outer loop
      vertex 87.3952 125.001 125
      vertex 87.3276 125 125
      vertex 85.9384 53.9343 125
    endloop
  endfacet
  facet normal 0 0 1
    outer loop
      vertex 85.9384 53.9343 125
      vertex 87.3276 125 125
      vertex 87.26 125.001 125
    endloop
  endfacet
  facet normal 0 0 1
    outer loop
      vertex 87.26 125.001 125
      vertex 87.1925 125.006 125
      vertex 85.9384 53.9343 125
    endloop
  endfacet
  facet normal 0 0 1
    outer loop
      vertex 87.1925 125.006 125
      vertex 87.1253 125.013 125
      vertex 85.9384 53.9343 125
    endloop
  endfacet
  facet normal 0 0 1
    outer loop
      vertex 85.9384 53.9343 125
      vertex 87.1253 125.013 125
      vertex 87.0584 125.024 125
    endloop
  endfacet
  facet normal 0 0 1
    outer loop
      vertex 87.0584 125.024 125
      vertex 86.9921 125.037 125
      vertex 85.9384 53.9343 125
    endloop
  endfacet
  facet normal 0 0 1
    outer loop
      vertex 86.9921 125.037 125
      vertex 86.9264 125.053 125
      vertex 85.9384 53.9343 125
    endloop
  endfacet
  facet normal 0 0 1
    outer loop
      vertex 85.9384 53.9343 125
      vertex 86.9264 125.053 125
      vertex 86.8615 125.072 125
    endloop
  endfacet
  facet normal 0 0 1
    outer loop
      vertex 86.384 125.32 125
      vertex 86.3313 125.363 125
      vertex 85.9384 53.9343 125
    endloop
  endfacet
  facet normal 0 0 1
    outer loop
      vertex 86.3313 125.363 125
      vertex 86.2804 125.407 125
      vertex 85.9384 53.9343 125
    endloop
  endfacet
  facet normal 0 0 1
    outer loop
      vertex 85.9384 53.9343 125
      vertex 86.2804 125.407 125
      vertex 86.2316 125.454 125
    endloop
  endfacet
  facet normal 0 0 1
    outer loop
      vertex 87.3276 128.1 125
      vertex 87.3952 128.099 125
      vertex 85.9384 130 125
    endloop
  endfacet
  facet normal 0 0 1
    outer loop
      vertex 87.3952 128.099 125
      vertex 87.4627 128.094 125
      vertex 85.9384 130 125
    endloop
  endfacet
  facet normal 0 0 1
    outer loop
      vertex 85.9384 130 125
      vertex 87.4627 128.094 125
      vertex 90 130 125
    endloop
  endfacet
  facet normal 0 0 1
    outer loop
      vertex 87.4627 128.094 125
      vertex 87.5299 128.087 125
      vertex 90 130 125
    endloop
  endfacet
  facet normal 0 0 1
    outer loop
      vertex 90 130 125
      vertex 87.5299 128.087 125
      vertex 87.5967 128.076 125
    endloop
  endfacet
  facet normal 0 0 1
    outer loop
      vertex 88.8643 126.752 125
      vertex 88.8717 126.685 125
      vertex 90 130 125
    endloop
  endfacet
  facet normal 0 0 1
    outer loop
      vertex 88.8717 126.685 125
      vertex 88.8761 126.618 125
      vertex 90 130 125
    endloop
  endfacet
  facet normal 0 0 1
    outer loop
      vertex 90 130 125
      vertex 88.8761 126.618 125
      vertex 88.8776 126.55 125
    endloop
  endfacet
  facet normal 0 0 1
    outer loop
      vertex 86.1848 127.597 125
      vertex 86.2316 127.646 125
      vertex 85.9384 130 125
    endloop
  endfacet
  facet normal 0 0 1
    outer loop
      vertex 86.2316 127.646 125
      vertex 86.2804 127.693 125
      vertex 85.9384 130 125
    endloop
  endfacet
  facet normal 0 0 1
    outer loop
      vertex 85.9384 130 125
      vertex 86.2804 127.693 125
      vertex 86.3313 127.737 125
    endloop
  endfacet
  facet normal 0 0 1
    outer loop
      vertex 86.3313 127.737 125
      vertex 86.384 127.78 125
      vertex 85.9384 130 125
    endloop
  endfacet
  facet normal 0 0 1
    outer loop
      vertex 86.384 127.78 125
      vertex 86.4385 127.82 125
      vertex 85.9384 130 125
    endloop
  endfacet
  facet normal 0 0 1
    outer loop
      vertex 85.9384 130 125
      vertex 86.4385 127.82 125
      vertex 86.4948 127.857 125
    endloop
  endfacet
  facet normal 0 0 1
    outer loop
      vertex 88.1604 127.857 125
      vertex 88.2166 127.82 125
      vertex 90 130 125
    endloop
  endfacet
  facet normal 0 0 1
    outer loop
      vertex 88.2166 127.82 125
      vertex 88.2712 127.78 125
      vertex 90 130 125
    endloop
  endfacet
  facet normal 0 0 1
    outer loop
      vertex 90 130 125
      vertex 88.2712 127.78 125
      vertex 88.3239 127.737 125
    endloop
  endfacet
  facet normal 0 0 1
    outer loop
      vertex 88.3239 127.737 125
      vertex 88.3747 127.693 125
      vertex 90 130 125
    endloop
  endfacet
  facet normal 0 0 1
    outer loop
      vertex 88.3747 127.693 125
      vertex 88.4236 127.646 125
      vertex 90 130 125
    endloop
  endfacet
  facet normal 0 0 1
    outer loop
      vertex 90 130 125
      vertex 88.4236 127.646 125
      vertex 88.4704 127.597 125
    endloop
  endfacet
  facet normal 0 0 1
    outer loop
      vertex 88.854 126.281 125
      vertex 88.8408 126.215 125
      vertex 90 53.9343 125
    endloop
  endfacet
  facet normal 0 0 1
    outer loop
      vertex 90 53.9343 125
      vertex 88.7025 125.834 125
      vertex 88.6699 125.775 125
    endloop
  endfacet
  facet normal 0 0 1
    outer loop
      vertex 88.6699 125.775 125
      vertex 88.6348 125.717 125
      vertex 90 53.9343 125
    endloop
  endfacet
  facet normal 0 0 1
    outer loop
      vertex 88.6348 125.717 125
      vertex 88.5973 125.661 125
      vertex 90 53.9343 125
    endloop
  endfacet
  facet normal 0 0 1
    outer loop
      vertex 90 53.9343 125
      vertex 88.5973 125.661 125
      vertex 88.5573 125.606 125
    endloop
  endfacet
  facet normal 0 0 1
    outer loop
      vertex 87.9207 125.118 125
      vertex 87.8577 125.093 125
      vertex 90 53.9343 125
    endloop
  endfacet
  facet normal 0 0 1
    outer loop
      vertex 87.8577 125.093 125
      vertex 87.7937 125.072 125
      vertex 90 53.9343 125
    endloop
  endfacet
  facet normal 0 0 1
    outer loop
      vertex 90 53.9343 125
      vertex 87.7937 125.072 125
      vertex 87.7288 125.053 125
    endloop
  endfacet
  facet normal 0 0 1
    outer loop
      vertex 87.7288 125.053 125
      vertex 87.6631 125.037 125
      vertex 90 53.9343 125
    endloop
  endfacet
  facet normal 0 0 1
    outer loop
      vertex 87.6631 125.037 125
      vertex 87.5967 125.024 125
      vertex 90 53.9343 125
    endloop
  endfacet
  facet normal 0 0 1
    outer loop
      vertex 90 53.9343 125
      vertex 87.5967 125.024 125
      vertex 87.5299 125.013 125
    endloop
  endfacet
  facet normal 0 0 1
    outer loop
      vertex 88.8408 126.215 125
      vertex 88.8248 126.149 125
      vertex 90 53.9343 125
    endloop
  endfacet
  facet normal 0 0 1
    outer loop
      vertex 88.8248 126.149 125
      vertex 88.8058 126.084 125
      vertex 90 53.9343 125
    endloop
  endfacet
  facet normal 0 0 1
    outer loop
      vertex 90 53.9343 125
      vertex 88.8058 126.084 125
      vertex 88.7841 126.02 125
    endloop
  endfacet
  facet normal 0 0 1
    outer loop
      vertex 88.7841 126.02 125
      vertex 88.7596 125.957 125
      vertex 90 53.9343 125
    endloop
  endfacet
  facet normal 0 0 1
    outer loop
      vertex 88.7596 125.957 125
      vertex 88.7324 125.895 125
      vertex 90 53.9343 125
    endloop
  endfacet
  facet normal 0 0 1
    outer loop
      vertex 90 53.9343 125
      vertex 88.7324 125.895 125
      vertex 88.7025 125.834 125
    endloop
  endfacet
  facet normal 0 0 1
    outer loop
      vertex 88.5573 125.606 125
      vertex 88.515 125.554 125
      vertex 90 53.9343 125
    endloop
  endfacet
  facet normal 0 0 1
    outer loop
      vertex 88.515 125.554 125
      vertex 88.4704 125.503 125
      vertex 90 53.9343 125
    endloop
  endfacet
  facet normal 0 0 1
    outer loop
      vertex 90 53.9343 125
      vertex 88.4704 125.503 125
      vertex 88.4236 125.454 125
    endloop
  endfacet
  facet normal 0 0 1
    outer loop
      vertex 88.8776 126.55 125
      vertex 88.8761 126.482 125
      vertex 90 130 125
    endloop
  endfacet
  facet normal 0 0 1
    outer loop
      vertex 88.8761 126.482 125
      vertex 88.8717 126.415 125
      vertex 90 130 125
    endloop
  endfacet
  facet normal 0 0 1
    outer loop
      vertex 90 130 125
      vertex 88.8717 126.415 125
      vertex 90 53.9343 125
    endloop
  endfacet
  facet normal 0 0 1
    outer loop
      vertex 88.8717 126.415 125
      vertex 88.8643 126.348 125
      vertex 90 53.9343 125
    endloop
  endfacet
  facet normal 0 0 1
    outer loop
      vertex 90 53.9343 125
      vertex 88.8643 126.348 125
      vertex 88.854 126.281 125
    endloop
  endfacet
  facet normal 0 0 1
    outer loop
      vertex 65.3888 130 125
      vertex 85.7909 126.348 125
      vertex 85.7835 126.415 125
    endloop
  endfacet
  facet normal 0 0 1
    outer loop
      vertex 86.0203 125.717 125
      vertex 85.9853 125.775 125
      vertex 85.9384 53.9343 125
    endloop
  endfacet
  facet normal 0 0 1
    outer loop
      vertex 85.9853 125.775 125
      vertex 85.9527 125.834 125
      vertex 85.9384 53.9343 125
    endloop
  endfacet
  facet normal 0 0 1
    outer loop
      vertex 85.9384 53.9343 125
      vertex 85.9527 125.834 125
      vertex 65.3888 53.9343 125
    endloop
  endfacet
  facet normal 0 0 1
    outer loop
      vertex 85.9527 125.834 125
      vertex 85.9228 125.895 125
      vertex 65.3888 130 125
    endloop
  endfacet
  facet normal 0 0 1
    outer loop
      vertex 85.9228 125.895 125
      vertex 85.8956 125.957 125
      vertex 65.3888 130 125
    endloop
  endfacet
  facet normal 0 0 1
    outer loop
      vertex 85.8956 125.957 125
      vertex 85.8711 126.02 125
      vertex 65.3888 130 125
    endloop
  endfacet
  facet normal 0 0 1
    outer loop
      vertex 85.8711 126.02 125
      vertex 85.8493 126.084 125
      vertex 65.3888 130 125
    endloop
  endfacet
  facet normal 0 0 1
    outer loop
      vertex 65.3888 130 125
      vertex 85.8493 126.084 125
      vertex 85.8304 126.149 125
    endloop
  endfacet
  facet normal 0 0 1
    outer loop
      vertex 85.7835 126.415 125
      vertex 85.7791 126.482 125
      vertex 65.3888 130 125
    endloop
  endfacet
  facet normal 0 0 1
    outer loop
      vertex 85.7791 126.482 125
      vertex 85.7776 126.55 125
      vertex 65.3888 130 125
    endloop
  endfacet
  facet normal 0 0 1
    outer loop
      vertex 65.3888 130 125
      vertex 85.7776 126.55 125
      vertex 85.7791 126.618 125
    endloop
  endfacet
  facet normal 0 0 1
    outer loop
      vertex 85.8304 126.149 125
      vertex 85.8143 126.215 125
      vertex 65.3888 130 125
    endloop
  endfacet
  facet normal 0 0 1
    outer loop
      vertex 85.8143 126.215 125
      vertex 85.8011 126.281 125
      vertex 65.3888 130 125
    endloop
  endfacet
  facet normal 0 0 1
    outer loop
      vertex 65.3888 130 125
      vertex 85.8011 126.281 125
      vertex 85.7909 126.348 125
    endloop
  endfacet
  facet normal 0 0 1
    outer loop
      vertex 85.8011 126.819 125
      vertex 85.8143 126.885 125
      vertex 65.3888 130 125
    endloop
  endfacet
  facet normal 0 0 1
    outer loop
      vertex 85.8711 127.08 125
      vertex 85.8956 127.143 125
      vertex 65.3888 130 125
    endloop
  endfacet
  facet normal 0 0 1
    outer loop
      vertex 85.8956 127.143 125
      vertex 85.9228 127.205 125
      vertex 65.3888 130 125
    endloop
  endfacet
  facet normal 0 0 1
    outer loop
      vertex 65.3888 130 125
      vertex 85.9228 127.205 125
      vertex 85.9384 130 125
    endloop
  endfacet
  facet normal 0 0 1
    outer loop
      vertex 85.9228 127.205 125
      vertex 85.9527 127.266 125
      vertex 85.9384 130 125
    endloop
  endfacet
  facet normal 0 0 1
    outer loop
      vertex 85.9384 130 125
      vertex 85.9527 127.266 125
      vertex 85.9853 127.325 125
    endloop
  endfacet
  facet normal 0 0 1
    outer loop
      vertex 85.8143 126.885 125
      vertex 85.8304 126.951 125
      vertex 65.3888 130 125
    endloop
  endfacet
  facet normal 0 0 1
    outer loop
      vertex 85.8304 126.951 125
      vertex 85.8493 127.016 125
      vertex 65.3888 130 125
    endloop
  endfacet
  facet normal 0 0 1
    outer loop
      vertex 65.3888 130 125
      vertex 85.8493 127.016 125
      vertex 85.8711 127.08 125
    endloop
  endfacet
  facet normal 0 0 1
    outer loop
      vertex 85.7791 126.618 125
      vertex 85.7835 126.685 125
      vertex 65.3888 130 125
    endloop
  endfacet
  facet normal 0 0 1
    outer loop
      vertex 85.7835 126.685 125
      vertex 85.7909 126.752 125
      vertex 65.3888 130 125
    endloop
  endfacet
  facet normal 0 0 1
    outer loop
      vertex 65.3888 130 125
      vertex 85.7909 126.752 125
      vertex 85.8011 126.819 125
    endloop
  endfacet
  facet normal 0 0 1
    outer loop
      vertex -86.066 127.08 125
      vertex -86.0443 127.016 125
      vertex -65.4863 130 125
    endloop
  endfacet
  facet normal 0 0 1
    outer loop
      vertex -86.4265 127.646 125
      vertex -86.3798 127.597 125
      vertex -65.4863 130 125
    endloop
  endfacet
  facet normal 0 0 1
    outer loop
      vertex -86.0443 127.016 125
      vertex -86.0254 126.951 125
      vertex -65.4863 130 125
    endloop
  endfacet
  facet normal 0 0 1
    outer loop
      vertex -86.0254 126.951 125
      vertex -86.0093 126.885 125
      vertex -65.4863 130 125
    endloop
  endfacet
  facet normal 0 0 1
    outer loop
      vertex -65.4863 130 125
      vertex -86.0093 126.885 125
      vertex -85.9961 126.819 125
    endloop
  endfacet
  facet normal 0 0 1
    outer loop
      vertex -85.9961 126.819 125
      vertex -85.9858 126.752 125
      vertex -65.4863 130 125
    endloop
  endfacet
  facet normal 0 0 1
    outer loop
      vertex -85.9858 126.752 125
      vertex -85.9785 126.685 125
      vertex -65.4863 130 125
    endloop
  endfacet
  facet normal 0 0 1
    outer loop
      vertex -65.4863 130 125
      vertex -85.9785 126.685 125
      vertex -85.974 126.618 125
    endloop
  endfacet
  facet normal 0 0 1
    outer loop
      vertex -86.5262 125.363 125
      vertex -86.579 125.32 125
      vertex -65.4863 53.9343 125
    endloop
  endfacet
  facet normal 0 0 1
    outer loop
      vertex -86.579 125.32 125
      vertex -86.6335 125.28 125
      vertex -65.4863 53.9343 125
    endloop
  endfacet
  facet normal 0 0 1
    outer loop
      vertex -65.4863 53.9343 125
      vertex -86.6335 125.28 125
      vertex -86.6897 125.243 125
    endloop
  endfacet
  facet normal 0 0 1
    outer loop
      vertex -86.6897 125.243 125
      vertex -86.7476 125.208 125
      vertex -65.4863 53.9343 125
    endloop
  endfacet
  facet normal 0 0 1
    outer loop
      vertex -86.7476 125.208 125
      vertex -86.8068 125.175 125
      vertex -65.4863 53.9343 125
    endloop
  endfacet
  facet normal 0 0 1
    outer loop
      vertex -65.4863 53.9343 125
      vertex -86.8068 125.175 125
      vertex -86.8675 125.145 125
    endloop
  endfacet
  facet normal 0 0 1
    outer loop
      vertex -86.9924 128.007 125
      vertex -86.9294 127.982 125
      vertex -65.4863 130 125
    endloop
  endfacet
  facet normal 0 0 1
    outer loop
      vertex -86.9294 127.982 125
      vertex -86.8675 127.955 125
      vertex -65.4863 130 125
    endloop
  endfacet
  facet normal 0 0 1
    outer loop
      vertex -65.4863 130 125
      vertex -86.8675 127.955 125
      vertex -86.8068 127.925 125
    endloop
  endfacet
  facet normal 0 0 1
    outer loop
      vertex -86.4265 127.646 125
      vertex -65.4863 130 125
      vertex -86.4754 127.693 125
    endloop
  endfacet
  facet normal 0 0 1
    outer loop
      vertex -86.3798 127.597 125
      vertex -86.3352 127.546 125
      vertex -65.4863 130 125
    endloop
  endfacet
  facet normal 0 0 1
    outer loop
      vertex -86.3352 127.546 125
      vertex -86.2929 127.494 125
      vertex -65.4863 130 125
    endloop
  endfacet
  facet normal 0 0 1
    outer loop
      vertex -65.4863 130 125
      vertex -86.2929 127.494 125
      vertex -86.2529 127.439 125
    endloop
  endfacet
  facet normal 0 0 1
    outer loop
      vertex -86.2529 127.439 125
      vertex -86.2153 127.383 125
      vertex -65.4863 130 125
    endloop
  endfacet
  facet normal 0 0 1
    outer loop
      vertex -86.2153 127.383 125
      vertex -86.1802 127.325 125
      vertex -65.4863 130 125
    endloop
  endfacet
  facet normal 0 0 1
    outer loop
      vertex -65.4863 130 125
      vertex -86.1802 127.325 125
      vertex -86.1477 127.266 125
    endloop
  endfacet
  facet normal 0 0 1
    outer loop
      vertex -86.1477 127.266 125
      vertex -86.1178 127.205 125
      vertex -65.4863 130 125
    endloop
  endfacet
  facet normal 0 0 1
    outer loop
      vertex -86.1178 127.205 125
      vertex -86.0905 127.143 125
      vertex -65.4863 130 125
    endloop
  endfacet
  facet normal 0 0 1
    outer loop
      vertex -65.4863 130 125
      vertex -86.0905 127.143 125
      vertex -86.066 127.08 125
    endloop
  endfacet
  facet normal 0 0 1
    outer loop
      vertex -85.974 126.618 125
      vertex -85.9726 126.55 125
      vertex -65.4863 130 125
    endloop
  endfacet
  facet normal 0 0 1
    outer loop
      vertex -85.9726 126.55 125
      vertex -85.974 126.482 125
      vertex -65.4863 130 125
    endloop
  endfacet
  facet normal 0 0 1
    outer loop
      vertex -65.4863 130 125
      vertex -85.974 126.482 125
      vertex -85.9785 126.415 125
    endloop
  endfacet
  facet normal 0 0 1
    outer loop
      vertex -88.2976 125.208 125
      vertex -89.5363 53.9343 125
      vertex -88.2383 125.175 125
    endloop
  endfacet
  facet normal 0 0 1
    outer loop
      vertex -89.5363 53.9343 125
      vertex -88.1776 125.145 125
      vertex -88.2383 125.175 125
    endloop
  endfacet
  facet normal 0 0 1
    outer loop
      vertex -88.3554 127.857 125
      vertex -88.2976 127.892 125
      vertex -89.5363 130 125
    endloop
  endfacet
  facet normal 0 0 1
    outer loop
      vertex -88.2976 127.892 125
      vertex -88.2383 127.925 125
      vertex -89.5363 130 125
    endloop
  endfacet
  facet normal 0 0 1
    outer loop
      vertex -89.5363 130 125
      vertex -88.2383 127.925 125
      vertex -88.1776 127.955 125
    endloop
  endfacet
  facet normal 0 0 1
    outer loop
      vertex -87.1871 128.063 125
      vertex -87.1214 128.047 125
      vertex -89.5363 130 125
    endloop
  endfacet
  facet normal 0 0 1
    outer loop
      vertex -86.1802 125.775 125
      vertex -86.2153 125.717 125
      vertex -65.4863 53.9343 125
    endloop
  endfacet
  facet normal 0 0 1
    outer loop
      vertex -86.2153 125.717 125
      vertex -86.2529 125.661 125
      vertex -65.4863 53.9343 125
    endloop
  endfacet
  facet normal 0 0 1
    outer loop
      vertex -87.9887 125.072 125
      vertex -88.0527 125.093 125
      vertex -89.5363 53.9343 125
    endloop
  endfacet
  facet normal 0 0 1
    outer loop
      vertex -88.0527 125.093 125
      vertex -88.1157 125.118 125
      vertex -89.5363 53.9343 125
    endloop
  endfacet
  facet normal 0 0 1
    outer loop
      vertex -89.5363 53.9343 125
      vertex -88.1157 125.118 125
      vertex -88.1776 125.145 125
    endloop
  endfacet
  facet normal 0 0 1
    outer loop
      vertex -88.1776 127.955 125
      vertex -88.1157 127.982 125
      vertex -89.5363 130 125
    endloop
  endfacet
  facet normal 0 0 1
    outer loop
      vertex -88.1157 127.982 125
      vertex -88.0527 128.007 125
      vertex -89.5363 130 125
    endloop
  endfacet
  facet normal 0 0 1
    outer loop
      vertex -89.5363 130 125
      vertex -88.0527 128.007 125
      vertex -87.9887 128.028 125
    endloop
  endfacet
  facet normal 0 0 1
    outer loop
      vertex -87.9887 128.028 125
      vertex -87.9237 128.047 125
      vertex -89.5363 130 125
    endloop
  endfacet
  facet normal 0 0 1
    outer loop
      vertex -87.9237 128.047 125
      vertex -87.858 128.063 125
      vertex -89.5363 130 125
    endloop
  endfacet
  facet normal 0 0 1
    outer loop
      vertex -89.5363 130 125
      vertex -87.858 128.063 125
      vertex -87.7917 128.076 125
    endloop
  endfacet
  facet normal 0 0 1
    outer loop
      vertex -86.8068 127.925 125
      vertex -86.7476 127.892 125
      vertex -65.4863 130 125
    endloop
  endfacet
  facet normal 0 0 1
    outer loop
      vertex -86.7476 127.892 125
      vertex -86.6897 127.857 125
      vertex -65.4863 130 125
    endloop
  endfacet
  facet normal 0 0 1
    outer loop
      vertex -65.4863 130 125
      vertex -86.6897 127.857 125
      vertex -86.6335 127.82 125
    endloop
  endfacet
  facet normal 0 0 1
    outer loop
      vertex -86.0093 126.215 125
      vertex -86.0254 126.149 125
      vertex -65.4863 130 125
    endloop
  endfacet
  facet normal 0 0 1
    outer loop
      vertex -86.0254 126.149 125
      vertex -86.0443 126.084 125
      vertex -65.4863 130 125
    endloop
  endfacet
  facet normal 0 0 1
    outer loop
      vertex -65.4863 130 125
      vertex -86.0443 126.084 125
      vertex -86.066 126.02 125
    endloop
  endfacet
  facet normal 0 0 1
    outer loop
      vertex -86.066 126.02 125
      vertex -86.0905 125.957 125
      vertex -65.4863 130 125
    endloop
  endfacet
  facet normal 0 0 1
    outer loop
      vertex -86.0905 125.957 125
      vertex -86.1178 125.895 125
      vertex -65.4863 130 125
    endloop
  endfacet
  facet normal 0 0 1
    outer loop
      vertex -65.4863 130 125
      vertex -86.1178 125.895 125
      vertex -86.1477 125.834 125
    endloop
  endfacet
  facet normal 0 0 1
    outer loop
      vertex 85.9527 125.834 125
      vertex 65.3888 130 125
      vertex 65.3888 53.9343 125
    endloop
  endfacet
  facet normal 0 0 1
    outer loop
      vertex 65.3888 130 125
      vertex 33.9 130 125
      vertex 65.3888 53.9343 125
    endloop
  endfacet
  facet normal 0 0 1
    outer loop
      vertex 65.3888 53.9343 125
      vertex 33.9 130 125
      vertex 33.9 53.9343 125
    endloop
  endfacet
  facet normal 0 0 1
    outer loop
      vertex 33.9 130 125
      vertex 1.04083e-14 130 125
      vertex 33.9 53.9343 125
    endloop
  endfacet
  facet normal 0 0 1
    outer loop
      vertex 33.9 53.9343 125
      vertex 1.04083e-14 130 125
      vertex 1.38778e-14 53.9343 125
    endloop
  endfacet
  facet normal 0 0 1
    outer loop
      vertex 1.04083e-14 130 125
      vertex -65.4863 130 125
      vertex 1.38778e-14 53.9343 125
    endloop
  endfacet
  facet normal 0 0 1
    outer loop
      vertex 1.38778e-14 53.9343 125
      vertex -65.4863 130 125
      vertex -65.4863 53.9343 125
    endloop
  endfacet
  facet normal 0 0 1
    outer loop
      vertex -65.4863 130 125
      vertex -86.1477 125.834 125
      vertex -65.4863 53.9343 125
    endloop
  endfacet
  facet normal 0 0 1
    outer loop
      vertex -65.4863 53.9343 125
      vertex -86.1477 125.834 125
      vertex -86.1802 125.775 125
    endloop
  endfacet
  facet normal 0 0 1
    outer loop
      vertex -86.2529 125.661 125
      vertex -86.2929 125.606 125
      vertex -65.4863 53.9343 125
    endloop
  endfacet
  facet normal 0 0 1
    outer loop
      vertex -86.2929 125.606 125
      vertex -86.3352 125.554 125
      vertex -65.4863 53.9343 125
    endloop
  endfacet
  facet normal 0 0 1
    outer loop
      vertex -65.4863 53.9343 125
      vertex -86.3352 125.554 125
      vertex -86.3798 125.503 125
    endloop
  endfacet
  facet normal 0 0 1
    outer loop
      vertex -86.3798 125.503 125
      vertex -86.4265 125.454 125
      vertex -65.4863 53.9343 125
    endloop
  endfacet
  facet normal 0 0 1
    outer loop
      vertex -86.4265 125.454 125
      vertex -86.4754 125.407 125
      vertex -65.4863 53.9343 125
    endloop
  endfacet
  facet normal 0 0 1
    outer loop
      vertex -65.4863 53.9343 125
      vertex -86.4754 125.407 125
      vertex -86.5262 125.363 125
    endloop
  endfacet
  facet normal 0 0 1
    outer loop
      vertex -87.5902 125.001 125
      vertex -89.5363 53.9343 125
      vertex -87.5226 125 125
    endloop
  endfacet
  facet normal 0 0 1
    outer loop
      vertex -89.5363 53.9343 125
      vertex -87.455 125.001 125
      vertex -87.5226 125 125
    endloop
  endfacet
  facet normal 0 0 1
    outer loop
      vertex -87.7917 128.076 125
      vertex -87.7249 128.087 125
      vertex -89.5363 130 125
    endloop
  endfacet
  facet normal 0 0 1
    outer loop
      vertex -87.7249 128.087 125
      vertex -87.6577 128.094 125
      vertex -89.5363 130 125
    endloop
  endfacet
  facet normal 0 0 1
    outer loop
      vertex -89.5363 130 125
      vertex -87.6577 128.094 125
      vertex -87.5902 128.099 125
    endloop
  endfacet
  facet normal 0 0 1
    outer loop
      vertex -87.5902 128.099 125
      vertex -87.5226 128.1 125
      vertex -89.5363 130 125
    endloop
  endfacet
  facet normal 0 0 1
    outer loop
      vertex -87.5226 128.1 125
      vertex -87.455 128.099 125
      vertex -89.5363 130 125
    endloop
  endfacet
  facet normal 0 0 1
    outer loop
      vertex -89.5363 130 125
      vertex -87.455 128.099 125
      vertex -87.3875 128.094 125
    endloop
  endfacet
  facet normal 0 0 1
    outer loop
      vertex -89.5363 130 125
      vertex -87.1214 128.047 125
      vertex -65.4863 130 125
    endloop
  endfacet
  facet normal 0 0 1
    outer loop
      vertex -87.1214 128.047 125
      vertex -87.0565 128.028 125
      vertex -65.4863 130 125
    endloop
  endfacet
  facet normal 0 0 1
    outer loop
      vertex -65.4863 130 125
      vertex -87.0565 128.028 125
      vertex -86.9924 128.007 125
    endloop
  endfacet
  facet normal 0 0 1
    outer loop
      vertex -86.6335 127.82 125
      vertex -86.579 127.78 125
      vertex -65.4863 130 125
    endloop
  endfacet
  facet normal 0 0 1
    outer loop
      vertex -86.579 127.78 125
      vertex -86.5262 127.737 125
      vertex -65.4863 130 125
    endloop
  endfacet
  facet normal 0 0 1
    outer loop
      vertex -65.4863 130 125
      vertex -86.5262 127.737 125
      vertex -86.4754 127.693 125
    endloop
  endfacet
  facet normal 0 0 1
    outer loop
      vertex -85.9785 126.415 125
      vertex -85.9858 126.348 125
      vertex -65.4863 130 125
    endloop
  endfacet
  facet normal 0 0 1
    outer loop
      vertex -85.9858 126.348 125
      vertex -85.9961 126.281 125
      vertex -65.4863 130 125
    endloop
  endfacet
  facet normal 0 0 1
    outer loop
      vertex -65.4863 130 125
      vertex -85.9961 126.281 125
      vertex -86.0093 126.215 125
    endloop
  endfacet
  facet normal 0 0 1
    outer loop
      vertex -87.5902 125.001 125
      vertex -87.6577 125.006 125
      vertex -89.5363 53.9343 125
    endloop
  endfacet
  facet normal 0 0 1
    outer loop
      vertex -87.6577 125.006 125
      vertex -87.7249 125.013 125
      vertex -89.5363 53.9343 125
    endloop
  endfacet
  facet normal 0 0 1
    outer loop
      vertex -89.5363 53.9343 125
      vertex -87.7249 125.013 125
      vertex -87.7917 125.024 125
    endloop
  endfacet
  facet normal 0 0 1
    outer loop
      vertex -87.7917 125.024 125
      vertex -87.858 125.037 125
      vertex -89.5363 53.9343 125
    endloop
  endfacet
  facet normal 0 0 1
    outer loop
      vertex -87.858 125.037 125
      vertex -87.9237 125.053 125
      vertex -89.5363 53.9343 125
    endloop
  endfacet
  facet normal 0 0 1
    outer loop
      vertex -89.5363 53.9343 125
      vertex -87.9237 125.053 125
      vertex -87.9887 125.072 125
    endloop
  endfacet
  facet normal 0 0 1
    outer loop
      vertex -88.2976 125.208 125
      vertex -88.3554 125.243 125
      vertex -89.5363 53.9343 125
    endloop
  endfacet
  facet normal 0 0 1
    outer loop
      vertex -88.3554 125.243 125
      vertex -88.4116 125.28 125
      vertex -89.5363 53.9343 125
    endloop
  endfacet
  facet normal 0 0 1
    outer loop
      vertex -89.5363 53.9343 125
      vertex -88.4116 125.28 125
      vertex -88.4661 125.32 125
    endloop
  endfacet
  facet normal 0 0 1
    outer loop
      vertex -88.6186 125.454 125
      vertex -88.6653 125.503 125
      vertex -89.5363 53.9343 125
    endloop
  endfacet
  facet normal 0 0 1
    outer loop
      vertex -88.6653 125.503 125
      vertex -88.7099 125.554 125
      vertex -89.5363 53.9343 125
    endloop
  endfacet
  facet normal 0 0 1
    outer loop
      vertex -88.7099 125.554 125
      vertex -88.7523 125.606 125
      vertex -89.5363 53.9343 125
    endloop
  endfacet
  facet normal 0 0 1
    outer loop
      vertex -88.7523 125.606 125
      vertex -88.7922 125.661 125
      vertex -89.5363 53.9343 125
    endloop
  endfacet
  facet normal 0 0 1
    outer loop
      vertex -89.5363 53.9343 125
      vertex -88.7922 125.661 125
      vertex -88.8298 125.717 125
    endloop
  endfacet
  facet normal 0 0 1
    outer loop
      vertex -89.0008 126.084 125
      vertex -89.0197 126.149 125
      vertex -89.5363 53.9343 125
    endloop
  endfacet
  facet normal 0 0 1
    outer loop
      vertex -89.0197 126.149 125
      vertex -89.0358 126.215 125
      vertex -89.5363 53.9343 125
    endloop
  endfacet
  facet normal 0 0 1
    outer loop
      vertex -87.3875 128.094 125
      vertex -87.3202 128.087 125
      vertex -89.5363 130 125
    endloop
  endfacet
  facet normal 0 0 1
    outer loop
      vertex -87.3202 128.087 125
      vertex -87.2534 128.076 125
      vertex -89.5363 130 125
    endloop
  endfacet
  facet normal 0 0 1
    outer loop
      vertex -89.5363 130 125
      vertex -87.2534 128.076 125
      vertex -87.1871 128.063 125
    endloop
  endfacet
  facet normal 0 0 1
    outer loop
      vertex -87.2534 125.024 125
      vertex -89.5363 53.9343 125
      vertex -87.1871 125.037 125
    endloop
  endfacet
  facet normal 0 0 1
    outer loop
      vertex -89.5363 53.9343 125
      vertex -87.1214 125.053 125
      vertex -87.1871 125.037 125
    endloop
  endfacet
  facet normal 0 0 1
    outer loop
      vertex -88.4661 125.32 125
      vertex -88.5189 125.363 125
      vertex -89.5363 53.9343 125
    endloop
  endfacet
  facet normal 0 0 1
    outer loop
      vertex -88.5189 125.363 125
      vertex -88.5697 125.407 125
      vertex -89.5363 53.9343 125
    endloop
  endfacet
  facet normal 0 0 1
    outer loop
      vertex -89.5363 53.9343 125
      vertex -88.5697 125.407 125
      vertex -88.6186 125.454 125
    endloop
  endfacet
  facet normal 0 0 1
    outer loop
      vertex -88.8298 125.717 125
      vertex -88.8649 125.775 125
      vertex -89.5363 53.9343 125
    endloop
  endfacet
  facet normal 0 0 1
    outer loop
      vertex -88.8649 125.775 125
      vertex -88.8974 125.834 125
      vertex -89.5363 53.9343 125
    endloop
  endfacet
  facet normal 0 0 1
    outer loop
      vertex -89.5363 53.9343 125
      vertex -88.8974 125.834 125
      vertex -88.9273 125.895 125
    endloop
  endfacet
  facet normal 0 0 1
    outer loop
      vertex -88.7922 127.439 125
      vertex -88.7523 127.494 125
      vertex -89.5363 130 125
    endloop
  endfacet
  facet normal 0 0 1
    outer loop
      vertex -88.7523 127.494 125
      vertex -88.7099 127.546 125
      vertex -89.5363 130 125
    endloop
  endfacet
  facet normal 0 0 1
    outer loop
      vertex -89.5363 130 125
      vertex -88.7099 127.546 125
      vertex -88.6653 127.597 125
    endloop
  endfacet
  facet normal 0 0 1
    outer loop
      vertex -86.9294 125.118 125
      vertex -86.9924 125.093 125
      vertex -89.5363 53.9343 125
    endloop
  endfacet
  facet normal 0 0 1
    outer loop
      vertex -86.9924 125.093 125
      vertex -87.0565 125.072 125
      vertex -89.5363 53.9343 125
    endloop
  endfacet
  facet normal 0 0 1
    outer loop
      vertex -89.5363 53.9343 125
      vertex -87.0565 125.072 125
      vertex -87.1214 125.053 125
    endloop
  endfacet
  facet normal 0 0 1
    outer loop
      vertex -87.2534 125.024 125
      vertex -87.3202 125.013 125
      vertex -89.5363 53.9343 125
    endloop
  endfacet
  facet normal 0 0 1
    outer loop
      vertex -87.3202 125.013 125
      vertex -87.3875 125.006 125
      vertex -89.5363 53.9343 125
    endloop
  endfacet
  facet normal 0 0 1
    outer loop
      vertex -89.5363 53.9343 125
      vertex -87.3875 125.006 125
      vertex -87.455 125.001 125
    endloop
  endfacet
  facet normal 0 0 1
    outer loop
      vertex -88.9273 125.895 125
      vertex -88.9546 125.957 125
      vertex -89.5363 53.9343 125
    endloop
  endfacet
  facet normal 0 0 1
    outer loop
      vertex -88.9546 125.957 125
      vertex -88.9791 126.02 125
      vertex -89.5363 53.9343 125
    endloop
  endfacet
  facet normal 0 0 1
    outer loop
      vertex -89.5363 53.9343 125
      vertex -88.9791 126.02 125
      vertex -89.0008 126.084 125
    endloop
  endfacet
  facet normal 0 0 1
    outer loop
      vertex -89.0358 126.215 125
      vertex -89.049 126.281 125
      vertex -89.5363 53.9343 125
    endloop
  endfacet
  facet normal 0 0 1
    outer loop
      vertex -89.049 126.281 125
      vertex -89.0593 126.348 125
      vertex -89.5363 53.9343 125
    endloop
  endfacet
  facet normal 0 0 1
    outer loop
      vertex -89.5363 53.9343 125
      vertex -89.0593 126.348 125
      vertex -89.5363 130 125
    endloop
  endfacet
  facet normal 0 0 1
    outer loop
      vertex -89.0593 126.348 125
      vertex -89.0667 126.415 125
      vertex -89.5363 130 125
    endloop
  endfacet
  facet normal 0 0 1
    outer loop
      vertex -89.0667 126.415 125
      vertex -89.0711 126.482 125
      vertex -89.5363 130 125
    endloop
  endfacet
  facet normal 0 0 1
    outer loop
      vertex -89.0711 126.482 125
      vertex -89.0726 126.55 125
      vertex -89.5363 130 125
    endloop
  endfacet
  facet normal 0 0 1
    outer loop
      vertex -89.5363 130 125
      vertex -89.0726 126.55 125
      vertex -89.0711 126.618 125
    endloop
  endfacet
  facet normal 0 0 1
    outer loop
      vertex -89.049 126.819 125
      vertex -89.0358 126.885 125
      vertex -89.5363 130 125
    endloop
  endfacet
  facet normal 0 0 1
    outer loop
      vertex -88.8974 127.266 125
      vertex -88.8649 127.325 125
      vertex -89.5363 130 125
    endloop
  endfacet
  facet normal 0 0 1
    outer loop
      vertex -88.8649 127.325 125
      vertex -88.8298 127.383 125
      vertex -89.5363 130 125
    endloop
  endfacet
  facet normal 0 0 1
    outer loop
      vertex -89.5363 130 125
      vertex -88.8298 127.383 125
      vertex -88.7922 127.439 125
    endloop
  endfacet
  facet normal 0 0 1
    outer loop
      vertex -89.0358 126.885 125
      vertex -89.0197 126.951 125
      vertex -89.5363 130 125
    endloop
  endfacet
  facet normal 0 0 1
    outer loop
      vertex -89.0197 126.951 125
      vertex -89.0008 127.016 125
      vertex -89.5363 130 125
    endloop
  endfacet
  facet normal 0 0 1
    outer loop
      vertex -89.5363 130 125
      vertex -89.0008 127.016 125
      vertex -88.9791 127.08 125
    endloop
  endfacet
  facet normal 0 0 1
    outer loop
      vertex -88.9791 127.08 125
      vertex -88.9546 127.143 125
      vertex -89.5363 130 125
    endloop
  endfacet
  facet normal 0 0 1
    outer loop
      vertex -88.9546 127.143 125
      vertex -88.9273 127.205 125
      vertex -89.5363 130 125
    endloop
  endfacet
  facet normal 0 0 1
    outer loop
      vertex -89.5363 130 125
      vertex -88.9273 127.205 125
      vertex -88.8974 127.266 125
    endloop
  endfacet
  facet normal 0 0 1
    outer loop
      vertex -88.6653 127.597 125
      vertex -88.6186 127.646 125
      vertex -89.5363 130 125
    endloop
  endfacet
  facet normal 0 0 1
    outer loop
      vertex -88.6186 127.646 125
      vertex -88.5697 127.693 125
      vertex -89.5363 130 125
    endloop
  endfacet
  facet normal 0 0 1
    outer loop
      vertex -89.5363 130 125
      vertex -88.5697 127.693 125
      vertex -88.5189 127.737 125
    endloop
  endfacet
  facet normal 0 0 1
    outer loop
      vertex -88.5189 127.737 125
      vertex -88.4661 127.78 125
      vertex -89.5363 130 125
    endloop
  endfacet
  facet normal 0 0 1
    outer loop
      vertex -88.4661 127.78 125
      vertex -88.4116 127.82 125
      vertex -89.5363 130 125
    endloop
  endfacet
  facet normal 0 0 1
    outer loop
      vertex -89.5363 130 125
      vertex -88.4116 127.82 125
      vertex -88.3554 127.857 125
    endloop
  endfacet
  facet normal 0 0 1
    outer loop
      vertex -89.0711 126.618 125
      vertex -89.0667 126.685 125
      vertex -89.5363 130 125
    endloop
  endfacet
  facet normal 0 0 1
    outer loop
      vertex -89.0667 126.685 125
      vertex -89.0593 126.752 125
      vertex -89.5363 130 125
    endloop
  endfacet
  facet normal 0 0 1
    outer loop
      vertex -89.5363 130 125
      vertex -89.0593 126.752 125
      vertex -89.049 126.819 125
    endloop
  endfacet
  facet normal 0 0 1
    outer loop
      vertex 45 -17.1315 125
      vertex 65.3888 -62.1657 125
      vertex 65.3888 53.9343 125
    endloop
  endfacet
  facet normal 0 0 1
    outer loop
      vertex 65.3888 -62.1657 125
      vertex 85.9384 -62.1657 125
      vertex 65.3888 53.9343 125
    endloop
  endfacet
  facet normal 0 0 1
    outer loop
      vertex 65.3888 53.9343 125
      vertex 85.9384 -62.1657 125
      vertex 85.9384 53.9343 125
    endloop
  endfacet
  facet normal 0 0 1
    outer loop
      vertex 85.9384 -62.1657 125
      vertex 90 -62.1657 125
      vertex 85.9384 53.9343 125
    endloop
  endfacet
  facet normal 0 0 1
    outer loop
      vertex 85.9384 53.9343 125
      vertex 90 -62.1657 125
      vertex 90 53.9343 125
    endloop
  endfacet
  facet normal 0 0 1
    outer loop
      vertex 90 -100 125
      vertex 85.9384 -62.1657 125
      vertex 85.9384 -100 125
    endloop
  endfacet
  facet normal 0 0 1
    outer loop
      vertex 85.9384 -62.1657 125
      vertex 65.3888 -62.1657 125
      vertex 85.9384 -100 125
    endloop
  endfacet
  facet normal 0 0 1
    outer loop
      vertex 85.9384 -100 125
      vertex 65.3888 -62.1657 125
      vertex 65.3888 -100 125
    endloop
  endfacet
  facet normal 0 0 1
    outer loop
      vertex 65.3888 -62.1657 125
      vertex 33.9 -62.1657 125
      vertex 65.3888 -100 125
    endloop
  endfacet
  facet normal 0 0 1
    outer loop
      vertex 65.3888 -100 125
      vertex 33.9 -62.1657 125
      vertex 33.9 -100 125
    endloop
  endfacet
  facet normal 0 0 1
    outer loop
      vertex 22.2456 -79.5649 125
      vertex 22.1985 -79.5964 125
      vertex 33.9 -100 125
    endloop
  endfacet
  facet normal 0 0 1
    outer loop
      vertex 21.1091 -79.7398 125
      vertex 21.0554 -79.7216 125
      vertex 1.38778e-14 -100 125
    endloop
  endfacet
  facet normal 0 0 1
    outer loop
      vertex 21.9446 -79.7216 125
      vertex 33.9 -100 125
      vertex 21.9975 -79.701 125
    endloop
  endfacet
  facet normal 0 0 1
    outer loop
      vertex 33.9 -100 125
      vertex 22.0494 -79.6782 125
      vertex 21.9975 -79.701 125
    endloop
  endfacet
  facet normal 0 0 1
    outer loop
      vertex 21.7257 -79.7803 125
      vertex 21.6697 -79.7889 125
      vertex 33.9 -100 125
    endloop
  endfacet
  facet normal 0 0 1
    outer loop
      vertex 22.1985 -79.5964 125
      vertex 22.15 -79.6258 125
      vertex 33.9 -100 125
    endloop
  endfacet
  facet normal 0 0 1
    outer loop
      vertex 22.15 -79.6258 125
      vertex 22.1003 -79.6531 125
      vertex 33.9 -100 125
    endloop
  endfacet
  facet normal 0 0 1
    outer loop
      vertex 33.9 -100 125
      vertex 22.1003 -79.6531 125
      vertex 22.0494 -79.6782 125
    endloop
  endfacet
  facet normal 0 0 1
    outer loop
      vertex 21.7257 -79.7803 125
      vertex 33.9 -100 125
      vertex 21.7814 -79.7692 125
    endloop
  endfacet
  facet normal 0 0 1
    outer loop
      vertex 21.3867 -77.205 125
      vertex 21.4433 -77.2012 125
      vertex 33.9 -62.1657 125
    endloop
  endfacet
  facet normal 0 0 1
    outer loop
      vertex 22.3783 -79.4585 125
      vertex 22.3356 -79.4959 125
      vertex 33.9 -100 125
    endloop
  endfacet
  facet normal 0 0 1
    outer loop
      vertex 22.3356 -79.4959 125
      vertex 22.2914 -79.5314 125
      vertex 33.9 -100 125
    endloop
  endfacet
  facet normal 0 0 1
    outer loop
      vertex 33.9 -100 125
      vertex 22.2914 -79.5314 125
      vertex 22.2456 -79.5649 125
    endloop
  endfacet
  facet normal 0 0 1
    outer loop
      vertex 21.5 -79.8 125
      vertex 21.4433 -79.7988 125
      vertex 33.9 -100 125
    endloop
  endfacet
  facet normal 0 0 1
    outer loop
      vertex 21.0554 -79.7216 125
      vertex 21.0025 -79.701 125
      vertex 1.38778e-14 -100 125
    endloop
  endfacet
  facet normal 0 0 1
    outer loop
      vertex 21.0025 -79.701 125
      vertex 20.9506 -79.6782 125
      vertex 1.38778e-14 -100 125
    endloop
  endfacet
  facet normal 0 0 1
    outer loop
      vertex 1.38778e-14 -100 125
      vertex 20.9506 -79.6782 125
      vertex 20.8997 -79.6531 125
    endloop
  endfacet
  facet normal 0 0 1
    outer loop
      vertex 20.8997 -79.6531 125
      vertex 20.85 -79.6258 125
      vertex 1.38778e-14 -100 125
    endloop
  endfacet
  facet normal 0 0 1
    outer loop
      vertex 20.85 -79.6258 125
      vertex 20.8015 -79.5964 125
      vertex 1.38778e-14 -100 125
    endloop
  endfacet
  facet normal 0 0 1
    outer loop
      vertex 1.38778e-14 -100 125
      vertex 20.8015 -79.5964 125
      vertex 20.7544 -79.5649 125
    endloop
  endfacet
  facet normal 0 0 1
    outer loop
      vertex 22.4959 -79.3356 125
      vertex 22.4585 -79.3783 125
      vertex 33.9 -100 125
    endloop
  endfacet
  facet normal 0 0 1
    outer loop
      vertex 22.4585 -79.3783 125
      vertex 22.4192 -79.4192 125
      vertex 33.9 -100 125
    endloop
  endfacet
  facet normal 0 0 1
    outer loop
      vertex 33.9 -100 125
      vertex 22.4192 -79.4192 125
      vertex 22.3783 -79.4585 125
    endloop
  endfacet
  facet normal 0 0 1
    outer loop
      vertex 33.9 -100 125
      vertex 21.4433 -79.7988 125
      vertex 1.38778e-14 -100 125
    endloop
  endfacet
  facet normal 0 0 1
    outer loop
      vertex -45 -47.1315 125
      vertex -65.4863 -62.1657 125
      vertex 1.04083e-14 -47.1315 125
    endloop
  endfacet
  facet normal 0 0 1
    outer loop
      vertex -65.4863 -62.1657 125
      vertex 1.38778e-14 -62.1657 125
      vertex 1.04083e-14 -47.1315 125
    endloop
  endfacet
  facet normal 0 0 1
    outer loop
      vertex 1.04083e-14 -47.1315 125
      vertex 1.38778e-14 -62.1657 125
      vertex 33.9 -62.1657 125
    endloop
  endfacet
  facet normal 0 0 1
    outer loop
      vertex 1.38778e-14 -62.1657 125
      vertex 21.3303 -77.2111 125
      vertex 33.9 -62.1657 125
    endloop
  endfacet
  facet normal 0 0 1
    outer loop
      vertex 33.9 -62.1657 125
      vertex 21.3303 -77.2111 125
      vertex 21.3867 -77.205 125
    endloop
  endfacet
  facet normal 0 0 1
    outer loop
      vertex 21.6133 -77.205 125
      vertex 21.6697 -77.2111 125
      vertex 33.9 -62.1657 125
    endloop
  endfacet
  facet normal 0 0 1
    outer loop
      vertex 21.6697 -77.2111 125
      vertex 21.7257 -77.2197 125
      vertex 33.9 -62.1657 125
    endloop
  endfacet
  facet normal 0 0 1
    outer loop
      vertex 33.9 -62.1657 125
      vertex 21.7257 -77.2197 125
      vertex 21.7814 -77.2308 125
    endloop
  endfacet
  facet normal 0 0 1
    outer loop
      vertex 33.9 -100 125
      vertex 22.701 -78.9975 125
      vertex 22.6782 -79.0494 125
    endloop
  endfacet
  facet normal 0 0 1
    outer loop
      vertex 22.5964 -79.1985 125
      vertex 22.5649 -79.2456 125
      vertex 33.9 -100 125
    endloop
  endfacet
  facet normal 0 0 1
    outer loop
      vertex 22.5649 -79.2456 125
      vertex 22.5314 -79.2914 125
      vertex 33.9 -100 125
    endloop
  endfacet
  facet normal 0 0 1
    outer loop
      vertex 33.9 -100 125
      vertex 22.5314 -79.2914 125
      vertex 22.4959 -79.3356 125
    endloop
  endfacet
  facet normal 0 0 1
    outer loop
      vertex 21.9446 -79.7216 125
      vertex 21.8909 -79.7398 125
      vertex 33.9 -100 125
    endloop
  endfacet
  facet normal 0 0 1
    outer loop
      vertex 21.8909 -79.7398 125
      vertex 21.8365 -79.7557 125
      vertex 33.9 -100 125
    endloop
  endfacet
  facet normal 0 0 1
    outer loop
      vertex 33.9 -100 125
      vertex 21.8365 -79.7557 125
      vertex 21.7814 -79.7692 125
    endloop
  endfacet
  facet normal 0 0 1
    outer loop
      vertex 21.4433 -79.7988 125
      vertex 21.3867 -79.7951 125
      vertex 1.38778e-14 -100 125
    endloop
  endfacet
  facet normal 0 0 1
    outer loop
      vertex 21.3867 -79.7951 125
      vertex 21.3303 -79.7889 125
      vertex 1.38778e-14 -100 125
    endloop
  endfacet
  facet normal 0 0 1
    outer loop
      vertex 1.38778e-14 -100 125
      vertex 21.3303 -79.7889 125
      vertex 21.2743 -79.7803 125
    endloop
  endfacet
  facet normal 0 0 1
    outer loop
      vertex 20.7544 -79.5649 125
      vertex 20.7086 -79.5314 125
      vertex 1.38778e-14 -100 125
    endloop
  endfacet
  facet normal 0 0 1
    outer loop
      vertex 20.7086 -79.5314 125
      vertex 20.6644 -79.4959 125
      vertex 1.38778e-14 -100 125
    endloop
  endfacet
  facet normal 0 0 1
    outer loop
      vertex 1.38778e-14 -100 125
      vertex 20.6644 -79.4959 125
      vertex 20.6217 -79.4585 125
    endloop
  endfacet
  facet normal 0 0 1
    outer loop
      vertex 21.1635 -77.2443 125
      vertex 21.2186 -77.2308 125
      vertex 1.38778e-14 -62.1657 125
    endloop
  endfacet
  facet normal 0 0 1
    outer loop
      vertex 21.2186 -77.2308 125
      vertex 21.2743 -77.2197 125
      vertex 1.38778e-14 -62.1657 125
    endloop
  endfacet
  facet normal 0 0 1
    outer loop
      vertex 1.38778e-14 -62.1657 125
      vertex 21.2743 -77.2197 125
      vertex 21.3303 -77.2111 125
    endloop
  endfacet
  facet normal 0 0 1
    outer loop
      vertex 21.4433 -77.2012 125
      vertex 21.5 -77.2 125
      vertex 33.9 -62.1657 125
    endloop
  endfacet
  facet normal 0 0 1
    outer loop
      vertex 21.5 -77.2 125
      vertex 21.5567 -77.2012 125
      vertex 33.9 -62.1657 125
    endloop
  endfacet
  facet normal 0 0 1
    outer loop
      vertex 33.9 -62.1657 125
      vertex 21.5567 -77.2012 125
      vertex 21.6133 -77.205 125
    endloop
  endfacet
  facet normal 0 0 1
    outer loop
      vertex 22.6782 -77.9506 125
      vertex 22.701 -78.0025 125
      vertex 33.9 -62.1657 125
    endloop
  endfacet
  facet normal 0 0 1
    outer loop
      vertex 22.6782 -79.0494 125
      vertex 22.6531 -79.1003 125
      vertex 33.9 -100 125
    endloop
  endfacet
  facet normal 0 0 1
    outer loop
      vertex 22.6531 -79.1003 125
      vertex 22.6258 -79.15 125
      vertex 33.9 -100 125
    endloop
  endfacet
  facet normal 0 0 1
    outer loop
      vertex 33.9 -100 125
      vertex 22.6258 -79.15 125
      vertex 22.5964 -79.1985 125
    endloop
  endfacet
  facet normal 0 0 1
    outer loop
      vertex 21.6697 -79.7889 125
      vertex 21.6133 -79.7951 125
      vertex 33.9 -100 125
    endloop
  endfacet
  facet normal 0 0 1
    outer loop
      vertex 21.6133 -79.7951 125
      vertex 21.5567 -79.7988 125
      vertex 33.9 -100 125
    endloop
  endfacet
  facet normal 0 0 1
    outer loop
      vertex 33.9 -100 125
      vertex 21.5567 -79.7988 125
      vertex 21.5 -79.8 125
    endloop
  endfacet
  facet normal 0 0 1
    outer loop
      vertex 21.2743 -79.7803 125
      vertex 21.2186 -79.7692 125
      vertex 1.38778e-14 -100 125
    endloop
  endfacet
  facet normal 0 0 1
    outer loop
      vertex 21.2186 -79.7692 125
      vertex 21.1635 -79.7557 125
      vertex 1.38778e-14 -100 125
    endloop
  endfacet
  facet normal 0 0 1
    outer loop
      vertex 1.38778e-14 -100 125
      vertex 21.1635 -79.7557 125
      vertex 21.1091 -79.7398 125
    endloop
  endfacet
  facet normal 0 0 1
    outer loop
      vertex 20.6217 -79.4585 125
      vertex 20.5808 -79.4192 125
      vertex 1.38778e-14 -100 125
    endloop
  endfacet
  facet normal 0 0 1
    outer loop
      vertex 20.5808 -79.4192 125
      vertex 20.5415 -79.3783 125
      vertex 1.38778e-14 -100 125
    endloop
  endfacet
  facet normal 0 0 1
    outer loop
      vertex 1.38778e-14 -100 125
      vertex 20.5415 -79.3783 125
      vertex 20.5041 -79.3356 125
    endloop
  endfacet
  facet normal 0 0 1
    outer loop
      vertex 20.4036 -79.1985 125
      vertex 20.3742 -79.15 125
      vertex 1.38778e-14 -100 125
    endloop
  endfacet
  facet normal 0 0 1
    outer loop
      vertex 21.7814 -77.2308 125
      vertex 21.8365 -77.2443 125
      vertex 33.9 -62.1657 125
    endloop
  endfacet
  facet normal 0 0 1
    outer loop
      vertex 21.8365 -77.2443 125
      vertex 21.8909 -77.2602 125
      vertex 33.9 -62.1657 125
    endloop
  endfacet
  facet normal 0 0 1
    outer loop
      vertex 33.9 -62.1657 125
      vertex 21.8909 -77.2602 125
      vertex 21.9446 -77.2784 125
    endloop
  endfacet
  facet normal 0 0 1
    outer loop
      vertex 22.2456 -77.4351 125
      vertex 22.2914 -77.4686 125
      vertex 33.9 -62.1657 125
    endloop
  endfacet
  facet normal 0 0 1
    outer loop
      vertex 22.2914 -77.4686 125
      vertex 22.3356 -77.5041 125
      vertex 33.9 -62.1657 125
    endloop
  endfacet
  facet normal 0 0 1
    outer loop
      vertex 33.9 -62.1657 125
      vertex 22.3356 -77.5041 125
      vertex 22.3783 -77.5415 125
    endloop
  endfacet
  facet normal 0 0 1
    outer loop
      vertex 33.9 -100 125
      vertex 22.7951 -78.6133 125
      vertex 22.7889 -78.6697 125
    endloop
  endfacet
  facet normal 0 0 1
    outer loop
      vertex 22.7557 -78.8365 125
      vertex 22.7398 -78.8909 125
      vertex 33.9 -100 125
    endloop
  endfacet
  facet normal 0 0 1
    outer loop
      vertex 22.7398 -78.8909 125
      vertex 22.7216 -78.9446 125
      vertex 33.9 -100 125
    endloop
  endfacet
  facet normal 0 0 1
    outer loop
      vertex 33.9 -100 125
      vertex 22.7216 -78.9446 125
      vertex 22.701 -78.9975 125
    endloop
  endfacet
  facet normal 0 0 1
    outer loop
      vertex 20.7086 -77.4686 125
      vertex 1.38778e-14 -62.1657 125
      vertex 20.6644 -77.5041 125
    endloop
  endfacet
  facet normal 0 0 1
    outer loop
      vertex 1.38778e-14 -62.1657 125
      vertex 20.6217 -77.5415 125
      vertex 20.6644 -77.5041 125
    endloop
  endfacet
  facet normal 0 0 1
    outer loop
      vertex 20.7086 -77.4686 125
      vertex 20.7544 -77.4351 125
      vertex 1.38778e-14 -62.1657 125
    endloop
  endfacet
  facet normal 0 0 1
    outer loop
      vertex 20.7544 -77.4351 125
      vertex 20.8015 -77.4036 125
      vertex 1.38778e-14 -62.1657 125
    endloop
  endfacet
  facet normal 0 0 1
    outer loop
      vertex 1.38778e-14 -62.1657 125
      vertex 20.8015 -77.4036 125
      vertex 20.85 -77.3742 125
    endloop
  endfacet
  facet normal 0 0 1
    outer loop
      vertex 20.85 -77.3742 125
      vertex 20.8997 -77.3469 125
      vertex 1.38778e-14 -62.1657 125
    endloop
  endfacet
  facet normal 0 0 1
    outer loop
      vertex 20.8997 -77.3469 125
      vertex 20.9506 -77.3218 125
      vertex 1.38778e-14 -62.1657 125
    endloop
  endfacet
  facet normal 0 0 1
    outer loop
      vertex 1.38778e-14 -62.1657 125
      vertex 20.9506 -77.3218 125
      vertex 21.0025 -77.299 125
    endloop
  endfacet
  facet normal 0 0 1
    outer loop
      vertex 21.9446 -77.2784 125
      vertex 21.9975 -77.299 125
      vertex 33.9 -62.1657 125
    endloop
  endfacet
  facet normal 0 0 1
    outer loop
      vertex 21.9975 -77.299 125
      vertex 22.0494 -77.3218 125
      vertex 33.9 -62.1657 125
    endloop
  endfacet
  facet normal 0 0 1
    outer loop
      vertex 33.9 -62.1657 125
      vertex 22.0494 -77.3218 125
      vertex 22.1003 -77.3469 125
    endloop
  endfacet
  facet normal 0 0 1
    outer loop
      vertex 22.1003 -77.3469 125
      vertex 22.15 -77.3742 125
      vertex 33.9 -62.1657 125
    endloop
  endfacet
  facet normal 0 0 1
    outer loop
      vertex 22.15 -77.3742 125
      vertex 22.1985 -77.4036 125
      vertex 33.9 -62.1657 125
    endloop
  endfacet
  facet normal 0 0 1
    outer loop
      vertex 33.9 -62.1657 125
      vertex 22.1985 -77.4036 125
      vertex 22.2456 -77.4351 125
    endloop
  endfacet
  facet normal 0 0 1
    outer loop
      vertex 22.7557 -78.1635 125
      vertex 22.7692 -78.2186 125
      vertex 33.9 -62.1657 125
    endloop
  endfacet
  facet normal 0 0 1
    outer loop
      vertex 22.7951 -78.3867 125
      vertex 22.7988 -78.4433 125
      vertex 33.9 -62.1657 125
    endloop
  endfacet
  facet normal 0 0 1
    outer loop
      vertex 22.7988 -78.4433 125
      vertex 22.8 -78.5 125
      vertex 33.9 -62.1657 125
    endloop
  endfacet
  facet normal 0 0 1
    outer loop
      vertex 33.9 -62.1657 125
      vertex 22.8 -78.5 125
      vertex 33.9 -100 125
    endloop
  endfacet
  facet normal 0 0 1
    outer loop
      vertex 22.8 -78.5 125
      vertex 22.7988 -78.5567 125
      vertex 33.9 -100 125
    endloop
  endfacet
  facet normal 0 0 1
    outer loop
      vertex 33.9 -100 125
      vertex 22.7988 -78.5567 125
      vertex 22.7951 -78.6133 125
    endloop
  endfacet
  facet normal 0 0 1
    outer loop
      vertex 22.7889 -78.6697 125
      vertex 22.7803 -78.7257 125
      vertex 33.9 -100 125
    endloop
  endfacet
  facet normal 0 0 1
    outer loop
      vertex 22.7803 -78.7257 125
      vertex 22.7692 -78.7814 125
      vertex 33.9 -100 125
    endloop
  endfacet
  facet normal 0 0 1
    outer loop
      vertex 33.9 -100 125
      vertex 22.7692 -78.7814 125
      vertex 22.7557 -78.8365 125
    endloop
  endfacet
  facet normal 0 0 1
    outer loop
      vertex 20.3742 -79.15 125
      vertex 20.3469 -79.1003 125
      vertex 1.38778e-14 -100 125
    endloop
  endfacet
  facet normal 0 0 1
    outer loop
      vertex 20.3469 -79.1003 125
      vertex 20.3218 -79.0494 125
      vertex 1.38778e-14 -100 125
    endloop
  endfacet
  facet normal 0 0 1
    outer loop
      vertex 1.38778e-14 -100 125
      vertex 20.3218 -79.0494 125
      vertex 20.299 -78.9975 125
    endloop
  endfacet
  facet normal 0 0 1
    outer loop
      vertex 20.299 -78.0025 125
      vertex 20.3218 -77.9506 125
      vertex 1.38778e-14 -62.1657 125
    endloop
  endfacet
  facet normal 0 0 1
    outer loop
      vertex 20.3218 -77.9506 125
      vertex 20.3469 -77.8997 125
      vertex 1.38778e-14 -62.1657 125
    endloop
  endfacet
  facet normal 0 0 1
    outer loop
      vertex 20.5041 -77.6644 125
      vertex 1.38778e-14 -62.1657 125
      vertex 20.4686 -77.7086 125
    endloop
  endfacet
  facet normal 0 0 1
    outer loop
      vertex 1.38778e-14 -62.1657 125
      vertex 20.4351 -77.7543 125
      vertex 20.4686 -77.7086 125
    endloop
  endfacet
  facet normal 0 0 1
    outer loop
      vertex 20.5041 -77.6644 125
      vertex 20.5415 -77.6217 125
      vertex 1.38778e-14 -62.1657 125
    endloop
  endfacet
  facet normal 0 0 1
    outer loop
      vertex 20.5415 -77.6217 125
      vertex 20.5808 -77.5808 125
      vertex 1.38778e-14 -62.1657 125
    endloop
  endfacet
  facet normal 0 0 1
    outer loop
      vertex 1.38778e-14 -62.1657 125
      vertex 20.5808 -77.5808 125
      vertex 20.6217 -77.5415 125
    endloop
  endfacet
  facet normal 0 0 1
    outer loop
      vertex 21.0025 -77.299 125
      vertex 21.0554 -77.2784 125
      vertex 1.38778e-14 -62.1657 125
    endloop
  endfacet
  facet normal 0 0 1
    outer loop
      vertex 21.0554 -77.2784 125
      vertex 21.1091 -77.2602 125
      vertex 1.38778e-14 -62.1657 125
    endloop
  endfacet
  facet normal 0 0 1
    outer loop
      vertex 1.38778e-14 -62.1657 125
      vertex 21.1091 -77.2602 125
      vertex 21.1635 -77.2443 125
    endloop
  endfacet
  facet normal 0 0 1
    outer loop
      vertex 22.3783 -77.5415 125
      vertex 22.4192 -77.5808 125
      vertex 33.9 -62.1657 125
    endloop
  endfacet
  facet normal 0 0 1
    outer loop
      vertex 22.4192 -77.5808 125
      vertex 22.4585 -77.6217 125
      vertex 33.9 -62.1657 125
    endloop
  endfacet
  facet normal 0 0 1
    outer loop
      vertex 33.9 -62.1657 125
      vertex 22.4585 -77.6217 125
      vertex 22.4959 -77.6644 125
    endloop
  endfacet
  facet normal 0 0 1
    outer loop
      vertex 20.5041 -79.3356 125
      vertex 20.4686 -79.2914 125
      vertex 1.38778e-14 -100 125
    endloop
  endfacet
  facet normal 0 0 1
    outer loop
      vertex 20.4686 -79.2914 125
      vertex 20.4351 -79.2456 125
      vertex 1.38778e-14 -100 125
    endloop
  endfacet
  facet normal 0 0 1
    outer loop
      vertex 1.38778e-14 -100 125
      vertex 20.4351 -79.2456 125
      vertex 20.4036 -79.1985 125
    endloop
  endfacet
  facet normal 0 0 1
    outer loop
      vertex 20.3469 -77.8997 125
      vertex 20.3742 -77.85 125
      vertex 1.38778e-14 -62.1657 125
    endloop
  endfacet
  facet normal 0 0 1
    outer loop
      vertex 20.3742 -77.85 125
      vertex 20.4036 -77.8015 125
      vertex 1.38778e-14 -62.1657 125
    endloop
  endfacet
  facet normal 0 0 1
    outer loop
      vertex 1.38778e-14 -62.1657 125
      vertex 20.4036 -77.8015 125
      vertex 20.4351 -77.7543 125
    endloop
  endfacet
  facet normal 0 0 1
    outer loop
      vertex 22.4959 -77.6644 125
      vertex 22.5314 -77.7086 125
      vertex 33.9 -62.1657 125
    endloop
  endfacet
  facet normal 0 0 1
    outer loop
      vertex 22.5314 -77.7086 125
      vertex 22.5649 -77.7543 125
      vertex 33.9 -62.1657 125
    endloop
  endfacet
  facet normal 0 0 1
    outer loop
      vertex 33.9 -62.1657 125
      vertex 22.5649 -77.7543 125
      vertex 22.5964 -77.8015 125
    endloop
  endfacet
  facet normal 0 0 1
    outer loop
      vertex 22.5964 -77.8015 125
      vertex 22.6258 -77.85 125
      vertex 33.9 -62.1657 125
    endloop
  endfacet
  facet normal 0 0 1
    outer loop
      vertex 22.6258 -77.85 125
      vertex 22.6531 -77.8997 125
      vertex 33.9 -62.1657 125
    endloop
  endfacet
  facet normal 0 0 1
    outer loop
      vertex 33.9 -62.1657 125
      vertex 22.6531 -77.8997 125
      vertex 22.6782 -77.9506 125
    endloop
  endfacet
  facet normal 0 0 1
    outer loop
      vertex 22.7692 -78.2186 125
      vertex 22.7803 -78.2743 125
      vertex 33.9 -62.1657 125
    endloop
  endfacet
  facet normal 0 0 1
    outer loop
      vertex 22.7803 -78.2743 125
      vertex 22.7889 -78.3303 125
      vertex 33.9 -62.1657 125
    endloop
  endfacet
  facet normal 0 0 1
    outer loop
      vertex 33.9 -62.1657 125
      vertex 22.7889 -78.3303 125
      vertex 22.7951 -78.3867 125
    endloop
  endfacet
  facet normal 0 0 1
    outer loop
      vertex 22.701 -78.0025 125
      vertex 22.7216 -78.0554 125
      vertex 33.9 -62.1657 125
    endloop
  endfacet
  facet normal 0 0 1
    outer loop
      vertex 22.7216 -78.0554 125
      vertex 22.7398 -78.1091 125
      vertex 33.9 -62.1657 125
    endloop
  endfacet
  facet normal 0 0 1
    outer loop
      vertex 33.9 -62.1657 125
      vertex 22.7398 -78.1091 125
      vertex 22.7557 -78.1635 125
    endloop
  endfacet
  facet normal 0 0 1
    outer loop
      vertex 20.2443 -78.8365 125
      vertex 20.2308 -78.7814 125
      vertex 1.38778e-14 -100 125
    endloop
  endfacet
  facet normal 0 0 1
    outer loop
      vertex 20.2308 -78.7814 125
      vertex 20.2198 -78.7257 125
      vertex 1.38778e-14 -100 125
    endloop
  endfacet
  facet normal 0 0 1
    outer loop
      vertex 20.2 -78.5 125
      vertex 20.2012 -78.4433 125
      vertex 1.38778e-14 -62.1657 125
    endloop
  endfacet
  facet normal 0 0 1
    outer loop
      vertex 20.2012 -78.4433 125
      vertex 20.2049 -78.3867 125
      vertex 1.38778e-14 -62.1657 125
    endloop
  endfacet
  facet normal 0 0 1
    outer loop
      vertex 1.38778e-14 -62.1657 125
      vertex 20.2049 -78.3867 125
      vertex 20.2111 -78.3303 125
    endloop
  endfacet
  facet normal 0 0 1
    outer loop
      vertex 20.299 -78.9975 125
      vertex 20.2784 -78.9446 125
      vertex 1.38778e-14 -100 125
    endloop
  endfacet
  facet normal 0 0 1
    outer loop
      vertex 20.2784 -78.9446 125
      vertex 20.2602 -78.8909 125
      vertex 1.38778e-14 -100 125
    endloop
  endfacet
  facet normal 0 0 1
    outer loop
      vertex 1.38778e-14 -100 125
      vertex 20.2602 -78.8909 125
      vertex 20.2443 -78.8365 125
    endloop
  endfacet
  facet normal 0 0 1
    outer loop
      vertex 20.2198 -78.7257 125
      vertex 20.2111 -78.6697 125
      vertex 1.38778e-14 -100 125
    endloop
  endfacet
  facet normal 0 0 1
    outer loop
      vertex 20.2111 -78.6697 125
      vertex 20.2049 -78.6133 125
      vertex 1.38778e-14 -100 125
    endloop
  endfacet
  facet normal 0 0 1
    outer loop
      vertex 1.38778e-14 -100 125
      vertex 20.2049 -78.6133 125
      vertex 1.38778e-14 -62.1657 125
    endloop
  endfacet
  facet normal 0 0 1
    outer loop
      vertex 20.2049 -78.6133 125
      vertex 20.2012 -78.5567 125
      vertex 1.38778e-14 -62.1657 125
    endloop
  endfacet
  facet normal 0 0 1
    outer loop
      vertex 1.38778e-14 -62.1657 125
      vertex 20.2012 -78.5567 125
      vertex 20.2 -78.5 125
    endloop
  endfacet
  facet normal 0 0 1
    outer loop
      vertex 20.2111 -78.3303 125
      vertex 20.2198 -78.2743 125
      vertex 1.38778e-14 -62.1657 125
    endloop
  endfacet
  facet normal 0 0 1
    outer loop
      vertex 20.2198 -78.2743 125
      vertex 20.2308 -78.2186 125
      vertex 1.38778e-14 -62.1657 125
    endloop
  endfacet
  facet normal 0 0 1
    outer loop
      vertex 1.38778e-14 -62.1657 125
      vertex 20.2308 -78.2186 125
      vertex 20.2443 -78.1635 125
    endloop
  endfacet
  facet normal 0 0 1
    outer loop
      vertex 20.2443 -78.1635 125
      vertex 20.2602 -78.1091 125
      vertex 1.38778e-14 -62.1657 125
    endloop
  endfacet
  facet normal 0 0 1
    outer loop
      vertex 20.2602 -78.1091 125
      vertex 20.2784 -78.0554 125
      vertex 1.38778e-14 -62.1657 125
    endloop
  endfacet
  facet normal 0 0 1
    outer loop
      vertex 1.38778e-14 -62.1657 125
      vertex 20.2784 -78.0554 125
      vertex 20.299 -78.0025 125
    endloop
  endfacet
  facet normal 0 0 1
    outer loop
      vertex -21.6697 -77.2111 125
      vertex -21.6133 -77.205 125
      vertex 1.38778e-14 -62.1657 125
    endloop
  endfacet
  facet normal 0 0 1
    outer loop
      vertex -21.2743 -79.7803 125
      vertex -21.3303 -79.7889 125
      vertex 1.38778e-14 -100 125
    endloop
  endfacet
  facet normal 0 0 1
    outer loop
      vertex 1.38778e-14 -62.1657 125
      vertex -20.2 -78.5 125
      vertex 1.38778e-14 -100 125
    endloop
  endfacet
  facet normal 0 0 1
    outer loop
      vertex -20.2 -78.5 125
      vertex -20.2012 -78.5567 125
      vertex 1.38778e-14 -100 125
    endloop
  endfacet
  facet normal 0 0 1
    outer loop
      vertex 1.38778e-14 -100 125
      vertex -20.2012 -78.5567 125
      vertex -20.2049 -78.6133 125
    endloop
  endfacet
  facet normal 0 0 1
    outer loop
      vertex -21.3303 -79.7889 125
      vertex -21.3867 -79.7951 125
      vertex 1.38778e-14 -100 125
    endloop
  endfacet
  facet normal 0 0 1
    outer loop
      vertex -21.3867 -79.7951 125
      vertex -21.4433 -79.7988 125
      vertex 1.38778e-14 -100 125
    endloop
  endfacet
  facet normal 0 0 1
    outer loop
      vertex 1.38778e-14 -100 125
      vertex -21.4433 -79.7988 125
      vertex -21.5 -79.8 125
    endloop
  endfacet
  facet normal 0 0 1
    outer loop
      vertex -21.7257 -79.7803 125
      vertex -21.7814 -79.7692 125
      vertex -65.4863 -100 125
    endloop
  endfacet
  facet normal 0 0 1
    outer loop
      vertex -20.2049 -78.6133 125
      vertex -20.2111 -78.6697 125
      vertex 1.38778e-14 -100 125
    endloop
  endfacet
  facet normal 0 0 1
    outer loop
      vertex -20.2111 -78.6697 125
      vertex -20.2198 -78.7257 125
      vertex 1.38778e-14 -100 125
    endloop
  endfacet
  facet normal 0 0 1
    outer loop
      vertex 1.38778e-14 -100 125
      vertex -20.2198 -78.7257 125
      vertex -20.2308 -78.7814 125
    endloop
  endfacet
  facet normal 0 0 1
    outer loop
      vertex -20.2308 -78.7814 125
      vertex -20.2443 -78.8365 125
      vertex 1.38778e-14 -100 125
    endloop
  endfacet
  facet normal 0 0 1
    outer loop
      vertex -20.2443 -78.8365 125
      vertex -20.2602 -78.8909 125
      vertex 1.38778e-14 -100 125
    endloop
  endfacet
  facet normal 0 0 1
    outer loop
      vertex 1.38778e-14 -100 125
      vertex -20.2602 -78.8909 125
      vertex -20.2784 -78.9446 125
    endloop
  endfacet
  facet normal 0 0 1
    outer loop
      vertex -22.5314 -77.7086 125
      vertex -22.4959 -77.6644 125
      vertex -65.4863 -62.1657 125
    endloop
  endfacet
  facet normal 0 0 1
    outer loop
      vertex -21.6133 -77.205 125
      vertex -21.5567 -77.2012 125
      vertex 1.38778e-14 -62.1657 125
    endloop
  endfacet
  facet normal 0 0 1
    outer loop
      vertex -21.5567 -77.2012 125
      vertex -21.5 -77.2 125
      vertex 1.38778e-14 -62.1657 125
    endloop
  endfacet
  facet normal 0 0 1
    outer loop
      vertex 1.38778e-14 -62.1657 125
      vertex -21.5 -77.2 125
      vertex -21.4433 -77.2012 125
    endloop
  endfacet
  facet normal 0 0 1
    outer loop
      vertex -21.4433 -77.2012 125
      vertex -21.3867 -77.205 125
      vertex 1.38778e-14 -62.1657 125
    endloop
  endfacet
  facet normal 0 0 1
    outer loop
      vertex -21.3867 -77.205 125
      vertex -21.3303 -77.2111 125
      vertex 1.38778e-14 -62.1657 125
    endloop
  endfacet
  facet normal 0 0 1
    outer loop
      vertex 1.38778e-14 -62.1657 125
      vertex -21.3303 -77.2111 125
      vertex -21.2743 -77.2197 125
    endloop
  endfacet
  facet normal 0 0 1
    outer loop
      vertex -21.2743 -77.2197 125
      vertex -21.2186 -77.2308 125
      vertex 1.38778e-14 -62.1657 125
    endloop
  endfacet
  facet normal 0 0 1
    outer loop
      vertex -21.2186 -77.2308 125
      vertex -21.1635 -77.2443 125
      vertex 1.38778e-14 -62.1657 125
    endloop
  endfacet
  facet normal 0 0 1
    outer loop
      vertex 1.38778e-14 -62.1657 125
      vertex -21.1635 -77.2443 125
      vertex -21.1091 -77.2602 125
    endloop
  endfacet
  facet normal 0 0 1
    outer loop
      vertex -20.4036 -79.1985 125
      vertex 1.38778e-14 -100 125
      vertex -20.3742 -79.15 125
    endloop
  endfacet
  facet normal 0 0 1
    outer loop
      vertex 1.38778e-14 -100 125
      vertex -20.3469 -79.1003 125
      vertex -20.3742 -79.15 125
    endloop
  endfacet
  facet normal 0 0 1
    outer loop
      vertex -20.4036 -79.1985 125
      vertex -20.4351 -79.2456 125
      vertex 1.38778e-14 -100 125
    endloop
  endfacet
  facet normal 0 0 1
    outer loop
      vertex -20.4351 -79.2456 125
      vertex -20.4686 -79.2914 125
      vertex 1.38778e-14 -100 125
    endloop
  endfacet
  facet normal 0 0 1
    outer loop
      vertex 1.38778e-14 -100 125
      vertex -20.4686 -79.2914 125
      vertex -20.5041 -79.3356 125
    endloop
  endfacet
  facet normal 0 0 1
    outer loop
      vertex -20.5041 -79.3356 125
      vertex -20.5415 -79.3783 125
      vertex 1.38778e-14 -100 125
    endloop
  endfacet
  facet normal 0 0 1
    outer loop
      vertex -20.5415 -79.3783 125
      vertex -20.5808 -79.4192 125
      vertex 1.38778e-14 -100 125
    endloop
  endfacet
  facet normal 0 0 1
    outer loop
      vertex 1.38778e-14 -100 125
      vertex -20.5808 -79.4192 125
      vertex -20.6217 -79.4585 125
    endloop
  endfacet
  facet normal 0 0 1
    outer loop
      vertex -20.6217 -79.4585 125
      vertex -20.6644 -79.4959 125
      vertex 1.38778e-14 -100 125
    endloop
  endfacet
  facet normal 0 0 1
    outer loop
      vertex -20.6644 -79.4959 125
      vertex -20.7086 -79.5314 125
      vertex 1.38778e-14 -100 125
    endloop
  endfacet
  facet normal 0 0 1
    outer loop
      vertex 1.38778e-14 -100 125
      vertex -20.7086 -79.5314 125
      vertex -20.7544 -79.5649 125
    endloop
  endfacet
  facet normal 0 0 1
    outer loop
      vertex -20.7544 -79.5649 125
      vertex -20.8015 -79.5964 125
      vertex 1.38778e-14 -100 125
    endloop
  endfacet
  facet normal 0 0 1
    outer loop
      vertex -20.8015 -79.5964 125
      vertex -20.85 -79.6258 125
      vertex 1.38778e-14 -100 125
    endloop
  endfacet
  facet normal 0 0 1
    outer loop
      vertex 1.38778e-14 -100 125
      vertex -20.85 -79.6258 125
      vertex -20.8997 -79.6531 125
    endloop
  endfacet
  facet normal 0 0 1
    outer loop
      vertex 1.38778e-14 -100 125
      vertex -21.0554 -79.7216 125
      vertex -21.1091 -79.7398 125
    endloop
  endfacet
  facet normal 0 0 1
    outer loop
      vertex -21.5 -79.8 125
      vertex -21.5567 -79.7988 125
      vertex 1.38778e-14 -100 125
    endloop
  endfacet
  facet normal 0 0 1
    outer loop
      vertex -21.5567 -79.7988 125
      vertex -21.6133 -79.7951 125
      vertex 1.38778e-14 -100 125
    endloop
  endfacet
  facet normal 0 0 1
    outer loop
      vertex 1.38778e-14 -100 125
      vertex -21.6133 -79.7951 125
      vertex -65.4863 -100 125
    endloop
  endfacet
  facet normal 0 0 1
    outer loop
      vertex -21.6133 -79.7951 125
      vertex -21.6697 -79.7889 125
      vertex -65.4863 -100 125
    endloop
  endfacet
  facet normal 0 0 1
    outer loop
      vertex -65.4863 -100 125
      vertex -21.6697 -79.7889 125
      vertex -21.7257 -79.7803 125
    endloop
  endfacet
  facet normal 0 0 1
    outer loop
      vertex -22.4585 -79.3783 125
      vertex -22.4959 -79.3356 125
      vertex -65.4863 -100 125
    endloop
  endfacet
  facet normal 0 0 1
    outer loop
      vertex -20.9506 -77.3218 125
      vertex -20.8997 -77.3469 125
      vertex 1.38778e-14 -62.1657 125
    endloop
  endfacet
  facet normal 0 0 1
    outer loop
      vertex -20.8997 -77.3469 125
      vertex -20.85 -77.3742 125
      vertex 1.38778e-14 -62.1657 125
    endloop
  endfacet
  facet normal 0 0 1
    outer loop
      vertex 1.38778e-14 -62.1657 125
      vertex -20.85 -77.3742 125
      vertex -20.8015 -77.4036 125
    endloop
  endfacet
  facet normal 0 0 1
    outer loop
      vertex -20.2784 -78.9446 125
      vertex -20.299 -78.9975 125
      vertex 1.38778e-14 -100 125
    endloop
  endfacet
  facet normal 0 0 1
    outer loop
      vertex -20.299 -78.9975 125
      vertex -20.3218 -79.0494 125
      vertex 1.38778e-14 -100 125
    endloop
  endfacet
  facet normal 0 0 1
    outer loop
      vertex 1.38778e-14 -100 125
      vertex -20.3218 -79.0494 125
      vertex -20.3469 -79.1003 125
    endloop
  endfacet
  facet normal 0 0 1
    outer loop
      vertex -20.8997 -79.6531 125
      vertex -20.9506 -79.6782 125
      vertex 1.38778e-14 -100 125
    endloop
  endfacet
  facet normal 0 0 1
    outer loop
      vertex -20.9506 -79.6782 125
      vertex -21.0025 -79.701 125
      vertex 1.38778e-14 -100 125
    endloop
  endfacet
  facet normal 0 0 1
    outer loop
      vertex 1.38778e-14 -100 125
      vertex -21.0025 -79.701 125
      vertex -21.0554 -79.7216 125
    endloop
  endfacet
  facet normal 0 0 1
    outer loop
      vertex -21.1091 -79.7398 125
      vertex -21.1635 -79.7557 125
      vertex 1.38778e-14 -100 125
    endloop
  endfacet
  facet normal 0 0 1
    outer loop
      vertex -21.1635 -79.7557 125
      vertex -21.2186 -79.7692 125
      vertex 1.38778e-14 -100 125
    endloop
  endfacet
  facet normal 0 0 1
    outer loop
      vertex 1.38778e-14 -100 125
      vertex -21.2186 -79.7692 125
      vertex -21.2743 -79.7803 125
    endloop
  endfacet
  facet normal 0 0 1
    outer loop
      vertex -22.4585 -79.3783 125
      vertex -65.4863 -100 125
      vertex -22.4192 -79.4192 125
    endloop
  endfacet
  facet normal 0 0 1
    outer loop
      vertex -65.4863 -62.1657 125
      vertex -21.9446 -77.2784 125
      vertex -21.8909 -77.2602 125
    endloop
  endfacet
  facet normal 0 0 1
    outer loop
      vertex -21.1091 -77.2602 125
      vertex -21.0554 -77.2784 125
      vertex 1.38778e-14 -62.1657 125
    endloop
  endfacet
  facet normal 0 0 1
    outer loop
      vertex -21.0554 -77.2784 125
      vertex -21.0025 -77.299 125
      vertex 1.38778e-14 -62.1657 125
    endloop
  endfacet
  facet normal 0 0 1
    outer loop
      vertex 1.38778e-14 -62.1657 125
      vertex -21.0025 -77.299 125
      vertex -20.9506 -77.3218 125
    endloop
  endfacet
  facet normal 0 0 1
    outer loop
      vertex -20.8015 -77.4036 125
      vertex -20.7544 -77.4351 125
      vertex 1.38778e-14 -62.1657 125
    endloop
  endfacet
  facet normal 0 0 1
    outer loop
      vertex -20.7544 -77.4351 125
      vertex -20.7086 -77.4686 125
      vertex 1.38778e-14 -62.1657 125
    endloop
  endfacet
  facet normal 0 0 1
    outer loop
      vertex 1.38778e-14 -62.1657 125
      vertex -20.7086 -77.4686 125
      vertex -20.6644 -77.5041 125
    endloop
  endfacet
  facet normal 0 0 1
    outer loop
      vertex -20.5415 -77.6217 125
      vertex -20.5041 -77.6644 125
      vertex 1.38778e-14 -62.1657 125
    endloop
  endfacet
  facet normal 0 0 1
    outer loop
      vertex -20.2602 -78.1091 125
      vertex -20.2443 -78.1635 125
      vertex 1.38778e-14 -62.1657 125
    endloop
  endfacet
  facet normal 0 0 1
    outer loop
      vertex -20.2443 -78.1635 125
      vertex -20.2308 -78.2186 125
      vertex 1.38778e-14 -62.1657 125
    endloop
  endfacet
  facet normal 0 0 1
    outer loop
      vertex 1.38778e-14 -62.1657 125
      vertex -20.2308 -78.2186 125
      vertex -20.2198 -78.2743 125
    endloop
  endfacet
  facet normal 0 0 1
    outer loop
      vertex -20.2198 -78.2743 125
      vertex -20.2111 -78.3303 125
      vertex 1.38778e-14 -62.1657 125
    endloop
  endfacet
  facet normal 0 0 1
    outer loop
      vertex -20.2111 -78.3303 125
      vertex -20.2049 -78.3867 125
      vertex 1.38778e-14 -62.1657 125
    endloop
  endfacet
  facet normal 0 0 1
    outer loop
      vertex 1.38778e-14 -62.1657 125
      vertex -20.2049 -78.3867 125
      vertex -20.2012 -78.4433 125
    endloop
  endfacet
  facet normal 0 0 1
    outer loop
      vertex -21.9446 -79.7216 125
      vertex -21.9975 -79.701 125
      vertex -65.4863 -100 125
    endloop
  endfacet
  facet normal 0 0 1
    outer loop
      vertex -22.4959 -77.6644 125
      vertex -22.4585 -77.6217 125
      vertex -65.4863 -62.1657 125
    endloop
  endfacet
  facet normal 0 0 1
    outer loop
      vertex -22.4585 -77.6217 125
      vertex -22.4192 -77.5808 125
      vertex -65.4863 -62.1657 125
    endloop
  endfacet
  facet normal 0 0 1
    outer loop
      vertex -65.4863 -62.1657 125
      vertex -22.4192 -77.5808 125
      vertex -22.3783 -77.5415 125
    endloop
  endfacet
  facet normal 0 0 1
    outer loop
      vertex -21.8909 -77.2602 125
      vertex -21.8365 -77.2443 125
      vertex -65.4863 -62.1657 125
    endloop
  endfacet
  facet normal 0 0 1
    outer loop
      vertex -21.8365 -77.2443 125
      vertex -21.7814 -77.2308 125
      vertex -65.4863 -62.1657 125
    endloop
  endfacet
  facet normal 0 0 1
    outer loop
      vertex -65.4863 -62.1657 125
      vertex -21.7814 -77.2308 125
      vertex 1.38778e-14 -62.1657 125
    endloop
  endfacet
  facet normal 0 0 1
    outer loop
      vertex -21.7814 -77.2308 125
      vertex -21.7257 -77.2197 125
      vertex 1.38778e-14 -62.1657 125
    endloop
  endfacet
  facet normal 0 0 1
    outer loop
      vertex 1.38778e-14 -62.1657 125
      vertex -21.7257 -77.2197 125
      vertex -21.6697 -77.2111 125
    endloop
  endfacet
  facet normal 0 0 1
    outer loop
      vertex -22.15 -79.6258 125
      vertex -22.1985 -79.5964 125
      vertex -65.4863 -100 125
    endloop
  endfacet
  facet normal 0 0 1
    outer loop
      vertex -22.1985 -79.5964 125
      vertex -22.2456 -79.5649 125
      vertex -65.4863 -100 125
    endloop
  endfacet
  facet normal 0 0 1
    outer loop
      vertex -65.4863 -100 125
      vertex -22.2456 -79.5649 125
      vertex -22.2914 -79.5314 125
    endloop
  endfacet
  facet normal 0 0 1
    outer loop
      vertex -22.3783 -77.5415 125
      vertex -22.3356 -77.5041 125
      vertex -65.4863 -62.1657 125
    endloop
  endfacet
  facet normal 0 0 1
    outer loop
      vertex -22.3356 -77.5041 125
      vertex -22.2914 -77.4686 125
      vertex -65.4863 -62.1657 125
    endloop
  endfacet
  facet normal 0 0 1
    outer loop
      vertex -65.4863 -62.1657 125
      vertex -22.2914 -77.4686 125
      vertex -22.2456 -77.4351 125
    endloop
  endfacet
  facet normal 0 0 1
    outer loop
      vertex -22.2456 -77.4351 125
      vertex -22.1985 -77.4036 125
      vertex -65.4863 -62.1657 125
    endloop
  endfacet
  facet normal 0 0 1
    outer loop
      vertex -22.1985 -77.4036 125
      vertex -22.15 -77.3742 125
      vertex -65.4863 -62.1657 125
    endloop
  endfacet
  facet normal 0 0 1
    outer loop
      vertex -65.4863 -62.1657 125
      vertex -22.15 -77.3742 125
      vertex -22.1003 -77.3469 125
    endloop
  endfacet
  facet normal 0 0 1
    outer loop
      vertex -22.1003 -77.3469 125
      vertex -22.0494 -77.3218 125
      vertex -65.4863 -62.1657 125
    endloop
  endfacet
  facet normal 0 0 1
    outer loop
      vertex -22.0494 -77.3218 125
      vertex -21.9975 -77.299 125
      vertex -65.4863 -62.1657 125
    endloop
  endfacet
  facet normal 0 0 1
    outer loop
      vertex -65.4863 -62.1657 125
      vertex -21.9975 -77.299 125
      vertex -21.9446 -77.2784 125
    endloop
  endfacet
  facet normal 0 0 1
    outer loop
      vertex -21.9975 -79.701 125
      vertex -22.0494 -79.6782 125
      vertex -65.4863 -100 125
    endloop
  endfacet
  facet normal 0 0 1
    outer loop
      vertex -22.0494 -79.6782 125
      vertex -22.1003 -79.6531 125
      vertex -65.4863 -100 125
    endloop
  endfacet
  facet normal 0 0 1
    outer loop
      vertex -65.4863 -100 125
      vertex -22.1003 -79.6531 125
      vertex -22.15 -79.6258 125
    endloop
  endfacet
  facet normal 0 0 1
    outer loop
      vertex -65.4863 -100 125
      vertex -22.5964 -79.1985 125
      vertex -22.6258 -79.15 125
    endloop
  endfacet
  facet normal 0 0 1
    outer loop
      vertex -22.6258 -79.15 125
      vertex -22.6531 -79.1003 125
      vertex -65.4863 -100 125
    endloop
  endfacet
  facet normal 0 0 1
    outer loop
      vertex -22.6531 -79.1003 125
      vertex -22.6782 -79.0494 125
      vertex -65.4863 -100 125
    endloop
  endfacet
  facet normal 0 0 1
    outer loop
      vertex -65.4863 -100 125
      vertex -22.6782 -79.0494 125
      vertex -22.701 -78.9975 125
    endloop
  endfacet
  facet normal 0 0 1
    outer loop
      vertex -22.7951 -78.6133 125
      vertex -22.7988 -78.5567 125
      vertex -65.4863 -62.1657 125
    endloop
  endfacet
  facet normal 0 0 1
    outer loop
      vertex -22.7988 -78.5567 125
      vertex -22.8 -78.5 125
      vertex -65.4863 -62.1657 125
    endloop
  endfacet
  facet normal 0 0 1
    outer loop
      vertex -20.6644 -77.5041 125
      vertex -20.6217 -77.5415 125
      vertex 1.38778e-14 -62.1657 125
    endloop
  endfacet
  facet normal 0 0 1
    outer loop
      vertex -20.6217 -77.5415 125
      vertex -20.5808 -77.5808 125
      vertex 1.38778e-14 -62.1657 125
    endloop
  endfacet
  facet normal 0 0 1
    outer loop
      vertex 1.38778e-14 -62.1657 125
      vertex -20.5808 -77.5808 125
      vertex -20.5415 -77.6217 125
    endloop
  endfacet
  facet normal 0 0 1
    outer loop
      vertex -21.7814 -79.7692 125
      vertex -21.8365 -79.7557 125
      vertex -65.4863 -100 125
    endloop
  endfacet
  facet normal 0 0 1
    outer loop
      vertex -21.8365 -79.7557 125
      vertex -21.8909 -79.7398 125
      vertex -65.4863 -100 125
    endloop
  endfacet
  facet normal 0 0 1
    outer loop
      vertex -65.4863 -100 125
      vertex -21.8909 -79.7398 125
      vertex -21.9446 -79.7216 125
    endloop
  endfacet
  facet normal 0 0 1
    outer loop
      vertex -22.2914 -79.5314 125
      vertex -22.3356 -79.4959 125
      vertex -65.4863 -100 125
    endloop
  endfacet
  facet normal 0 0 1
    outer loop
      vertex -22.3356 -79.4959 125
      vertex -22.3783 -79.4585 125
      vertex -65.4863 -100 125
    endloop
  endfacet
  facet normal 0 0 1
    outer loop
      vertex -65.4863 -100 125
      vertex -22.3783 -79.4585 125
      vertex -22.4192 -79.4192 125
    endloop
  endfacet
  facet normal 0 0 1
    outer loop
      vertex -22.4959 -79.3356 125
      vertex -22.5314 -79.2914 125
      vertex -65.4863 -100 125
    endloop
  endfacet
  facet normal 0 0 1
    outer loop
      vertex -22.5314 -79.2914 125
      vertex -22.5649 -79.2456 125
      vertex -65.4863 -100 125
    endloop
  endfacet
  facet normal 0 0 1
    outer loop
      vertex -65.4863 -100 125
      vertex -22.5649 -79.2456 125
      vertex -22.5964 -79.1985 125
    endloop
  endfacet
  facet normal 0 0 1
    outer loop
      vertex -22.701 -78.9975 125
      vertex -22.7216 -78.9446 125
      vertex -65.4863 -100 125
    endloop
  endfacet
  facet normal 0 0 1
    outer loop
      vertex -22.7216 -78.9446 125
      vertex -22.7398 -78.8909 125
      vertex -65.4863 -100 125
    endloop
  endfacet
  facet normal 0 0 1
    outer loop
      vertex -65.4863 -100 125
      vertex -22.7398 -78.8909 125
      vertex -22.7557 -78.8365 125
    endloop
  endfacet
  facet normal 0 0 1
    outer loop
      vertex -22.7557 -78.8365 125
      vertex -22.7692 -78.7814 125
      vertex -65.4863 -100 125
    endloop
  endfacet
  facet normal 0 0 1
    outer loop
      vertex -22.7692 -78.7814 125
      vertex -22.7803 -78.7257 125
      vertex -65.4863 -100 125
    endloop
  endfacet
  facet normal 0 0 1
    outer loop
      vertex -65.4863 -100 125
      vertex -22.7803 -78.7257 125
      vertex -65.4863 -62.1657 125
    endloop
  endfacet
  facet normal 0 0 1
    outer loop
      vertex -22.7803 -78.7257 125
      vertex -22.7889 -78.6697 125
      vertex -65.4863 -62.1657 125
    endloop
  endfacet
  facet normal 0 0 1
    outer loop
      vertex -65.4863 -62.1657 125
      vertex -22.7889 -78.6697 125
      vertex -22.7951 -78.6133 125
    endloop
  endfacet
  facet normal 0 0 1
    outer loop
      vertex -22.8 -78.5 125
      vertex -22.7988 -78.4433 125
      vertex -65.4863 -62.1657 125
    endloop
  endfacet
  facet normal 0 0 1
    outer loop
      vertex -22.7988 -78.4433 125
      vertex -22.7951 -78.3867 125
      vertex -65.4863 -62.1657 125
    endloop
  endfacet
  facet normal 0 0 1
    outer loop
      vertex -65.4863 -62.1657 125
      vertex -22.7951 -78.3867 125
      vertex -22.7889 -78.3303 125
    endloop
  endfacet
  facet normal 0 0 1
    outer loop
      vertex -22.7889 -78.3303 125
      vertex -22.7803 -78.2743 125
      vertex -65.4863 -62.1657 125
    endloop
  endfacet
  facet normal 0 0 1
    outer loop
      vertex -22.7803 -78.2743 125
      vertex -22.7692 -78.2186 125
      vertex -65.4863 -62.1657 125
    endloop
  endfacet
  facet normal 0 0 1
    outer loop
      vertex -65.4863 -62.1657 125
      vertex -22.7692 -78.2186 125
      vertex -22.7557 -78.1635 125
    endloop
  endfacet
  facet normal 0 0 1
    outer loop
      vertex -22.7557 -78.1635 125
      vertex -22.7398 -78.1091 125
      vertex -65.4863 -62.1657 125
    endloop
  endfacet
  facet normal 0 0 1
    outer loop
      vertex -22.7398 -78.1091 125
      vertex -22.7216 -78.0554 125
      vertex -65.4863 -62.1657 125
    endloop
  endfacet
  facet normal 0 0 1
    outer loop
      vertex -65.4863 -62.1657 125
      vertex -22.7216 -78.0554 125
      vertex -22.701 -78.0025 125
    endloop
  endfacet
  facet normal 0 0 1
    outer loop
      vertex -20.5041 -77.6644 125
      vertex -20.4686 -77.7086 125
      vertex 1.38778e-14 -62.1657 125
    endloop
  endfacet
  facet normal 0 0 1
    outer loop
      vertex -20.4686 -77.7086 125
      vertex -20.4351 -77.7543 125
      vertex 1.38778e-14 -62.1657 125
    endloop
  endfacet
  facet normal 0 0 1
    outer loop
      vertex 1.38778e-14 -62.1657 125
      vertex -20.4351 -77.7543 125
      vertex -20.4036 -77.8015 125
    endloop
  endfacet
  facet normal 0 0 1
    outer loop
      vertex -20.4036 -77.8015 125
      vertex -20.3742 -77.85 125
      vertex 1.38778e-14 -62.1657 125
    endloop
  endfacet
  facet normal 0 0 1
    outer loop
      vertex -20.3742 -77.85 125
      vertex -20.3469 -77.8997 125
      vertex 1.38778e-14 -62.1657 125
    endloop
  endfacet
  facet normal 0 0 1
    outer loop
      vertex 1.38778e-14 -62.1657 125
      vertex -20.3469 -77.8997 125
      vertex -20.3218 -77.9506 125
    endloop
  endfacet
  facet normal 0 0 1
    outer loop
      vertex -20.3218 -77.9506 125
      vertex -20.299 -78.0025 125
      vertex 1.38778e-14 -62.1657 125
    endloop
  endfacet
  facet normal 0 0 1
    outer loop
      vertex -20.299 -78.0025 125
      vertex -20.2784 -78.0554 125
      vertex 1.38778e-14 -62.1657 125
    endloop
  endfacet
  facet normal 0 0 1
    outer loop
      vertex 1.38778e-14 -62.1657 125
      vertex -20.2784 -78.0554 125
      vertex -20.2602 -78.1091 125
    endloop
  endfacet
  facet normal 0 0 1
    outer loop
      vertex -22.701 -78.0025 125
      vertex -22.6782 -77.9506 125
      vertex -65.4863 -62.1657 125
    endloop
  endfacet
  facet normal 0 0 1
    outer loop
      vertex -22.6782 -77.9506 125
      vertex -22.6531 -77.8997 125
      vertex -65.4863 -62.1657 125
    endloop
  endfacet
  facet normal 0 0 1
    outer loop
      vertex -65.4863 -62.1657 125
      vertex -22.6531 -77.8997 125
      vertex -22.6258 -77.85 125
    endloop
  endfacet
  facet normal 0 0 1
    outer loop
      vertex -22.6258 -77.85 125
      vertex -22.5964 -77.8015 125
      vertex -65.4863 -62.1657 125
    endloop
  endfacet
  facet normal 0 0 1
    outer loop
      vertex -22.5964 -77.8015 125
      vertex -22.5649 -77.7543 125
      vertex -65.4863 -62.1657 125
    endloop
  endfacet
  facet normal 0 0 1
    outer loop
      vertex -65.4863 -62.1657 125
      vertex -22.5649 -77.7543 125
      vertex -22.5314 -77.7086 125
    endloop
  endfacet
  facet normal 0 0 1
    outer loop
      vertex 21.7257 -120.22 125
      vertex 21.7814 -120.231 125
      vertex 33.9 -100 125
    endloop
  endfacet
  facet normal 0 0 1
    outer loop
      vertex 21.2743 -122.78 125
      vertex 21.2186 -122.769 125
      vertex 1.38778e-14 -124.286 125
    endloop
  endfacet
  facet normal 0 0 1
    outer loop
      vertex 22.2456 -120.435 125
      vertex 22.2914 -120.469 125
      vertex 33.9 -100 125
    endloop
  endfacet
  facet normal 0 0 1
    outer loop
      vertex 22.2914 -120.469 125
      vertex 22.3356 -120.504 125
      vertex 33.9 -100 125
    endloop
  endfacet
  facet normal 0 0 1
    outer loop
      vertex 33.9 -100 125
      vertex 22.3356 -120.504 125
      vertex 22.3783 -120.542 125
    endloop
  endfacet
  facet normal 0 0 1
    outer loop
      vertex 22.2914 -122.531 125
      vertex 22.2456 -122.565 125
      vertex 33.9 -124.286 125
    endloop
  endfacet
  facet normal 0 0 1
    outer loop
      vertex 21.0554 -122.722 125
      vertex 21.0025 -122.701 125
      vertex 1.38778e-14 -124.286 125
    endloop
  endfacet
  facet normal 0 0 1
    outer loop
      vertex 21.0025 -122.701 125
      vertex 20.9506 -122.678 125
      vertex 1.38778e-14 -124.286 125
    endloop
  endfacet
  facet normal 0 0 1
    outer loop
      vertex 1.38778e-14 -124.286 125
      vertex 20.9506 -122.678 125
      vertex 20.8997 -122.653 125
    endloop
  endfacet
  facet normal 0 0 1
    outer loop
      vertex 33.9 -100 125
      vertex 21.5 -120.2 125
      vertex 21.5567 -120.201 125
    endloop
  endfacet
  facet normal 0 0 1
    outer loop
      vertex 21.9446 -120.278 125
      vertex 21.9975 -120.299 125
      vertex 33.9 -100 125
    endloop
  endfacet
  facet normal 0 0 1
    outer loop
      vertex 21.9975 -120.299 125
      vertex 22.0494 -120.322 125
      vertex 33.9 -100 125
    endloop
  endfacet
  facet normal 0 0 1
    outer loop
      vertex 33.9 -100 125
      vertex 22.0494 -120.322 125
      vertex 22.1003 -120.347 125
    endloop
  endfacet
  facet normal 0 0 1
    outer loop
      vertex 22.1003 -120.347 125
      vertex 22.15 -120.374 125
      vertex 33.9 -100 125
    endloop
  endfacet
  facet normal 0 0 1
    outer loop
      vertex 22.15 -120.374 125
      vertex 22.1985 -120.404 125
      vertex 33.9 -100 125
    endloop
  endfacet
  facet normal 0 0 1
    outer loop
      vertex 33.9 -100 125
      vertex 22.1985 -120.404 125
      vertex 22.2456 -120.435 125
    endloop
  endfacet
  facet normal 0 0 1
    outer loop
      vertex 22.3783 -120.542 125
      vertex 22.4192 -120.581 125
      vertex 33.9 -100 125
    endloop
  endfacet
  facet normal 0 0 1
    outer loop
      vertex 22.4192 -120.581 125
      vertex 22.4585 -120.622 125
      vertex 33.9 -100 125
    endloop
  endfacet
  facet normal 0 0 1
    outer loop
      vertex 33.9 -100 125
      vertex 22.4585 -120.622 125
      vertex 22.4959 -120.664 125
    endloop
  endfacet
  facet normal 0 0 1
    outer loop
      vertex 33.9 -124.286 125
      vertex 22.7951 -121.387 125
      vertex 22.7988 -121.443 125
    endloop
  endfacet
  facet normal 0 0 1
    outer loop
      vertex 20.7544 -122.565 125
      vertex 20.7086 -122.531 125
      vertex 1.38778e-14 -124.286 125
    endloop
  endfacet
  facet normal 0 0 1
    outer loop
      vertex 20.7086 -122.531 125
      vertex 20.6644 -122.496 125
      vertex 1.38778e-14 -124.286 125
    endloop
  endfacet
  facet normal 0 0 1
    outer loop
      vertex 1.38778e-14 -124.286 125
      vertex 20.6644 -122.496 125
      vertex 20.6217 -122.458 125
    endloop
  endfacet
  facet normal 0 0 1
    outer loop
      vertex 21.3303 -120.211 125
      vertex 21.3867 -120.205 125
      vertex 33.9 -100 125
    endloop
  endfacet
  facet normal 0 0 1
    outer loop
      vertex 21.3867 -120.205 125
      vertex 21.4433 -120.201 125
      vertex 33.9 -100 125
    endloop
  endfacet
  facet normal 0 0 1
    outer loop
      vertex 33.9 -100 125
      vertex 21.4433 -120.201 125
      vertex 21.5 -120.2 125
    endloop
  endfacet
  facet normal 0 0 1
    outer loop
      vertex 21.5567 -120.201 125
      vertex 21.6133 -120.205 125
      vertex 33.9 -100 125
    endloop
  endfacet
  facet normal 0 0 1
    outer loop
      vertex 21.6133 -120.205 125
      vertex 21.6697 -120.211 125
      vertex 33.9 -100 125
    endloop
  endfacet
  facet normal 0 0 1
    outer loop
      vertex 33.9 -100 125
      vertex 21.6697 -120.211 125
      vertex 21.7257 -120.22 125
    endloop
  endfacet
  facet normal 0 0 1
    outer loop
      vertex 22.4959 -120.664 125
      vertex 22.5314 -120.709 125
      vertex 33.9 -100 125
    endloop
  endfacet
  facet normal 0 0 1
    outer loop
      vertex 22.5314 -120.709 125
      vertex 22.5649 -120.754 125
      vertex 33.9 -100 125
    endloop
  endfacet
  facet normal 0 0 1
    outer loop
      vertex 33.9 -100 125
      vertex 22.5649 -120.754 125
      vertex 22.5964 -120.802 125
    endloop
  endfacet
  facet normal 0 0 1
    outer loop
      vertex 21.6697 -122.789 125
      vertex 33.9 -124.286 125
      vertex 21.7257 -122.78 125
    endloop
  endfacet
  facet normal 0 0 1
    outer loop
      vertex 33.9 -124.286 125
      vertex 21.7814 -122.769 125
      vertex 21.7257 -122.78 125
    endloop
  endfacet
  facet normal 0 0 1
    outer loop
      vertex 21.4433 -122.799 125
      vertex 21.3867 -122.795 125
      vertex 1.38778e-14 -124.286 125
    endloop
  endfacet
  facet normal 0 0 1
    outer loop
      vertex 21.3867 -122.795 125
      vertex 21.3303 -122.789 125
      vertex 1.38778e-14 -124.286 125
    endloop
  endfacet
  facet normal 0 0 1
    outer loop
      vertex 1.38778e-14 -124.286 125
      vertex 21.3303 -122.789 125
      vertex 21.2743 -122.78 125
    endloop
  endfacet
  facet normal 0 0 1
    outer loop
      vertex 20.5041 -120.664 125
      vertex 20.5415 -120.622 125
      vertex 1.38778e-14 -100 125
    endloop
  endfacet
  facet normal 0 0 1
    outer loop
      vertex 21.7814 -120.231 125
      vertex 21.8365 -120.244 125
      vertex 33.9 -100 125
    endloop
  endfacet
  facet normal 0 0 1
    outer loop
      vertex 21.8365 -120.244 125
      vertex 21.8909 -120.26 125
      vertex 33.9 -100 125
    endloop
  endfacet
  facet normal 0 0 1
    outer loop
      vertex 33.9 -100 125
      vertex 21.8909 -120.26 125
      vertex 21.9446 -120.278 125
    endloop
  endfacet
  facet normal 0 0 1
    outer loop
      vertex 22.5964 -120.802 125
      vertex 22.6258 -120.85 125
      vertex 33.9 -100 125
    endloop
  endfacet
  facet normal 0 0 1
    outer loop
      vertex 22.6258 -120.85 125
      vertex 22.6531 -120.9 125
      vertex 33.9 -100 125
    endloop
  endfacet
  facet normal 0 0 1
    outer loop
      vertex 33.9 -100 125
      vertex 22.6531 -120.9 125
      vertex 22.6782 -120.951 125
    endloop
  endfacet
  facet normal 0 0 1
    outer loop
      vertex 22.701 -121.003 125
      vertex 22.7216 -121.055 125
      vertex 33.9 -124.286 125
    endloop
  endfacet
  facet normal 0 0 1
    outer loop
      vertex 22.7692 -121.219 125
      vertex 22.7803 -121.274 125
      vertex 33.9 -124.286 125
    endloop
  endfacet
  facet normal 0 0 1
    outer loop
      vertex 22.7803 -121.274 125
      vertex 22.7889 -121.33 125
      vertex 33.9 -124.286 125
    endloop
  endfacet
  facet normal 0 0 1
    outer loop
      vertex 33.9 -124.286 125
      vertex 22.7889 -121.33 125
      vertex 22.7951 -121.387 125
    endloop
  endfacet
  facet normal 0 0 1
    outer loop
      vertex 22.2456 -122.565 125
      vertex 22.1985 -122.596 125
      vertex 33.9 -124.286 125
    endloop
  endfacet
  facet normal 0 0 1
    outer loop
      vertex 22.1985 -122.596 125
      vertex 22.15 -122.626 125
      vertex 33.9 -124.286 125
    endloop
  endfacet
  facet normal 0 0 1
    outer loop
      vertex 33.9 -124.286 125
      vertex 22.15 -122.626 125
      vertex 22.1003 -122.653 125
    endloop
  endfacet
  facet normal 0 0 1
    outer loop
      vertex 21.6697 -122.789 125
      vertex 21.6133 -122.795 125
      vertex 33.9 -124.286 125
    endloop
  endfacet
  facet normal 0 0 1
    outer loop
      vertex 21.6133 -122.795 125
      vertex 21.5567 -122.799 125
      vertex 33.9 -124.286 125
    endloop
  endfacet
  facet normal 0 0 1
    outer loop
      vertex 33.9 -124.286 125
      vertex 21.5567 -122.799 125
      vertex 1.38778e-14 -124.286 125
    endloop
  endfacet
  facet normal 0 0 1
    outer loop
      vertex 21.5567 -122.799 125
      vertex 21.5 -122.8 125
      vertex 1.38778e-14 -124.286 125
    endloop
  endfacet
  facet normal 0 0 1
    outer loop
      vertex 1.38778e-14 -124.286 125
      vertex 21.5 -122.8 125
      vertex 21.4433 -122.799 125
    endloop
  endfacet
  facet normal 0 0 1
    outer loop
      vertex 21.2186 -122.769 125
      vertex 21.1635 -122.756 125
      vertex 1.38778e-14 -124.286 125
    endloop
  endfacet
  facet normal 0 0 1
    outer loop
      vertex 21.1635 -122.756 125
      vertex 21.1091 -122.74 125
      vertex 1.38778e-14 -124.286 125
    endloop
  endfacet
  facet normal 0 0 1
    outer loop
      vertex 1.38778e-14 -124.286 125
      vertex 21.1091 -122.74 125
      vertex 21.0554 -122.722 125
    endloop
  endfacet
  facet normal 0 0 1
    outer loop
      vertex 20.8997 -122.653 125
      vertex 20.85 -122.626 125
      vertex 1.38778e-14 -124.286 125
    endloop
  endfacet
  facet normal 0 0 1
    outer loop
      vertex 20.85 -122.626 125
      vertex 20.8015 -122.596 125
      vertex 1.38778e-14 -124.286 125
    endloop
  endfacet
  facet normal 0 0 1
    outer loop
      vertex 1.38778e-14 -124.286 125
      vertex 20.8015 -122.596 125
      vertex 20.7544 -122.565 125
    endloop
  endfacet
  facet normal 0 0 1
    outer loop
      vertex 20.6644 -120.504 125
      vertex 20.7086 -120.469 125
      vertex 1.38778e-14 -100 125
    endloop
  endfacet
  facet normal 0 0 1
    outer loop
      vertex 20.7086 -120.469 125
      vertex 20.7544 -120.435 125
      vertex 1.38778e-14 -100 125
    endloop
  endfacet
  facet normal 0 0 1
    outer loop
      vertex 1.38778e-14 -100 125
      vertex 20.7544 -120.435 125
      vertex 20.8015 -120.404 125
    endloop
  endfacet
  facet normal 0 0 1
    outer loop
      vertex 22.7216 -121.055 125
      vertex 22.7398 -121.109 125
      vertex 33.9 -124.286 125
    endloop
  endfacet
  facet normal 0 0 1
    outer loop
      vertex 22.7398 -121.109 125
      vertex 22.7557 -121.164 125
      vertex 33.9 -124.286 125
    endloop
  endfacet
  facet normal 0 0 1
    outer loop
      vertex 33.9 -124.286 125
      vertex 22.7557 -121.164 125
      vertex 22.7692 -121.219 125
    endloop
  endfacet
  facet normal 0 0 1
    outer loop
      vertex 22.4192 -122.419 125
      vertex 22.3783 -122.458 125
      vertex 33.9 -124.286 125
    endloop
  endfacet
  facet normal 0 0 1
    outer loop
      vertex 22.3783 -122.458 125
      vertex 22.3356 -122.496 125
      vertex 33.9 -124.286 125
    endloop
  endfacet
  facet normal 0 0 1
    outer loop
      vertex 33.9 -124.286 125
      vertex 22.3356 -122.496 125
      vertex 22.2914 -122.531 125
    endloop
  endfacet
  facet normal 0 0 1
    outer loop
      vertex 22.1003 -122.653 125
      vertex 22.0494 -122.678 125
      vertex 33.9 -124.286 125
    endloop
  endfacet
  facet normal 0 0 1
    outer loop
      vertex 22.0494 -122.678 125
      vertex 21.9975 -122.701 125
      vertex 33.9 -124.286 125
    endloop
  endfacet
  facet normal 0 0 1
    outer loop
      vertex 33.9 -124.286 125
      vertex 21.9975 -122.701 125
      vertex 21.9446 -122.722 125
    endloop
  endfacet
  facet normal 0 0 1
    outer loop
      vertex 21.9446 -122.722 125
      vertex 21.8909 -122.74 125
      vertex 33.9 -124.286 125
    endloop
  endfacet
  facet normal 0 0 1
    outer loop
      vertex 21.8909 -122.74 125
      vertex 21.8365 -122.756 125
      vertex 33.9 -124.286 125
    endloop
  endfacet
  facet normal 0 0 1
    outer loop
      vertex 33.9 -124.286 125
      vertex 21.8365 -122.756 125
      vertex 21.7814 -122.769 125
    endloop
  endfacet
  facet normal 0 0 1
    outer loop
      vertex 20.6217 -122.458 125
      vertex 20.5808 -122.419 125
      vertex 1.38778e-14 -124.286 125
    endloop
  endfacet
  facet normal 0 0 1
    outer loop
      vertex 20.5808 -122.419 125
      vertex 20.5415 -122.378 125
      vertex 1.38778e-14 -124.286 125
    endloop
  endfacet
  facet normal 0 0 1
    outer loop
      vertex 1.38778e-14 -124.286 125
      vertex 20.5415 -122.378 125
      vertex 20.5041 -122.336 125
    endloop
  endfacet
  facet normal 0 0 1
    outer loop
      vertex 20.3218 -122.049 125
      vertex 20.299 -121.997 125
      vertex 1.38778e-14 -124.286 125
    endloop
  endfacet
  facet normal 0 0 1
    outer loop
      vertex 20.299 -121.997 125
      vertex 20.2784 -121.945 125
      vertex 1.38778e-14 -124.286 125
    endloop
  endfacet
  facet normal 0 0 1
    outer loop
      vertex 20.5415 -120.622 125
      vertex 20.5808 -120.581 125
      vertex 1.38778e-14 -100 125
    endloop
  endfacet
  facet normal 0 0 1
    outer loop
      vertex 20.5808 -120.581 125
      vertex 20.6217 -120.542 125
      vertex 1.38778e-14 -100 125
    endloop
  endfacet
  facet normal 0 0 1
    outer loop
      vertex 1.38778e-14 -100 125
      vertex 20.6217 -120.542 125
      vertex 20.6644 -120.504 125
    endloop
  endfacet
  facet normal 0 0 1
    outer loop
      vertex 20.9506 -120.322 125
      vertex 21.0025 -120.299 125
      vertex 1.38778e-14 -100 125
    endloop
  endfacet
  facet normal 0 0 1
    outer loop
      vertex 21.0025 -120.299 125
      vertex 21.0554 -120.278 125
      vertex 1.38778e-14 -100 125
    endloop
  endfacet
  facet normal 0 0 1
    outer loop
      vertex 1.38778e-14 -100 125
      vertex 21.0554 -120.278 125
      vertex 21.1091 -120.26 125
    endloop
  endfacet
  facet normal 0 0 1
    outer loop
      vertex 21.1091 -120.26 125
      vertex 21.1635 -120.244 125
      vertex 1.38778e-14 -100 125
    endloop
  endfacet
  facet normal 0 0 1
    outer loop
      vertex 21.1635 -120.244 125
      vertex 21.2186 -120.231 125
      vertex 1.38778e-14 -100 125
    endloop
  endfacet
  facet normal 0 0 1
    outer loop
      vertex 1.38778e-14 -100 125
      vertex 21.2186 -120.231 125
      vertex 33.9 -100 125
    endloop
  endfacet
  facet normal 0 0 1
    outer loop
      vertex 21.2186 -120.231 125
      vertex 21.2743 -120.22 125
      vertex 33.9 -100 125
    endloop
  endfacet
  facet normal 0 0 1
    outer loop
      vertex 33.9 -100 125
      vertex 21.2743 -120.22 125
      vertex 21.3303 -120.211 125
    endloop
  endfacet
  facet normal 0 0 1
    outer loop
      vertex 90 -124.286 125
      vertex 85.9384 -100 125
      vertex 85.9384 -124.286 125
    endloop
  endfacet
  facet normal 0 0 1
    outer loop
      vertex 85.9384 -100 125
      vertex 65.3888 -100 125
      vertex 85.9384 -124.286 125
    endloop
  endfacet
  facet normal 0 0 1
    outer loop
      vertex 85.9384 -124.286 125
      vertex 65.3888 -100 125
      vertex 65.3888 -124.286 125
    endloop
  endfacet
  facet normal 0 0 1
    outer loop
      vertex 65.3888 -100 125
      vertex 33.9 -100 125
      vertex 65.3888 -124.286 125
    endloop
  endfacet
  facet normal 0 0 1
    outer loop
      vertex 65.3888 -124.286 125
      vertex 33.9 -100 125
      vertex 33.9 -124.286 125
    endloop
  endfacet
  facet normal 0 0 1
    outer loop
      vertex 33.9 -100 125
      vertex 22.6782 -120.951 125
      vertex 33.9 -124.286 125
    endloop
  endfacet
  facet normal 0 0 1
    outer loop
      vertex 33.9 -124.286 125
      vertex 22.6782 -120.951 125
      vertex 22.701 -121.003 125
    endloop
  endfacet
  facet normal 0 0 1
    outer loop
      vertex 22.7988 -121.443 125
      vertex 22.8 -121.5 125
      vertex 33.9 -124.286 125
    endloop
  endfacet
  facet normal 0 0 1
    outer loop
      vertex 22.8 -121.5 125
      vertex 22.7988 -121.557 125
      vertex 33.9 -124.286 125
    endloop
  endfacet
  facet normal 0 0 1
    outer loop
      vertex 33.9 -124.286 125
      vertex 22.7988 -121.557 125
      vertex 22.7951 -121.613 125
    endloop
  endfacet
  facet normal 0 0 1
    outer loop
      vertex 22.6258 -122.15 125
      vertex 22.5964 -122.198 125
      vertex 33.9 -124.286 125
    endloop
  endfacet
  facet normal 0 0 1
    outer loop
      vertex 22.5964 -122.198 125
      vertex 22.5649 -122.246 125
      vertex 33.9 -124.286 125
    endloop
  endfacet
  facet normal 0 0 1
    outer loop
      vertex 33.9 -124.286 125
      vertex 22.5649 -122.246 125
      vertex 22.5314 -122.291 125
    endloop
  endfacet
  facet normal 0 0 1
    outer loop
      vertex 22.5314 -122.291 125
      vertex 22.4959 -122.336 125
      vertex 33.9 -124.286 125
    endloop
  endfacet
  facet normal 0 0 1
    outer loop
      vertex 22.4959 -122.336 125
      vertex 22.4585 -122.378 125
      vertex 33.9 -124.286 125
    endloop
  endfacet
  facet normal 0 0 1
    outer loop
      vertex 33.9 -124.286 125
      vertex 22.4585 -122.378 125
      vertex 22.4192 -122.419 125
    endloop
  endfacet
  facet normal 0 0 1
    outer loop
      vertex 20.8015 -120.404 125
      vertex 20.85 -120.374 125
      vertex 1.38778e-14 -100 125
    endloop
  endfacet
  facet normal 0 0 1
    outer loop
      vertex 20.85 -120.374 125
      vertex 20.8997 -120.347 125
      vertex 1.38778e-14 -100 125
    endloop
  endfacet
  facet normal 0 0 1
    outer loop
      vertex 1.38778e-14 -100 125
      vertex 20.8997 -120.347 125
      vertex 20.9506 -120.322 125
    endloop
  endfacet
  facet normal 0 0 1
    outer loop
      vertex 20.4036 -122.198 125
      vertex 20.3742 -122.15 125
      vertex 1.38778e-14 -124.286 125
    endloop
  endfacet
  facet normal 0 0 1
    outer loop
      vertex 20.3742 -122.15 125
      vertex 20.3469 -122.1 125
      vertex 1.38778e-14 -124.286 125
    endloop
  endfacet
  facet normal 0 0 1
    outer loop
      vertex 1.38778e-14 -124.286 125
      vertex 20.3469 -122.1 125
      vertex 20.3218 -122.049 125
    endloop
  endfacet
  facet normal 0 0 1
    outer loop
      vertex 20.2 -121.5 125
      vertex 1.38778e-14 -124.286 125
      vertex 20.2012 -121.557 125
    endloop
  endfacet
  facet normal 0 0 1
    outer loop
      vertex 1.38778e-14 -124.286 125
      vertex 20.2049 -121.613 125
      vertex 20.2012 -121.557 125
    endloop
  endfacet
  facet normal 0 0 1
    outer loop
      vertex 20.3218 -120.951 125
      vertex 20.3469 -120.9 125
      vertex 1.38778e-14 -100 125
    endloop
  endfacet
  facet normal 0 0 1
    outer loop
      vertex 20.3469 -120.9 125
      vertex 20.3742 -120.85 125
      vertex 1.38778e-14 -100 125
    endloop
  endfacet
  facet normal 0 0 1
    outer loop
      vertex 1.38778e-14 -100 125
      vertex 20.3742 -120.85 125
      vertex 20.4036 -120.802 125
    endloop
  endfacet
  facet normal 0 0 1
    outer loop
      vertex 33.9 -124.286 125
      vertex 22.7692 -121.781 125
      vertex 22.7557 -121.836 125
    endloop
  endfacet
  facet normal 0 0 1
    outer loop
      vertex 22.7557 -121.836 125
      vertex 22.7398 -121.891 125
      vertex 33.9 -124.286 125
    endloop
  endfacet
  facet normal 0 0 1
    outer loop
      vertex 22.7398 -121.891 125
      vertex 22.7216 -121.945 125
      vertex 33.9 -124.286 125
    endloop
  endfacet
  facet normal 0 0 1
    outer loop
      vertex 33.9 -124.286 125
      vertex 22.7216 -121.945 125
      vertex 22.701 -121.997 125
    endloop
  endfacet
  facet normal 0 0 1
    outer loop
      vertex 20.5041 -122.336 125
      vertex 20.4686 -122.291 125
      vertex 1.38778e-14 -124.286 125
    endloop
  endfacet
  facet normal 0 0 1
    outer loop
      vertex 20.4686 -122.291 125
      vertex 20.4351 -122.246 125
      vertex 1.38778e-14 -124.286 125
    endloop
  endfacet
  facet normal 0 0 1
    outer loop
      vertex 1.38778e-14 -124.286 125
      vertex 20.4351 -122.246 125
      vertex 20.4036 -122.198 125
    endloop
  endfacet
  facet normal 0 0 1
    outer loop
      vertex 20.2784 -121.945 125
      vertex 20.2602 -121.891 125
      vertex 1.38778e-14 -124.286 125
    endloop
  endfacet
  facet normal 0 0 1
    outer loop
      vertex 20.2602 -121.891 125
      vertex 20.2443 -121.836 125
      vertex 1.38778e-14 -124.286 125
    endloop
  endfacet
  facet normal 0 0 1
    outer loop
      vertex 1.38778e-14 -124.286 125
      vertex 20.2443 -121.836 125
      vertex 20.2308 -121.781 125
    endloop
  endfacet
  facet normal 0 0 1
    outer loop
      vertex 20.4036 -120.802 125
      vertex 20.4351 -120.754 125
      vertex 1.38778e-14 -100 125
    endloop
  endfacet
  facet normal 0 0 1
    outer loop
      vertex 20.4351 -120.754 125
      vertex 20.4686 -120.709 125
      vertex 1.38778e-14 -100 125
    endloop
  endfacet
  facet normal 0 0 1
    outer loop
      vertex 1.38778e-14 -100 125
      vertex 20.4686 -120.709 125
      vertex 20.5041 -120.664 125
    endloop
  endfacet
  facet normal 0 0 1
    outer loop
      vertex 22.7951 -121.613 125
      vertex 22.7889 -121.67 125
      vertex 33.9 -124.286 125
    endloop
  endfacet
  facet normal 0 0 1
    outer loop
      vertex 22.7889 -121.67 125
      vertex 22.7803 -121.726 125
      vertex 33.9 -124.286 125
    endloop
  endfacet
  facet normal 0 0 1
    outer loop
      vertex 33.9 -124.286 125
      vertex 22.7803 -121.726 125
      vertex 22.7692 -121.781 125
    endloop
  endfacet
  facet normal 0 0 1
    outer loop
      vertex 22.701 -121.997 125
      vertex 22.6782 -122.049 125
      vertex 33.9 -124.286 125
    endloop
  endfacet
  facet normal 0 0 1
    outer loop
      vertex 22.6782 -122.049 125
      vertex 22.6531 -122.1 125
      vertex 33.9 -124.286 125
    endloop
  endfacet
  facet normal 0 0 1
    outer loop
      vertex 33.9 -124.286 125
      vertex 22.6531 -122.1 125
      vertex 22.6258 -122.15 125
    endloop
  endfacet
  facet normal 0 0 1
    outer loop
      vertex 20.2308 -121.781 125
      vertex 20.2198 -121.726 125
      vertex 1.38778e-14 -124.286 125
    endloop
  endfacet
  facet normal 0 0 1
    outer loop
      vertex 20.2198 -121.726 125
      vertex 20.2111 -121.67 125
      vertex 1.38778e-14 -124.286 125
    endloop
  endfacet
  facet normal 0 0 1
    outer loop
      vertex 1.38778e-14 -124.286 125
      vertex 20.2111 -121.67 125
      vertex 20.2049 -121.613 125
    endloop
  endfacet
  facet normal 0 0 1
    outer loop
      vertex 20.2 -121.5 125
      vertex 20.2012 -121.443 125
      vertex 1.38778e-14 -124.286 125
    endloop
  endfacet
  facet normal 0 0 1
    outer loop
      vertex 20.2012 -121.443 125
      vertex 20.2049 -121.387 125
      vertex 1.38778e-14 -124.286 125
    endloop
  endfacet
  facet normal 0 0 1
    outer loop
      vertex 1.38778e-14 -124.286 125
      vertex 20.2049 -121.387 125
      vertex 20.2111 -121.33 125
    endloop
  endfacet
  facet normal 0 0 1
    outer loop
      vertex 20.2111 -121.33 125
      vertex 20.2198 -121.274 125
      vertex 1.38778e-14 -124.286 125
    endloop
  endfacet
  facet normal 0 0 1
    outer loop
      vertex 20.2198 -121.274 125
      vertex 20.2308 -121.219 125
      vertex 1.38778e-14 -124.286 125
    endloop
  endfacet
  facet normal 0 0 1
    outer loop
      vertex 1.38778e-14 -124.286 125
      vertex 20.2308 -121.219 125
      vertex 1.38778e-14 -100 125
    endloop
  endfacet
  facet normal 0 0 1
    outer loop
      vertex 20.2308 -121.219 125
      vertex 20.2443 -121.164 125
      vertex 1.38778e-14 -100 125
    endloop
  endfacet
  facet normal 0 0 1
    outer loop
      vertex 1.38778e-14 -100 125
      vertex 20.2443 -121.164 125
      vertex 20.2602 -121.109 125
    endloop
  endfacet
  facet normal 0 0 1
    outer loop
      vertex 20.2602 -121.109 125
      vertex 20.2784 -121.055 125
      vertex 1.38778e-14 -100 125
    endloop
  endfacet
  facet normal 0 0 1
    outer loop
      vertex 20.2784 -121.055 125
      vertex 20.299 -121.003 125
      vertex 1.38778e-14 -100 125
    endloop
  endfacet
  facet normal 0 0 1
    outer loop
      vertex 1.38778e-14 -100 125
      vertex 20.299 -121.003 125
      vertex 20.3218 -120.951 125
    endloop
  endfacet
  facet normal 0 0 1
    outer loop
      vertex -21.7257 -122.78 125
      vertex -21.7814 -122.769 125
      vertex -65.4863 -124.286 125
    endloop
  endfacet
  facet normal 0 0 1
    outer loop
      vertex -21.9446 -122.722 125
      vertex -21.9975 -122.701 125
      vertex -65.4863 -124.286 125
    endloop
  endfacet
  facet normal 0 0 1
    outer loop
      vertex -22.3783 -120.542 125
      vertex -22.3356 -120.504 125
      vertex -65.4863 -100 125
    endloop
  endfacet
  facet normal 0 0 1
    outer loop
      vertex -21.3867 -120.205 125
      vertex -21.3303 -120.211 125
      vertex 1.38778e-14 -100 125
    endloop
  endfacet
  facet normal 0 0 1
    outer loop
      vertex -21.3303 -120.211 125
      vertex -21.2743 -120.22 125
      vertex 1.38778e-14 -100 125
    endloop
  endfacet
  facet normal 0 0 1
    outer loop
      vertex 1.38778e-14 -100 125
      vertex -21.2743 -120.22 125
      vertex -21.2186 -120.231 125
    endloop
  endfacet
  facet normal 0 0 1
    outer loop
      vertex 1.38778e-14 -100 125
      vertex -20.7544 -120.435 125
      vertex -20.7086 -120.469 125
    endloop
  endfacet
  facet normal 0 0 1
    outer loop
      vertex -22.1985 -122.596 125
      vertex -22.2456 -122.565 125
      vertex -65.4863 -100 125
    endloop
  endfacet
  facet normal 0 0 1
    outer loop
      vertex -20.7086 -120.469 125
      vertex -20.6644 -120.504 125
      vertex 1.38778e-14 -100 125
    endloop
  endfacet
  facet normal 0 0 1
    outer loop
      vertex -20.6644 -120.504 125
      vertex -20.6217 -120.542 125
      vertex 1.38778e-14 -100 125
    endloop
  endfacet
  facet normal 0 0 1
    outer loop
      vertex 1.38778e-14 -100 125
      vertex -20.6217 -120.542 125
      vertex -20.5808 -120.581 125
    endloop
  endfacet
  facet normal 0 0 1
    outer loop
      vertex -21.3303 -122.789 125
      vertex 1.38778e-14 -124.286 125
      vertex -21.2743 -122.78 125
    endloop
  endfacet
  facet normal 0 0 1
    outer loop
      vertex 1.38778e-14 -124.286 125
      vertex -21.2186 -122.769 125
      vertex -21.2743 -122.78 125
    endloop
  endfacet
  facet normal 0 0 1
    outer loop
      vertex -21.5567 -122.799 125
      vertex -21.6133 -122.795 125
      vertex -65.4863 -124.286 125
    endloop
  endfacet
  facet normal 0 0 1
    outer loop
      vertex -21.6133 -122.795 125
      vertex -21.6697 -122.789 125
      vertex -65.4863 -124.286 125
    endloop
  endfacet
  facet normal 0 0 1
    outer loop
      vertex -65.4863 -124.286 125
      vertex -21.6697 -122.789 125
      vertex -21.7257 -122.78 125
    endloop
  endfacet
  facet normal 0 0 1
    outer loop
      vertex -21.7814 -122.769 125
      vertex -21.8365 -122.756 125
      vertex -65.4863 -124.286 125
    endloop
  endfacet
  facet normal 0 0 1
    outer loop
      vertex -21.8365 -122.756 125
      vertex -21.8909 -122.74 125
      vertex -65.4863 -124.286 125
    endloop
  endfacet
  facet normal 0 0 1
    outer loop
      vertex -65.4863 -124.286 125
      vertex -21.8909 -122.74 125
      vertex -21.9446 -122.722 125
    endloop
  endfacet
  facet normal 0 0 1
    outer loop
      vertex -22.4585 -122.378 125
      vertex -65.4863 -100 125
      vertex -22.4192 -122.419 125
    endloop
  endfacet
  facet normal 0 0 1
    outer loop
      vertex -65.4863 -100 125
      vertex -22.3783 -122.458 125
      vertex -22.4192 -122.419 125
    endloop
  endfacet
  facet normal 0 0 1
    outer loop
      vertex -21.5567 -120.201 125
      vertex 1.38778e-14 -100 125
      vertex -21.6133 -120.205 125
    endloop
  endfacet
  facet normal 0 0 1
    outer loop
      vertex 1.38778e-14 -100 125
      vertex -21.6697 -120.211 125
      vertex -21.6133 -120.205 125
    endloop
  endfacet
  facet normal 0 0 1
    outer loop
      vertex -21.0554 -120.278 125
      vertex -21.0025 -120.299 125
      vertex 1.38778e-14 -100 125
    endloop
  endfacet
  facet normal 0 0 1
    outer loop
      vertex -21.0025 -120.299 125
      vertex -20.9506 -120.322 125
      vertex 1.38778e-14 -100 125
    endloop
  endfacet
  facet normal 0 0 1
    outer loop
      vertex 1.38778e-14 -100 125
      vertex -20.9506 -120.322 125
      vertex -20.8997 -120.347 125
    endloop
  endfacet
  facet normal 0 0 1
    outer loop
      vertex -20.8997 -120.347 125
      vertex -20.85 -120.374 125
      vertex 1.38778e-14 -100 125
    endloop
  endfacet
  facet normal 0 0 1
    outer loop
      vertex -20.85 -120.374 125
      vertex -20.8015 -120.404 125
      vertex 1.38778e-14 -100 125
    endloop
  endfacet
  facet normal 0 0 1
    outer loop
      vertex 1.38778e-14 -100 125
      vertex -20.8015 -120.404 125
      vertex -20.7544 -120.435 125
    endloop
  endfacet
  facet normal 0 0 1
    outer loop
      vertex 1.38778e-14 -124.286 125
      vertex -20.2049 -121.387 125
      vertex -20.2012 -121.443 125
    endloop
  endfacet
  facet normal 0 0 1
    outer loop
      vertex -20.7086 -122.531 125
      vertex -20.7544 -122.565 125
      vertex 1.38778e-14 -124.286 125
    endloop
  endfacet
  facet normal 0 0 1
    outer loop
      vertex -20.7544 -122.565 125
      vertex -20.8015 -122.596 125
      vertex 1.38778e-14 -124.286 125
    endloop
  endfacet
  facet normal 0 0 1
    outer loop
      vertex -21.0554 -122.722 125
      vertex 1.38778e-14 -124.286 125
      vertex -21.0025 -122.701 125
    endloop
  endfacet
  facet normal 0 0 1
    outer loop
      vertex 1.38778e-14 -124.286 125
      vertex -20.9506 -122.678 125
      vertex -21.0025 -122.701 125
    endloop
  endfacet
  facet normal 0 0 1
    outer loop
      vertex -21.3303 -122.789 125
      vertex -21.3867 -122.795 125
      vertex 1.38778e-14 -124.286 125
    endloop
  endfacet
  facet normal 0 0 1
    outer loop
      vertex -21.3867 -122.795 125
      vertex -21.4433 -122.799 125
      vertex 1.38778e-14 -124.286 125
    endloop
  endfacet
  facet normal 0 0 1
    outer loop
      vertex 1.38778e-14 -124.286 125
      vertex -21.4433 -122.799 125
      vertex -65.4863 -124.286 125
    endloop
  endfacet
  facet normal 0 0 1
    outer loop
      vertex -21.4433 -122.799 125
      vertex -21.5 -122.8 125
      vertex -65.4863 -124.286 125
    endloop
  endfacet
  facet normal 0 0 1
    outer loop
      vertex -65.4863 -124.286 125
      vertex -21.5 -122.8 125
      vertex -21.5567 -122.799 125
    endloop
  endfacet
  facet normal 0 0 1
    outer loop
      vertex -21.9975 -122.701 125
      vertex -22.0494 -122.678 125
      vertex -65.4863 -124.286 125
    endloop
  endfacet
  facet normal 0 0 1
    outer loop
      vertex -22.0494 -122.678 125
      vertex -22.1003 -122.653 125
      vertex -65.4863 -124.286 125
    endloop
  endfacet
  facet normal 0 0 1
    outer loop
      vertex -65.4863 -124.286 125
      vertex -22.1003 -122.653 125
      vertex -65.4863 -100 125
    endloop
  endfacet
  facet normal 0 0 1
    outer loop
      vertex -22.1003 -122.653 125
      vertex -22.15 -122.626 125
      vertex -65.4863 -100 125
    endloop
  endfacet
  facet normal 0 0 1
    outer loop
      vertex -65.4863 -100 125
      vertex -22.15 -122.626 125
      vertex -22.1985 -122.596 125
    endloop
  endfacet
  facet normal 0 0 1
    outer loop
      vertex -22.2456 -122.565 125
      vertex -22.2914 -122.531 125
      vertex -65.4863 -100 125
    endloop
  endfacet
  facet normal 0 0 1
    outer loop
      vertex -22.2914 -122.531 125
      vertex -22.3356 -122.496 125
      vertex -65.4863 -100 125
    endloop
  endfacet
  facet normal 0 0 1
    outer loop
      vertex -65.4863 -100 125
      vertex -22.3356 -122.496 125
      vertex -22.3783 -122.458 125
    endloop
  endfacet
  facet normal 0 0 1
    outer loop
      vertex -22.3783 -120.542 125
      vertex -65.4863 -100 125
      vertex -22.4192 -120.581 125
    endloop
  endfacet
  facet normal 0 0 1
    outer loop
      vertex -22.3356 -120.504 125
      vertex -22.2914 -120.469 125
      vertex -65.4863 -100 125
    endloop
  endfacet
  facet normal 0 0 1
    outer loop
      vertex -22.2914 -120.469 125
      vertex -22.2456 -120.435 125
      vertex -65.4863 -100 125
    endloop
  endfacet
  facet normal 0 0 1
    outer loop
      vertex -65.4863 -100 125
      vertex -22.2456 -120.435 125
      vertex -22.1985 -120.404 125
    endloop
  endfacet
  facet normal 0 0 1
    outer loop
      vertex -21.5567 -120.201 125
      vertex -21.5 -120.2 125
      vertex 1.38778e-14 -100 125
    endloop
  endfacet
  facet normal 0 0 1
    outer loop
      vertex -21.5 -120.2 125
      vertex -21.4433 -120.201 125
      vertex 1.38778e-14 -100 125
    endloop
  endfacet
  facet normal 0 0 1
    outer loop
      vertex 1.38778e-14 -100 125
      vertex -21.4433 -120.201 125
      vertex -21.3867 -120.205 125
    endloop
  endfacet
  facet normal 0 0 1
    outer loop
      vertex -20.5808 -120.581 125
      vertex -20.5415 -120.622 125
      vertex 1.38778e-14 -100 125
    endloop
  endfacet
  facet normal 0 0 1
    outer loop
      vertex -20.5415 -120.622 125
      vertex -20.5041 -120.664 125
      vertex 1.38778e-14 -100 125
    endloop
  endfacet
  facet normal 0 0 1
    outer loop
      vertex 1.38778e-14 -100 125
      vertex -20.5041 -120.664 125
      vertex -20.4686 -120.709 125
    endloop
  endfacet
  facet normal 0 0 1
    outer loop
      vertex -20.5808 -122.419 125
      vertex -20.6217 -122.458 125
      vertex 1.38778e-14 -124.286 125
    endloop
  endfacet
  facet normal 0 0 1
    outer loop
      vertex -20.6217 -122.458 125
      vertex -20.6644 -122.496 125
      vertex 1.38778e-14 -124.286 125
    endloop
  endfacet
  facet normal 0 0 1
    outer loop
      vertex 1.38778e-14 -124.286 125
      vertex -20.6644 -122.496 125
      vertex -20.7086 -122.531 125
    endloop
  endfacet
  facet normal 0 0 1
    outer loop
      vertex -20.8015 -122.596 125
      vertex -20.85 -122.626 125
      vertex 1.38778e-14 -124.286 125
    endloop
  endfacet
  facet normal 0 0 1
    outer loop
      vertex -20.85 -122.626 125
      vertex -20.8997 -122.653 125
      vertex 1.38778e-14 -124.286 125
    endloop
  endfacet
  facet normal 0 0 1
    outer loop
      vertex 1.38778e-14 -124.286 125
      vertex -20.8997 -122.653 125
      vertex -20.9506 -122.678 125
    endloop
  endfacet
  facet normal 0 0 1
    outer loop
      vertex -21.0554 -122.722 125
      vertex -21.1091 -122.74 125
      vertex 1.38778e-14 -124.286 125
    endloop
  endfacet
  facet normal 0 0 1
    outer loop
      vertex -21.1091 -122.74 125
      vertex -21.1635 -122.756 125
      vertex 1.38778e-14 -124.286 125
    endloop
  endfacet
  facet normal 0 0 1
    outer loop
      vertex 1.38778e-14 -124.286 125
      vertex -21.1635 -122.756 125
      vertex -21.2186 -122.769 125
    endloop
  endfacet
  facet normal 0 0 1
    outer loop
      vertex -22.6531 -122.1 125
      vertex -22.6782 -122.049 125
      vertex -65.4863 -100 125
    endloop
  endfacet
  facet normal 0 0 1
    outer loop
      vertex -22.6782 -122.049 125
      vertex -22.701 -121.997 125
      vertex -65.4863 -100 125
    endloop
  endfacet
  facet normal 0 0 1
    outer loop
      vertex -65.4863 -100 125
      vertex -22.701 -121.997 125
      vertex -22.7216 -121.945 125
    endloop
  endfacet
  facet normal 0 0 1
    outer loop
      vertex -22.7216 -121.945 125
      vertex -22.7398 -121.891 125
      vertex -65.4863 -100 125
    endloop
  endfacet
  facet normal 0 0 1
    outer loop
      vertex -22.7398 -121.891 125
      vertex -22.7557 -121.836 125
      vertex -65.4863 -100 125
    endloop
  endfacet
  facet normal 0 0 1
    outer loop
      vertex -65.4863 -100 125
      vertex -22.7557 -121.836 125
      vertex -22.7692 -121.781 125
    endloop
  endfacet
  facet normal 0 0 1
    outer loop
      vertex -22.1985 -120.404 125
      vertex -22.15 -120.374 125
      vertex -65.4863 -100 125
    endloop
  endfacet
  facet normal 0 0 1
    outer loop
      vertex -22.15 -120.374 125
      vertex -22.1003 -120.347 125
      vertex -65.4863 -100 125
    endloop
  endfacet
  facet normal 0 0 1
    outer loop
      vertex -65.4863 -100 125
      vertex -22.1003 -120.347 125
      vertex -22.0494 -120.322 125
    endloop
  endfacet
  facet normal 0 0 1
    outer loop
      vertex -22.0494 -120.322 125
      vertex -21.9975 -120.299 125
      vertex -65.4863 -100 125
    endloop
  endfacet
  facet normal 0 0 1
    outer loop
      vertex -21.9975 -120.299 125
      vertex -21.9446 -120.278 125
      vertex -65.4863 -100 125
    endloop
  endfacet
  facet normal 0 0 1
    outer loop
      vertex -65.4863 -100 125
      vertex -21.9446 -120.278 125
      vertex -21.8909 -120.26 125
    endloop
  endfacet
  facet normal 0 0 1
    outer loop
      vertex -21.8909 -120.26 125
      vertex -21.8365 -120.244 125
      vertex -65.4863 -100 125
    endloop
  endfacet
  facet normal 0 0 1
    outer loop
      vertex -21.8365 -120.244 125
      vertex -21.7814 -120.231 125
      vertex -65.4863 -100 125
    endloop
  endfacet
  facet normal 0 0 1
    outer loop
      vertex -65.4863 -100 125
      vertex -21.7814 -120.231 125
      vertex 1.38778e-14 -100 125
    endloop
  endfacet
  facet normal 0 0 1
    outer loop
      vertex -21.7814 -120.231 125
      vertex -21.7257 -120.22 125
      vertex 1.38778e-14 -100 125
    endloop
  endfacet
  facet normal 0 0 1
    outer loop
      vertex 1.38778e-14 -100 125
      vertex -21.7257 -120.22 125
      vertex -21.6697 -120.211 125
    endloop
  endfacet
  facet normal 0 0 1
    outer loop
      vertex -21.2186 -120.231 125
      vertex -21.1635 -120.244 125
      vertex 1.38778e-14 -100 125
    endloop
  endfacet
  facet normal 0 0 1
    outer loop
      vertex -21.1635 -120.244 125
      vertex -21.1091 -120.26 125
      vertex 1.38778e-14 -100 125
    endloop
  endfacet
  facet normal 0 0 1
    outer loop
      vertex 1.38778e-14 -100 125
      vertex -21.1091 -120.26 125
      vertex -21.0554 -120.278 125
    endloop
  endfacet
  facet normal 0 0 1
    outer loop
      vertex -20.4686 -120.709 125
      vertex -20.4351 -120.754 125
      vertex 1.38778e-14 -100 125
    endloop
  endfacet
  facet normal 0 0 1
    outer loop
      vertex -20.4351 -120.754 125
      vertex -20.4036 -120.802 125
      vertex 1.38778e-14 -100 125
    endloop
  endfacet
  facet normal 0 0 1
    outer loop
      vertex 1.38778e-14 -100 125
      vertex -20.4036 -120.802 125
      vertex -20.3742 -120.85 125
    endloop
  endfacet
  facet normal 0 0 1
    outer loop
      vertex -20.2308 -121.219 125
      vertex -20.2198 -121.274 125
      vertex 1.38778e-14 -124.286 125
    endloop
  endfacet
  facet normal 0 0 1
    outer loop
      vertex -20.2198 -121.274 125
      vertex -20.2111 -121.33 125
      vertex 1.38778e-14 -124.286 125
    endloop
  endfacet
  facet normal 0 0 1
    outer loop
      vertex 1.38778e-14 -124.286 125
      vertex -20.2111 -121.33 125
      vertex -20.2049 -121.387 125
    endloop
  endfacet
  facet normal 0 0 1
    outer loop
      vertex -20.2012 -121.443 125
      vertex -20.2 -121.5 125
      vertex 1.38778e-14 -124.286 125
    endloop
  endfacet
  facet normal 0 0 1
    outer loop
      vertex -20.2 -121.5 125
      vertex -20.2012 -121.557 125
      vertex 1.38778e-14 -124.286 125
    endloop
  endfacet
  facet normal 0 0 1
    outer loop
      vertex 1.38778e-14 -124.286 125
      vertex -20.2012 -121.557 125
      vertex -20.2049 -121.613 125
    endloop
  endfacet
  facet normal 0 0 1
    outer loop
      vertex -20.3742 -122.15 125
      vertex -20.4036 -122.198 125
      vertex 1.38778e-14 -124.286 125
    endloop
  endfacet
  facet normal 0 0 1
    outer loop
      vertex -20.4036 -122.198 125
      vertex -20.4351 -122.246 125
      vertex 1.38778e-14 -124.286 125
    endloop
  endfacet
  facet normal 0 0 1
    outer loop
      vertex 1.38778e-14 -124.286 125
      vertex -20.4351 -122.246 125
      vertex -20.4686 -122.291 125
    endloop
  endfacet
  facet normal 0 0 1
    outer loop
      vertex -20.4686 -122.291 125
      vertex -20.5041 -122.336 125
      vertex 1.38778e-14 -124.286 125
    endloop
  endfacet
  facet normal 0 0 1
    outer loop
      vertex -20.5041 -122.336 125
      vertex -20.5415 -122.378 125
      vertex 1.38778e-14 -124.286 125
    endloop
  endfacet
  facet normal 0 0 1
    outer loop
      vertex 1.38778e-14 -124.286 125
      vertex -20.5415 -122.378 125
      vertex -20.5808 -122.419 125
    endloop
  endfacet
  facet normal 0 0 1
    outer loop
      vertex -22.4585 -122.378 125
      vertex -22.4959 -122.336 125
      vertex -65.4863 -100 125
    endloop
  endfacet
  facet normal 0 0 1
    outer loop
      vertex -22.4959 -122.336 125
      vertex -22.5314 -122.291 125
      vertex -65.4863 -100 125
    endloop
  endfacet
  facet normal 0 0 1
    outer loop
      vertex -65.4863 -100 125
      vertex -22.5314 -122.291 125
      vertex -22.5649 -122.246 125
    endloop
  endfacet
  facet normal 0 0 1
    outer loop
      vertex -22.5649 -122.246 125
      vertex -22.5964 -122.198 125
      vertex -65.4863 -100 125
    endloop
  endfacet
  facet normal 0 0 1
    outer loop
      vertex -22.5964 -122.198 125
      vertex -22.6258 -122.15 125
      vertex -65.4863 -100 125
    endloop
  endfacet
  facet normal 0 0 1
    outer loop
      vertex -65.4863 -100 125
      vertex -22.6258 -122.15 125
      vertex -22.6531 -122.1 125
    endloop
  endfacet
  facet normal 0 0 1
    outer loop
      vertex -22.6782 -120.951 125
      vertex -22.6531 -120.9 125
      vertex -65.4863 -100 125
    endloop
  endfacet
  facet normal 0 0 1
    outer loop
      vertex -65.4863 -100 125
      vertex -22.5649 -120.754 125
      vertex -22.5314 -120.709 125
    endloop
  endfacet
  facet normal 0 0 1
    outer loop
      vertex -20.2784 -121.055 125
      vertex -20.2602 -121.109 125
      vertex 1.38778e-14 -124.286 125
    endloop
  endfacet
  facet normal 0 0 1
    outer loop
      vertex -20.2602 -121.109 125
      vertex -20.2443 -121.164 125
      vertex 1.38778e-14 -124.286 125
    endloop
  endfacet
  facet normal 0 0 1
    outer loop
      vertex 1.38778e-14 -124.286 125
      vertex -20.2443 -121.164 125
      vertex -20.2308 -121.219 125
    endloop
  endfacet
  facet normal 0 0 1
    outer loop
      vertex -65.4863 -100 125
      vertex -22.7988 -121.443 125
      vertex -22.7951 -121.387 125
    endloop
  endfacet
  facet normal 0 0 1
    outer loop
      vertex -22.7692 -121.219 125
      vertex -22.7557 -121.164 125
      vertex -65.4863 -100 125
    endloop
  endfacet
  facet normal 0 0 1
    outer loop
      vertex -22.7557 -121.164 125
      vertex -22.7398 -121.109 125
      vertex -65.4863 -100 125
    endloop
  endfacet
  facet normal 0 0 1
    outer loop
      vertex -22.5314 -120.709 125
      vertex -22.4959 -120.664 125
      vertex -65.4863 -100 125
    endloop
  endfacet
  facet normal 0 0 1
    outer loop
      vertex -22.4959 -120.664 125
      vertex -22.4585 -120.622 125
      vertex -65.4863 -100 125
    endloop
  endfacet
  facet normal 0 0 1
    outer loop
      vertex -65.4863 -100 125
      vertex -22.4585 -120.622 125
      vertex -22.4192 -120.581 125
    endloop
  endfacet
  facet normal 0 0 1
    outer loop
      vertex -20.3742 -120.85 125
      vertex -20.3469 -120.9 125
      vertex 1.38778e-14 -100 125
    endloop
  endfacet
  facet normal 0 0 1
    outer loop
      vertex -20.3469 -120.9 125
      vertex -20.3218 -120.951 125
      vertex 1.38778e-14 -100 125
    endloop
  endfacet
  facet normal 0 0 1
    outer loop
      vertex 1.38778e-14 -100 125
      vertex -20.3218 -120.951 125
      vertex 1.38778e-14 -124.286 125
    endloop
  endfacet
  facet normal 0 0 1
    outer loop
      vertex -20.3218 -120.951 125
      vertex -20.299 -121.003 125
      vertex 1.38778e-14 -124.286 125
    endloop
  endfacet
  facet normal 0 0 1
    outer loop
      vertex 1.38778e-14 -124.286 125
      vertex -20.299 -121.003 125
      vertex -20.2784 -121.055 125
    endloop
  endfacet
  facet normal 0 0 1
    outer loop
      vertex 1.38778e-14 -124.286 125
      vertex -20.2308 -121.781 125
      vertex -20.2443 -121.836 125
    endloop
  endfacet
  facet normal 0 0 1
    outer loop
      vertex -20.2443 -121.836 125
      vertex -20.2602 -121.891 125
      vertex 1.38778e-14 -124.286 125
    endloop
  endfacet
  facet normal 0 0 1
    outer loop
      vertex -20.2602 -121.891 125
      vertex -20.2784 -121.945 125
      vertex 1.38778e-14 -124.286 125
    endloop
  endfacet
  facet normal 0 0 1
    outer loop
      vertex 1.38778e-14 -124.286 125
      vertex -20.2784 -121.945 125
      vertex -20.299 -121.997 125
    endloop
  endfacet
  facet normal 0 0 1
    outer loop
      vertex -22.7692 -121.781 125
      vertex -22.7803 -121.726 125
      vertex -65.4863 -100 125
    endloop
  endfacet
  facet normal 0 0 1
    outer loop
      vertex -22.7803 -121.726 125
      vertex -22.7889 -121.67 125
      vertex -65.4863 -100 125
    endloop
  endfacet
  facet normal 0 0 1
    outer loop
      vertex -65.4863 -100 125
      vertex -22.7889 -121.67 125
      vertex -22.7951 -121.613 125
    endloop
  endfacet
  facet normal 0 0 1
    outer loop
      vertex -22.7951 -121.613 125
      vertex -22.7988 -121.557 125
      vertex -65.4863 -100 125
    endloop
  endfacet
  facet normal 0 0 1
    outer loop
      vertex -22.7988 -121.557 125
      vertex -22.8 -121.5 125
      vertex -65.4863 -100 125
    endloop
  endfacet
  facet normal 0 0 1
    outer loop
      vertex -65.4863 -100 125
      vertex -22.8 -121.5 125
      vertex -22.7988 -121.443 125
    endloop
  endfacet
  facet normal 0 0 1
    outer loop
      vertex -22.7398 -121.109 125
      vertex -22.7216 -121.055 125
      vertex -65.4863 -100 125
    endloop
  endfacet
  facet normal 0 0 1
    outer loop
      vertex -22.7216 -121.055 125
      vertex -22.701 -121.003 125
      vertex -65.4863 -100 125
    endloop
  endfacet
  facet normal 0 0 1
    outer loop
      vertex -65.4863 -100 125
      vertex -22.701 -121.003 125
      vertex -22.6782 -120.951 125
    endloop
  endfacet
  facet normal 0 0 1
    outer loop
      vertex -22.6531 -120.9 125
      vertex -22.6258 -120.85 125
      vertex -65.4863 -100 125
    endloop
  endfacet
  facet normal 0 0 1
    outer loop
      vertex -22.6258 -120.85 125
      vertex -22.5964 -120.802 125
      vertex -65.4863 -100 125
    endloop
  endfacet
  facet normal 0 0 1
    outer loop
      vertex -65.4863 -100 125
      vertex -22.5964 -120.802 125
      vertex -22.5649 -120.754 125
    endloop
  endfacet
  facet normal 0 0 1
    outer loop
      vertex -20.2049 -121.613 125
      vertex -20.2111 -121.67 125
      vertex 1.38778e-14 -124.286 125
    endloop
  endfacet
  facet normal 0 0 1
    outer loop
      vertex -20.2111 -121.67 125
      vertex -20.2198 -121.726 125
      vertex 1.38778e-14 -124.286 125
    endloop
  endfacet
  facet normal 0 0 1
    outer loop
      vertex 1.38778e-14 -124.286 125
      vertex -20.2198 -121.726 125
      vertex -20.2308 -121.781 125
    endloop
  endfacet
  facet normal 0 0 1
    outer loop
      vertex -20.299 -121.997 125
      vertex -20.3218 -122.049 125
      vertex 1.38778e-14 -124.286 125
    endloop
  endfacet
  facet normal 0 0 1
    outer loop
      vertex -20.3218 -122.049 125
      vertex -20.3469 -122.1 125
      vertex 1.38778e-14 -124.286 125
    endloop
  endfacet
  facet normal 0 0 1
    outer loop
      vertex 1.38778e-14 -124.286 125
      vertex -20.3469 -122.1 125
      vertex -20.3742 -122.15 125
    endloop
  endfacet
  facet normal 0 0 1
    outer loop
      vertex -22.7951 -121.387 125
      vertex -22.7889 -121.33 125
      vertex -65.4863 -100 125
    endloop
  endfacet
  facet normal 0 0 1
    outer loop
      vertex -22.7889 -121.33 125
      vertex -22.7803 -121.274 125
      vertex -65.4863 -100 125
    endloop
  endfacet
  facet normal 0 0 1
    outer loop
      vertex -65.4863 -100 125
      vertex -22.7803 -121.274 125
      vertex -22.7692 -121.219 125
    endloop
  endfacet
  facet normal 0 0 1
    outer loop
      vertex 89.1057 -126.792 125
      vertex 89.1274 -126.856 125
      vertex 90 -124.286 125
    endloop
  endfacet
  facet normal 0 0 1
    outer loop
      vertex 89.1274 -126.856 125
      vertex 89.1463 -126.921 125
      vertex 90 -124.286 125
    endloop
  endfacet
  facet normal 0 0 1
    outer loop
      vertex 89.1463 -126.921 125
      vertex 89.1624 -126.986 125
      vertex 90 -124.286 125
    endloop
  endfacet
  facet normal 0 0 1
    outer loop
      vertex 89.1624 -126.986 125
      vertex 89.1756 -127.053 125
      vertex 90 -124.286 125
    endloop
  endfacet
  facet normal 0 0 1
    outer loop
      vertex 90 -124.286 125
      vertex 89.1756 -127.053 125
      vertex 89.1859 -127.12 125
    endloop
  endfacet
  facet normal 0 0 1
    outer loop
      vertex 88.6455 -128.509 125
      vertex 88.5927 -128.552 125
      vertex 90 -129.436 125
    endloop
  endfacet
  facet normal 0 0 1
    outer loop
      vertex 88.5927 -128.552 125
      vertex 88.5382 -128.592 125
      vertex 90 -129.436 125
    endloop
  endfacet
  facet normal 0 0 1
    outer loop
      vertex 90 -129.436 125
      vertex 88.5382 -128.592 125
      vertex 88.4819 -128.629 125
    endloop
  endfacet
  facet normal 0 0 1
    outer loop
      vertex 88.4819 -128.629 125
      vertex 88.4241 -128.664 125
      vertex 90 -129.436 125
    endloop
  endfacet
  facet normal 0 0 1
    outer loop
      vertex 88.4241 -128.664 125
      vertex 88.3648 -128.697 125
      vertex 90 -129.436 125
    endloop
  endfacet
  facet normal 0 0 1
    outer loop
      vertex 90 -129.436 125
      vertex 88.3648 -128.697 125
      vertex 88.3042 -128.727 125
    endloop
  endfacet
  facet normal 0 0 1
    outer loop
      vertex 88.3042 -125.917 125
      vertex 88.3648 -125.947 125
      vertex 90 -124.286 125
    endloop
  endfacet
  facet normal 0 0 1
    outer loop
      vertex 88.3648 -125.947 125
      vertex 88.4241 -125.98 125
      vertex 90 -124.286 125
    endloop
  endfacet
  facet normal 0 0 1
    outer loop
      vertex 90 -124.286 125
      vertex 88.4241 -125.98 125
      vertex 88.4819 -126.015 125
    endloop
  endfacet
  facet normal 0 0 1
    outer loop
      vertex 88.7919 -126.275 125
      vertex 88.8365 -126.326 125
      vertex 90 -124.286 125
    endloop
  endfacet
  facet normal 0 0 1
    outer loop
      vertex 88.8365 -126.326 125
      vertex 88.8788 -126.378 125
      vertex 90 -124.286 125
    endloop
  endfacet
  facet normal 0 0 1
    outer loop
      vertex 90 -124.286 125
      vertex 88.8788 -126.378 125
      vertex 88.9188 -126.433 125
    endloop
  endfacet
  facet normal 0 0 1
    outer loop
      vertex 88.9188 -126.433 125
      vertex 88.9564 -126.489 125
      vertex 90 -124.286 125
    endloop
  endfacet
  facet normal 0 0 1
    outer loop
      vertex 88.9564 -126.489 125
      vertex 88.9915 -126.547 125
      vertex 90 -124.286 125
    endloop
  endfacet
  facet normal 0 0 1
    outer loop
      vertex 90 -124.286 125
      vertex 88.9915 -126.547 125
      vertex 89.024 -126.606 125
    endloop
  endfacet
  facet normal 0 0 1
    outer loop
      vertex 89.024 -126.606 125
      vertex 89.0539 -126.667 125
      vertex 90 -124.286 125
    endloop
  endfacet
  facet normal 0 0 1
    outer loop
      vertex 89.0539 -126.667 125
      vertex 89.0811 -126.729 125
      vertex 90 -124.286 125
    endloop
  endfacet
  facet normal 0 0 1
    outer loop
      vertex 90 -124.286 125
      vertex 89.0811 -126.729 125
      vertex 89.1057 -126.792 125
    endloop
  endfacet
  facet normal 0 0 1
    outer loop
      vertex 89.1859 -127.12 125
      vertex 89.1932 -127.187 125
      vertex 90 -124.286 125
    endloop
  endfacet
  facet normal 0 0 1
    outer loop
      vertex 89.1932 -127.187 125
      vertex 89.1977 -127.254 125
      vertex 90 -124.286 125
    endloop
  endfacet
  facet normal 0 0 1
    outer loop
      vertex 90 -124.286 125
      vertex 89.1977 -127.254 125
      vertex 90 -129.436 125
    endloop
  endfacet
  facet normal 0 0 1
    outer loop
      vertex 86.8741 -128.664 125
      vertex 85.9384 -129.436 125
      vertex 86.9334 -128.697 125
    endloop
  endfacet
  facet normal 0 0 1
    outer loop
      vertex 85.9384 -129.436 125
      vertex 86.9941 -128.727 125
      vertex 86.9334 -128.697 125
    endloop
  endfacet
  facet normal 0 0 1
    outer loop
      vertex 86.8163 -126.015 125
      vertex 86.8741 -125.98 125
      vertex 85.9384 -124.286 125
    endloop
  endfacet
  facet normal 0 0 1
    outer loop
      vertex 86.8741 -125.98 125
      vertex 86.9334 -125.947 125
      vertex 85.9384 -124.286 125
    endloop
  endfacet
  facet normal 0 0 1
    outer loop
      vertex 85.9384 -124.286 125
      vertex 86.9334 -125.947 125
      vertex 86.9941 -125.917 125
    endloop
  endfacet
  facet normal 0 0 1
    outer loop
      vertex 89.024 -128.038 125
      vertex 88.9915 -128.097 125
      vertex 90 -129.436 125
    endloop
  endfacet
  facet normal 0 0 1
    outer loop
      vertex 88.9915 -128.097 125
      vertex 88.9564 -128.155 125
      vertex 90 -129.436 125
    endloop
  endfacet
  facet normal 0 0 1
    outer loop
      vertex 90 -129.436 125
      vertex 88.9564 -128.155 125
      vertex 88.9188 -128.211 125
    endloop
  endfacet
  facet normal 0 0 1
    outer loop
      vertex 87.183 -128.8 125
      vertex 87.119 -128.778 125
      vertex 85.9384 -129.436 125
    endloop
  endfacet
  facet normal 0 0 1
    outer loop
      vertex 87.119 -128.778 125
      vertex 87.056 -128.754 125
      vertex 85.9384 -129.436 125
    endloop
  endfacet
  facet normal 0 0 1
    outer loop
      vertex 85.9384 -129.436 125
      vertex 87.056 -128.754 125
      vertex 86.9941 -128.727 125
    endloop
  endfacet
  facet normal 0 0 1
    outer loop
      vertex 86.9941 -125.917 125
      vertex 87.056 -125.89 125
      vertex 85.9384 -124.286 125
    endloop
  endfacet
  facet normal 0 0 1
    outer loop
      vertex 87.056 -125.89 125
      vertex 87.119 -125.865 125
      vertex 85.9384 -124.286 125
    endloop
  endfacet
  facet normal 0 0 1
    outer loop
      vertex 85.9384 -124.286 125
      vertex 87.119 -125.865 125
      vertex 87.183 -125.844 125
    endloop
  endfacet
  facet normal 0 0 1
    outer loop
      vertex 87.183 -125.844 125
      vertex 87.248 -125.825 125
      vertex 85.9384 -124.286 125
    endloop
  endfacet
  facet normal 0 0 1
    outer loop
      vertex 87.248 -125.825 125
      vertex 87.3136 -125.809 125
      vertex 85.9384 -124.286 125
    endloop
  endfacet
  facet normal 0 0 1
    outer loop
      vertex 85.9384 -124.286 125
      vertex 87.3136 -125.809 125
      vertex 87.38 -125.795 125
    endloop
  endfacet
  facet normal 0 0 1
    outer loop
      vertex 87.8514 -125.785 125
      vertex 87.9183 -125.795 125
      vertex 90 -124.286 125
    endloop
  endfacet
  facet normal 0 0 1
    outer loop
      vertex 89.1624 -127.657 125
      vertex 89.1463 -127.723 125
      vertex 90 -129.436 125
    endloop
  endfacet
  facet normal 0 0 1
    outer loop
      vertex 89.1463 -127.723 125
      vertex 89.1274 -127.788 125
      vertex 90 -129.436 125
    endloop
  endfacet
  facet normal 0 0 1
    outer loop
      vertex 90 -129.436 125
      vertex 89.1274 -127.788 125
      vertex 89.1057 -127.852 125
    endloop
  endfacet
  facet normal 0 0 1
    outer loop
      vertex 89.1057 -127.852 125
      vertex 89.0811 -127.915 125
      vertex 90 -129.436 125
    endloop
  endfacet
  facet normal 0 0 1
    outer loop
      vertex 89.0811 -127.915 125
      vertex 89.0539 -127.977 125
      vertex 90 -129.436 125
    endloop
  endfacet
  facet normal 0 0 1
    outer loop
      vertex 90 -129.436 125
      vertex 89.0539 -127.977 125
      vertex 89.024 -128.038 125
    endloop
  endfacet
  facet normal 0 0 1
    outer loop
      vertex 88.9188 -128.211 125
      vertex 88.8788 -128.265 125
      vertex 90 -129.436 125
    endloop
  endfacet
  facet normal 0 0 1
    outer loop
      vertex 88.8788 -128.265 125
      vertex 88.8365 -128.318 125
      vertex 90 -129.436 125
    endloop
  endfacet
  facet normal 0 0 1
    outer loop
      vertex 90 -129.436 125
      vertex 88.8365 -128.318 125
      vertex 88.7919 -128.369 125
    endloop
  endfacet
  facet normal 0 0 1
    outer loop
      vertex 88.7919 -128.369 125
      vertex 88.7451 -128.418 125
      vertex 90 -129.436 125
    endloop
  endfacet
  facet normal 0 0 1
    outer loop
      vertex 88.7451 -128.418 125
      vertex 88.6963 -128.465 125
      vertex 90 -129.436 125
    endloop
  endfacet
  facet normal 0 0 1
    outer loop
      vertex 90 -129.436 125
      vertex 88.6963 -128.465 125
      vertex 88.6455 -128.509 125
    endloop
  endfacet
  facet normal 0 0 1
    outer loop
      vertex 86.8741 -128.664 125
      vertex 86.8163 -128.629 125
      vertex 85.9384 -129.436 125
    endloop
  endfacet
  facet normal 0 0 1
    outer loop
      vertex 86.8163 -128.629 125
      vertex 86.7601 -128.592 125
      vertex 85.9384 -129.436 125
    endloop
  endfacet
  facet normal 0 0 1
    outer loop
      vertex 85.9384 -129.436 125
      vertex 86.7601 -128.592 125
      vertex 86.7056 -128.552 125
    endloop
  endfacet
  facet normal 0 0 1
    outer loop
      vertex 87.38 -125.795 125
      vertex 87.4468 -125.785 125
      vertex 85.9384 -124.286 125
    endloop
  endfacet
  facet normal 0 0 1
    outer loop
      vertex 87.4468 -125.785 125
      vertex 87.514 -125.778 125
      vertex 85.9384 -124.286 125
    endloop
  endfacet
  facet normal 0 0 1
    outer loop
      vertex 85.9384 -124.286 125
      vertex 87.514 -125.778 125
      vertex 87.5815 -125.773 125
    endloop
  endfacet
  facet normal 0 0 1
    outer loop
      vertex 87.9183 -125.795 125
      vertex 87.9846 -125.809 125
      vertex 90 -124.286 125
    endloop
  endfacet
  facet normal 0 0 1
    outer loop
      vertex 87.9846 -125.809 125
      vertex 88.0503 -125.825 125
      vertex 90 -124.286 125
    endloop
  endfacet
  facet normal 0 0 1
    outer loop
      vertex 90 -124.286 125
      vertex 88.0503 -125.825 125
      vertex 88.1152 -125.844 125
    endloop
  endfacet
  facet normal 0 0 1
    outer loop
      vertex 88.1152 -125.844 125
      vertex 88.1793 -125.865 125
      vertex 90 -124.286 125
    endloop
  endfacet
  facet normal 0 0 1
    outer loop
      vertex 88.1793 -125.865 125
      vertex 88.2423 -125.89 125
      vertex 90 -124.286 125
    endloop
  endfacet
  facet normal 0 0 1
    outer loop
      vertex 90 -124.286 125
      vertex 88.2423 -125.89 125
      vertex 88.3042 -125.917 125
    endloop
  endfacet
  facet normal 0 0 1
    outer loop
      vertex 88.4819 -126.015 125
      vertex 88.5382 -126.052 125
      vertex 90 -124.286 125
    endloop
  endfacet
  facet normal 0 0 1
    outer loop
      vertex 88.5382 -126.052 125
      vertex 88.5927 -126.092 125
      vertex 90 -124.286 125
    endloop
  endfacet
  facet normal 0 0 1
    outer loop
      vertex 90 -124.286 125
      vertex 88.5927 -126.092 125
      vertex 88.6455 -126.134 125
    endloop
  endfacet
  facet normal 0 0 1
    outer loop
      vertex 88.6455 -126.134 125
      vertex 88.6963 -126.179 125
      vertex 90 -124.286 125
    endloop
  endfacet
  facet normal 0 0 1
    outer loop
      vertex 88.6963 -126.179 125
      vertex 88.7451 -126.226 125
      vertex 90 -124.286 125
    endloop
  endfacet
  facet normal 0 0 1
    outer loop
      vertex 90 -124.286 125
      vertex 88.7451 -126.226 125
      vertex 88.7919 -126.275 125
    endloop
  endfacet
  facet normal 0 0 1
    outer loop
      vertex 89.1977 -127.254 125
      vertex 89.1991 -127.322 125
      vertex 90 -129.436 125
    endloop
  endfacet
  facet normal 0 0 1
    outer loop
      vertex 89.1991 -127.322 125
      vertex 89.1977 -127.389 125
      vertex 90 -129.436 125
    endloop
  endfacet
  facet normal 0 0 1
    outer loop
      vertex 90 -129.436 125
      vertex 89.1977 -127.389 125
      vertex 89.1932 -127.457 125
    endloop
  endfacet
  facet normal 0 0 1
    outer loop
      vertex 90 -129.436 125
      vertex 87.7167 -128.87 125
      vertex 85.9384 -129.436 125
    endloop
  endfacet
  facet normal 0 0 1
    outer loop
      vertex 87.7167 -128.87 125
      vertex 87.6491 -128.872 125
      vertex 85.9384 -129.436 125
    endloop
  endfacet
  facet normal 0 0 1
    outer loop
      vertex 85.9384 -129.436 125
      vertex 87.6491 -128.872 125
      vertex 87.5815 -128.87 125
    endloop
  endfacet
  facet normal 0 0 1
    outer loop
      vertex 87.5815 -128.87 125
      vertex 87.514 -128.866 125
      vertex 85.9384 -129.436 125
    endloop
  endfacet
  facet normal 0 0 1
    outer loop
      vertex 87.514 -128.866 125
      vertex 87.4468 -128.859 125
      vertex 85.9384 -129.436 125
    endloop
  endfacet
  facet normal 0 0 1
    outer loop
      vertex 85.9384 -129.436 125
      vertex 87.4468 -128.859 125
      vertex 87.38 -128.848 125
    endloop
  endfacet
  facet normal 0 0 1
    outer loop
      vertex 87.38 -128.848 125
      vertex 87.3136 -128.835 125
      vertex 85.9384 -129.436 125
    endloop
  endfacet
  facet normal 0 0 1
    outer loop
      vertex 87.3136 -128.835 125
      vertex 87.248 -128.819 125
      vertex 85.9384 -129.436 125
    endloop
  endfacet
  facet normal 0 0 1
    outer loop
      vertex 85.9384 -129.436 125
      vertex 87.248 -128.819 125
      vertex 87.183 -128.8 125
    endloop
  endfacet
  facet normal 0 0 1
    outer loop
      vertex 86.7056 -128.552 125
      vertex 86.6528 -128.509 125
      vertex 85.9384 -129.436 125
    endloop
  endfacet
  facet normal 0 0 1
    outer loop
      vertex 86.6528 -128.509 125
      vertex 86.602 -128.465 125
      vertex 85.9384 -129.436 125
    endloop
  endfacet
  facet normal 0 0 1
    outer loop
      vertex 85.9384 -129.436 125
      vertex 86.602 -128.465 125
      vertex 86.5531 -128.418 125
    endloop
  endfacet
  facet normal 0 0 1
    outer loop
      vertex 86.5531 -128.418 125
      vertex 86.5064 -128.369 125
      vertex 85.9384 -129.436 125
    endloop
  endfacet
  facet normal 0 0 1
    outer loop
      vertex 86.5064 -128.369 125
      vertex 86.4618 -128.318 125
      vertex 85.9384 -129.436 125
    endloop
  endfacet
  facet normal 0 0 1
    outer loop
      vertex 85.9384 -129.436 125
      vertex 86.4618 -128.318 125
      vertex 86.4194 -128.265 125
    endloop
  endfacet
  facet normal 0 0 1
    outer loop
      vertex 87.5815 -125.773 125
      vertex 87.6491 -125.772 125
      vertex 85.9384 -124.286 125
    endloop
  endfacet
  facet normal 0 0 1
    outer loop
      vertex 87.6491 -125.772 125
      vertex 87.7167 -125.773 125
      vertex 85.9384 -124.286 125
    endloop
  endfacet
  facet normal 0 0 1
    outer loop
      vertex 85.9384 -124.286 125
      vertex 87.7167 -125.773 125
      vertex 90 -124.286 125
    endloop
  endfacet
  facet normal 0 0 1
    outer loop
      vertex 87.7167 -125.773 125
      vertex 87.7842 -125.778 125
      vertex 90 -124.286 125
    endloop
  endfacet
  facet normal 0 0 1
    outer loop
      vertex 90 -124.286 125
      vertex 87.7842 -125.778 125
      vertex 87.8514 -125.785 125
    endloop
  endfacet
  facet normal 0 0 1
    outer loop
      vertex 89.1932 -127.457 125
      vertex 89.1859 -127.524 125
      vertex 90 -129.436 125
    endloop
  endfacet
  facet normal 0 0 1
    outer loop
      vertex 89.1859 -127.524 125
      vertex 89.1756 -127.591 125
      vertex 90 -129.436 125
    endloop
  endfacet
  facet normal 0 0 1
    outer loop
      vertex 90 -129.436 125
      vertex 89.1756 -127.591 125
      vertex 89.1624 -127.657 125
    endloop
  endfacet
  facet normal 0 0 1
    outer loop
      vertex 88.3042 -128.727 125
      vertex 88.2423 -128.754 125
      vertex 90 -129.436 125
    endloop
  endfacet
  facet normal 0 0 1
    outer loop
      vertex 88.2423 -128.754 125
      vertex 88.1793 -128.778 125
      vertex 90 -129.436 125
    endloop
  endfacet
  facet normal 0 0 1
    outer loop
      vertex 90 -129.436 125
      vertex 88.1793 -128.778 125
      vertex 88.1152 -128.8 125
    endloop
  endfacet
  facet normal 0 0 1
    outer loop
      vertex 88.1152 -128.8 125
      vertex 88.0503 -128.819 125
      vertex 90 -129.436 125
    endloop
  endfacet
  facet normal 0 0 1
    outer loop
      vertex 88.0503 -128.819 125
      vertex 87.9846 -128.835 125
      vertex 90 -129.436 125
    endloop
  endfacet
  facet normal 0 0 1
    outer loop
      vertex 90 -129.436 125
      vertex 87.9846 -128.835 125
      vertex 87.9183 -128.848 125
    endloop
  endfacet
  facet normal 0 0 1
    outer loop
      vertex 86.0991 -127.322 125
      vertex 86.1006 -127.254 125
      vertex 85.9384 -124.286 125
    endloop
  endfacet
  facet normal 0 0 1
    outer loop
      vertex 86.3794 -126.433 125
      vertex 86.4194 -126.378 125
      vertex 85.9384 -124.286 125
    endloop
  endfacet
  facet normal 0 0 1
    outer loop
      vertex 86.4194 -126.378 125
      vertex 86.4618 -126.326 125
      vertex 85.9384 -124.286 125
    endloop
  endfacet
  facet normal 0 0 1
    outer loop
      vertex 85.9384 -124.286 125
      vertex 86.4618 -126.326 125
      vertex 86.5064 -126.275 125
    endloop
  endfacet
  facet normal 0 0 1
    outer loop
      vertex 87.9183 -128.848 125
      vertex 87.8514 -128.859 125
      vertex 90 -129.436 125
    endloop
  endfacet
  facet normal 0 0 1
    outer loop
      vertex 87.8514 -128.859 125
      vertex 87.7842 -128.866 125
      vertex 90 -129.436 125
    endloop
  endfacet
  facet normal 0 0 1
    outer loop
      vertex 90 -129.436 125
      vertex 87.7842 -128.866 125
      vertex 87.7167 -128.87 125
    endloop
  endfacet
  facet normal 0 0 1
    outer loop
      vertex 86.4194 -128.265 125
      vertex 86.3794 -128.211 125
      vertex 85.9384 -129.436 125
    endloop
  endfacet
  facet normal 0 0 1
    outer loop
      vertex 86.3794 -128.211 125
      vertex 86.3419 -128.155 125
      vertex 85.9384 -129.436 125
    endloop
  endfacet
  facet normal 0 0 1
    outer loop
      vertex 85.9384 -129.436 125
      vertex 86.3419 -128.155 125
      vertex 86.3068 -128.097 125
    endloop
  endfacet
  facet normal 0 0 1
    outer loop
      vertex 86.3068 -128.097 125
      vertex 86.2743 -128.038 125
      vertex 85.9384 -129.436 125
    endloop
  endfacet
  facet normal 0 0 1
    outer loop
      vertex 86.2743 -128.038 125
      vertex 86.2444 -127.977 125
      vertex 85.9384 -129.436 125
    endloop
  endfacet
  facet normal 0 0 1
    outer loop
      vertex 85.9384 -129.436 125
      vertex 86.2444 -127.977 125
      vertex 86.2171 -127.915 125
    endloop
  endfacet
  facet normal 0 0 1
    outer loop
      vertex 86.2171 -127.915 125
      vertex 86.1926 -127.852 125
      vertex 85.9384 -129.436 125
    endloop
  endfacet
  facet normal 0 0 1
    outer loop
      vertex 86.1926 -127.852 125
      vertex 86.1709 -127.788 125
      vertex 85.9384 -129.436 125
    endloop
  endfacet
  facet normal 0 0 1
    outer loop
      vertex 85.9384 -129.436 125
      vertex 86.1709 -127.788 125
      vertex 86.1519 -127.723 125
    endloop
  endfacet
  facet normal 0 0 1
    outer loop
      vertex 86.1519 -127.723 125
      vertex 86.1359 -127.657 125
      vertex 85.9384 -129.436 125
    endloop
  endfacet
  facet normal 0 0 1
    outer loop
      vertex 86.1359 -127.657 125
      vertex 86.1227 -127.591 125
      vertex 85.9384 -129.436 125
    endloop
  endfacet
  facet normal 0 0 1
    outer loop
      vertex 85.9384 -129.436 125
      vertex 86.1227 -127.591 125
      vertex 86.1124 -127.524 125
    endloop
  endfacet
  facet normal 0 0 1
    outer loop
      vertex 86.1124 -127.524 125
      vertex 86.105 -127.457 125
      vertex 85.9384 -129.436 125
    endloop
  endfacet
  facet normal 0 0 1
    outer loop
      vertex 86.105 -127.457 125
      vertex 86.1006 -127.389 125
      vertex 85.9384 -129.436 125
    endloop
  endfacet
  facet normal 0 0 1
    outer loop
      vertex 85.9384 -129.436 125
      vertex 86.1006 -127.389 125
      vertex 86.0991 -127.322 125
    endloop
  endfacet
  facet normal 0 0 1
    outer loop
      vertex 86.1227 -127.053 125
      vertex 86.1359 -126.986 125
      vertex 85.9384 -124.286 125
    endloop
  endfacet
  facet normal 0 0 1
    outer loop
      vertex 86.2743 -126.606 125
      vertex 86.3068 -126.547 125
      vertex 85.9384 -124.286 125
    endloop
  endfacet
  facet normal 0 0 1
    outer loop
      vertex 86.3068 -126.547 125
      vertex 86.3419 -126.489 125
      vertex 85.9384 -124.286 125
    endloop
  endfacet
  facet normal 0 0 1
    outer loop
      vertex 85.9384 -124.286 125
      vertex 86.3419 -126.489 125
      vertex 86.3794 -126.433 125
    endloop
  endfacet
  facet normal 0 0 1
    outer loop
      vertex 86.1359 -126.986 125
      vertex 86.1519 -126.921 125
      vertex 85.9384 -124.286 125
    endloop
  endfacet
  facet normal 0 0 1
    outer loop
      vertex 86.1519 -126.921 125
      vertex 86.1709 -126.856 125
      vertex 85.9384 -124.286 125
    endloop
  endfacet
  facet normal 0 0 1
    outer loop
      vertex 85.9384 -124.286 125
      vertex 86.1709 -126.856 125
      vertex 86.1926 -126.792 125
    endloop
  endfacet
  facet normal 0 0 1
    outer loop
      vertex 86.1926 -126.792 125
      vertex 86.2171 -126.729 125
      vertex 85.9384 -124.286 125
    endloop
  endfacet
  facet normal 0 0 1
    outer loop
      vertex 86.2171 -126.729 125
      vertex 86.2444 -126.667 125
      vertex 85.9384 -124.286 125
    endloop
  endfacet
  facet normal 0 0 1
    outer loop
      vertex 85.9384 -124.286 125
      vertex 86.2444 -126.667 125
      vertex 86.2743 -126.606 125
    endloop
  endfacet
  facet normal 0 0 1
    outer loop
      vertex 86.5064 -126.275 125
      vertex 86.5531 -126.226 125
      vertex 85.9384 -124.286 125
    endloop
  endfacet
  facet normal 0 0 1
    outer loop
      vertex 86.5531 -126.226 125
      vertex 86.602 -126.179 125
      vertex 85.9384 -124.286 125
    endloop
  endfacet
  facet normal 0 0 1
    outer loop
      vertex 85.9384 -124.286 125
      vertex 86.602 -126.179 125
      vertex 86.6528 -126.134 125
    endloop
  endfacet
  facet normal 0 0 1
    outer loop
      vertex 86.6528 -126.134 125
      vertex 86.7056 -126.092 125
      vertex 85.9384 -124.286 125
    endloop
  endfacet
  facet normal 0 0 1
    outer loop
      vertex 86.7056 -126.092 125
      vertex 86.7601 -126.052 125
      vertex 85.9384 -124.286 125
    endloop
  endfacet
  facet normal 0 0 1
    outer loop
      vertex 85.9384 -124.286 125
      vertex 86.7601 -126.052 125
      vertex 86.8163 -126.015 125
    endloop
  endfacet
  facet normal 0 0 1
    outer loop
      vertex 86.1006 -127.254 125
      vertex 86.105 -127.187 125
      vertex 85.9384 -124.286 125
    endloop
  endfacet
  facet normal 0 0 1
    outer loop
      vertex 86.105 -127.187 125
      vertex 86.1124 -127.12 125
      vertex 85.9384 -124.286 125
    endloop
  endfacet
  facet normal 0 0 1
    outer loop
      vertex 85.9384 -124.286 125
      vertex 86.1124 -127.12 125
      vertex 86.1227 -127.053 125
    endloop
  endfacet
  facet normal 0 0 1
    outer loop
      vertex 86.0991 -127.322 125
      vertex 85.9384 -124.286 125
      vertex 85.9384 -129.436 125
    endloop
  endfacet
  facet normal 0 0 1
    outer loop
      vertex 85.9384 -124.286 125
      vertex 65.3888 -124.286 125
      vertex 85.9384 -129.436 125
    endloop
  endfacet
  facet normal 0 0 1
    outer loop
      vertex 85.9384 -129.436 125
      vertex 65.3888 -124.286 125
      vertex 65.3888 -129.436 125
    endloop
  endfacet
  facet normal 0 0 1
    outer loop
      vertex 65.3888 -124.286 125
      vertex 33.9 -124.286 125
      vertex 65.3888 -129.436 125
    endloop
  endfacet
  facet normal 0 0 1
    outer loop
      vertex 65.3888 -129.436 125
      vertex 33.9 -124.286 125
      vertex 33.9 -129.436 125
    endloop
  endfacet
  facet normal 0 0 1
    outer loop
      vertex 33.9 -124.286 125
      vertex 1.38778e-14 -124.286 125
      vertex 33.9 -129.436 125
    endloop
  endfacet
  facet normal 0 0 1
    outer loop
      vertex 33.9 -129.436 125
      vertex 1.38778e-14 -124.286 125
      vertex 1.38778e-14 -129.436 125
    endloop
  endfacet
  facet normal 0 0 1
    outer loop
      vertex 1.38778e-14 -124.286 125
      vertex -65.4863 -124.286 125
      vertex 1.38778e-14 -129.436 125
    endloop
  endfacet
  facet normal 0 0 1
    outer loop
      vertex 1.38778e-14 -129.436 125
      vertex -65.4863 -124.286 125
      vertex -65.4863 -129.436 125
    endloop
  endfacet
  facet normal 0 0 1
    outer loop
      vertex -86.8675 -125.917 125
      vertex -86.8068 -125.947 125
      vertex -65.4863 -124.286 125
    endloop
  endfacet
  facet normal 0 0 1
    outer loop
      vertex -86.4265 -126.226 125
      vertex -86.3798 -126.275 125
      vertex -65.4863 -124.286 125
    endloop
  endfacet
  facet normal 0 0 1
    outer loop
      vertex -86.066 -126.792 125
      vertex -86.0443 -126.856 125
      vertex -65.4863 -124.286 125
    endloop
  endfacet
  facet normal 0 0 1
    outer loop
      vertex -86.0443 -126.856 125
      vertex -86.0254 -126.921 125
      vertex -65.4863 -124.286 125
    endloop
  endfacet
  facet normal 0 0 1
    outer loop
      vertex -86.0254 -126.921 125
      vertex -86.0093 -126.986 125
      vertex -65.4863 -124.286 125
    endloop
  endfacet
  facet normal 0 0 1
    outer loop
      vertex -86.0093 -126.986 125
      vertex -85.9961 -127.053 125
      vertex -65.4863 -124.286 125
    endloop
  endfacet
  facet normal 0 0 1
    outer loop
      vertex -65.4863 -124.286 125
      vertex -85.9961 -127.053 125
      vertex -85.9858 -127.12 125
    endloop
  endfacet
  facet normal 0 0 1
    outer loop
      vertex -85.974 -127.389 125
      vertex -85.9785 -127.457 125
      vertex -65.4863 -129.436 125
    endloop
  endfacet
  facet normal 0 0 1
    outer loop
      vertex -86.5262 -128.509 125
      vertex -86.579 -128.552 125
      vertex -65.4863 -129.436 125
    endloop
  endfacet
  facet normal 0 0 1
    outer loop
      vertex -86.579 -128.552 125
      vertex -86.6335 -128.592 125
      vertex -65.4863 -129.436 125
    endloop
  endfacet
  facet normal 0 0 1
    outer loop
      vertex -86.6335 -128.592 125
      vertex -86.6897 -128.629 125
      vertex -65.4863 -129.436 125
    endloop
  endfacet
  facet normal 0 0 1
    outer loop
      vertex -86.6897 -128.629 125
      vertex -86.7476 -128.664 125
      vertex -65.4863 -129.436 125
    endloop
  endfacet
  facet normal 0 0 1
    outer loop
      vertex -65.4863 -129.436 125
      vertex -86.7476 -128.664 125
      vertex -86.8068 -128.697 125
    endloop
  endfacet
  facet normal 0 0 1
    outer loop
      vertex -86.4265 -126.226 125
      vertex -65.4863 -124.286 125
      vertex -86.4754 -126.179 125
    endloop
  endfacet
  facet normal 0 0 1
    outer loop
      vertex -86.3798 -126.275 125
      vertex -86.3352 -126.326 125
      vertex -65.4863 -124.286 125
    endloop
  endfacet
  facet normal 0 0 1
    outer loop
      vertex -86.3352 -126.326 125
      vertex -86.2929 -126.378 125
      vertex -65.4863 -124.286 125
    endloop
  endfacet
  facet normal 0 0 1
    outer loop
      vertex -65.4863 -124.286 125
      vertex -86.2929 -126.378 125
      vertex -86.2529 -126.433 125
    endloop
  endfacet
  facet normal 0 0 1
    outer loop
      vertex -86.2529 -126.433 125
      vertex -86.2153 -126.489 125
      vertex -65.4863 -124.286 125
    endloop
  endfacet
  facet normal 0 0 1
    outer loop
      vertex -86.2153 -126.489 125
      vertex -86.1802 -126.547 125
      vertex -65.4863 -124.286 125
    endloop
  endfacet
  facet normal 0 0 1
    outer loop
      vertex -65.4863 -124.286 125
      vertex -86.1802 -126.547 125
      vertex -86.1477 -126.606 125
    endloop
  endfacet
  facet normal 0 0 1
    outer loop
      vertex -86.1477 -126.606 125
      vertex -86.1178 -126.667 125
      vertex -65.4863 -124.286 125
    endloop
  endfacet
  facet normal 0 0 1
    outer loop
      vertex -86.1178 -126.667 125
      vertex -86.0905 -126.729 125
      vertex -65.4863 -124.286 125
    endloop
  endfacet
  facet normal 0 0 1
    outer loop
      vertex -65.4863 -124.286 125
      vertex -86.0905 -126.729 125
      vertex -86.066 -126.792 125
    endloop
  endfacet
  facet normal 0 0 1
    outer loop
      vertex -85.9858 -127.12 125
      vertex -85.9785 -127.187 125
      vertex -65.4863 -124.286 125
    endloop
  endfacet
  facet normal 0 0 1
    outer loop
      vertex -85.9785 -127.187 125
      vertex -85.974 -127.254 125
      vertex -65.4863 -124.286 125
    endloop
  endfacet
  facet normal 0 0 1
    outer loop
      vertex -65.4863 -124.286 125
      vertex -85.974 -127.254 125
      vertex -65.4863 -129.436 125
    endloop
  endfacet
  facet normal 0 0 1
    outer loop
      vertex -85.974 -127.254 125
      vertex -85.9726 -127.322 125
      vertex -65.4863 -129.436 125
    endloop
  endfacet
  facet normal 0 0 1
    outer loop
      vertex -65.4863 -129.436 125
      vertex -85.9726 -127.322 125
      vertex -85.974 -127.389 125
    endloop
  endfacet
  facet normal 0 0 1
    outer loop
      vertex -88.1776 -128.727 125
      vertex -88.2383 -128.697 125
      vertex -89.5363 -129.436 125
    endloop
  endfacet
  facet normal 0 0 1
    outer loop
      vertex -88.2383 -128.697 125
      vertex -88.2976 -128.664 125
      vertex -89.5363 -129.436 125
    endloop
  endfacet
  facet normal 0 0 1
    outer loop
      vertex -89.5363 -129.436 125
      vertex -88.2976 -128.664 125
      vertex -88.3554 -128.629 125
    endloop
  endfacet
  facet normal 0 0 1
    outer loop
      vertex -88.3554 -126.015 125
      vertex -88.2976 -125.98 125
      vertex -89.5363 -124.286 125
    endloop
  endfacet
  facet normal 0 0 1
    outer loop
      vertex -88.2976 -125.98 125
      vertex -88.2383 -125.947 125
      vertex -89.5363 -124.286 125
    endloop
  endfacet
  facet normal 0 0 1
    outer loop
      vertex -89.5363 -124.286 125
      vertex -88.2383 -125.947 125
      vertex -88.1776 -125.917 125
    endloop
  endfacet
  facet normal 0 0 1
    outer loop
      vertex -86.1477 -128.038 125
      vertex -86.1802 -128.097 125
      vertex -65.4863 -129.436 125
    endloop
  endfacet
  facet normal 0 0 1
    outer loop
      vertex -86.1802 -128.097 125
      vertex -86.2153 -128.155 125
      vertex -65.4863 -129.436 125
    endloop
  endfacet
  facet normal 0 0 1
    outer loop
      vertex -65.4863 -129.436 125
      vertex -86.2153 -128.155 125
      vertex -86.2529 -128.211 125
    endloop
  endfacet
  facet normal 0 0 1
    outer loop
      vertex -87.9887 -128.8 125
      vertex -88.0527 -128.778 125
      vertex -89.5363 -129.436 125
    endloop
  endfacet
  facet normal 0 0 1
    outer loop
      vertex -88.0527 -128.778 125
      vertex -88.1157 -128.754 125
      vertex -89.5363 -129.436 125
    endloop
  endfacet
  facet normal 0 0 1
    outer loop
      vertex -89.5363 -129.436 125
      vertex -88.1157 -128.754 125
      vertex -88.1776 -128.727 125
    endloop
  endfacet
  facet normal 0 0 1
    outer loop
      vertex -88.1776 -125.917 125
      vertex -88.1157 -125.89 125
      vertex -89.5363 -124.286 125
    endloop
  endfacet
  facet normal 0 0 1
    outer loop
      vertex -88.1157 -125.89 125
      vertex -88.0527 -125.865 125
      vertex -89.5363 -124.286 125
    endloop
  endfacet
  facet normal 0 0 1
    outer loop
      vertex -89.5363 -124.286 125
      vertex -88.0527 -125.865 125
      vertex -87.9887 -125.844 125
    endloop
  endfacet
  facet normal 0 0 1
    outer loop
      vertex -87.9887 -125.844 125
      vertex -87.9237 -125.825 125
      vertex -89.5363 -124.286 125
    endloop
  endfacet
  facet normal 0 0 1
    outer loop
      vertex -87.9237 -125.825 125
      vertex -87.858 -125.809 125
      vertex -89.5363 -124.286 125
    endloop
  endfacet
  facet normal 0 0 1
    outer loop
      vertex -89.5363 -124.286 125
      vertex -87.858 -125.809 125
      vertex -87.7917 -125.795 125
    endloop
  endfacet
  facet normal 0 0 1
    outer loop
      vertex -65.4863 -124.286 125
      vertex -87.1214 -125.825 125
      vertex -87.0565 -125.844 125
    endloop
  endfacet
  facet normal 0 0 1
    outer loop
      vertex -86.8068 -125.947 125
      vertex -86.7476 -125.98 125
      vertex -65.4863 -124.286 125
    endloop
  endfacet
  facet normal 0 0 1
    outer loop
      vertex -86.7476 -125.98 125
      vertex -86.6897 -126.015 125
      vertex -65.4863 -124.286 125
    endloop
  endfacet
  facet normal 0 0 1
    outer loop
      vertex -65.4863 -124.286 125
      vertex -86.6897 -126.015 125
      vertex -86.6335 -126.052 125
    endloop
  endfacet
  facet normal 0 0 1
    outer loop
      vertex -86.0093 -127.657 125
      vertex -86.0254 -127.723 125
      vertex -65.4863 -129.436 125
    endloop
  endfacet
  facet normal 0 0 1
    outer loop
      vertex -86.0254 -127.723 125
      vertex -86.0443 -127.788 125
      vertex -65.4863 -129.436 125
    endloop
  endfacet
  facet normal 0 0 1
    outer loop
      vertex -65.4863 -129.436 125
      vertex -86.0443 -127.788 125
      vertex -86.066 -127.852 125
    endloop
  endfacet
  facet normal 0 0 1
    outer loop
      vertex -86.066 -127.852 125
      vertex -86.0905 -127.915 125
      vertex -65.4863 -129.436 125
    endloop
  endfacet
  facet normal 0 0 1
    outer loop
      vertex -86.0905 -127.915 125
      vertex -86.1178 -127.977 125
      vertex -65.4863 -129.436 125
    endloop
  endfacet
  facet normal 0 0 1
    outer loop
      vertex -65.4863 -129.436 125
      vertex -86.1178 -127.977 125
      vertex -86.1477 -128.038 125
    endloop
  endfacet
  facet normal 0 0 1
    outer loop
      vertex -86.2529 -128.211 125
      vertex -86.2929 -128.265 125
      vertex -65.4863 -129.436 125
    endloop
  endfacet
  facet normal 0 0 1
    outer loop
      vertex -86.2929 -128.265 125
      vertex -86.3352 -128.318 125
      vertex -65.4863 -129.436 125
    endloop
  endfacet
  facet normal 0 0 1
    outer loop
      vertex -65.4863 -129.436 125
      vertex -86.3352 -128.318 125
      vertex -86.3798 -128.369 125
    endloop
  endfacet
  facet normal 0 0 1
    outer loop
      vertex -86.3798 -128.369 125
      vertex -86.4265 -128.418 125
      vertex -65.4863 -129.436 125
    endloop
  endfacet
  facet normal 0 0 1
    outer loop
      vertex -86.4265 -128.418 125
      vertex -86.4754 -128.465 125
      vertex -65.4863 -129.436 125
    endloop
  endfacet
  facet normal 0 0 1
    outer loop
      vertex -65.4863 -129.436 125
      vertex -86.4754 -128.465 125
      vertex -86.5262 -128.509 125
    endloop
  endfacet
  facet normal 0 0 1
    outer loop
      vertex -87.5902 -128.87 125
      vertex -89.5363 -129.436 125
      vertex -87.5226 -128.872 125
    endloop
  endfacet
  facet normal 0 0 1
    outer loop
      vertex -89.5363 -129.436 125
      vertex -87.455 -128.87 125
      vertex -87.5226 -128.872 125
    endloop
  endfacet
  facet normal 0 0 1
    outer loop
      vertex -87.7917 -125.795 125
      vertex -87.7249 -125.785 125
      vertex -89.5363 -124.286 125
    endloop
  endfacet
  facet normal 0 0 1
    outer loop
      vertex -87.7249 -125.785 125
      vertex -87.6577 -125.778 125
      vertex -89.5363 -124.286 125
    endloop
  endfacet
  facet normal 0 0 1
    outer loop
      vertex -89.5363 -124.286 125
      vertex -87.6577 -125.778 125
      vertex -87.5902 -125.773 125
    endloop
  endfacet
  facet normal 0 0 1
    outer loop
      vertex -87.5902 -125.773 125
      vertex -87.5226 -125.772 125
      vertex -89.5363 -124.286 125
    endloop
  endfacet
  facet normal 0 0 1
    outer loop
      vertex -87.5226 -125.772 125
      vertex -87.455 -125.773 125
      vertex -89.5363 -124.286 125
    endloop
  endfacet
  facet normal 0 0 1
    outer loop
      vertex -89.5363 -124.286 125
      vertex -87.455 -125.773 125
      vertex -87.3875 -125.778 125
    endloop
  endfacet
  facet normal 0 0 1
    outer loop
      vertex -87.0565 -125.844 125
      vertex -86.9924 -125.865 125
      vertex -65.4863 -124.286 125
    endloop
  endfacet
  facet normal 0 0 1
    outer loop
      vertex -86.9924 -125.865 125
      vertex -86.9294 -125.89 125
      vertex -65.4863 -124.286 125
    endloop
  endfacet
  facet normal 0 0 1
    outer loop
      vertex -65.4863 -124.286 125
      vertex -86.9294 -125.89 125
      vertex -86.8675 -125.917 125
    endloop
  endfacet
  facet normal 0 0 1
    outer loop
      vertex -86.6335 -126.052 125
      vertex -86.579 -126.092 125
      vertex -65.4863 -124.286 125
    endloop
  endfacet
  facet normal 0 0 1
    outer loop
      vertex -86.579 -126.092 125
      vertex -86.5262 -126.134 125
      vertex -65.4863 -124.286 125
    endloop
  endfacet
  facet normal 0 0 1
    outer loop
      vertex -65.4863 -124.286 125
      vertex -86.5262 -126.134 125
      vertex -86.4754 -126.179 125
    endloop
  endfacet
  facet normal 0 0 1
    outer loop
      vertex -85.9785 -127.457 125
      vertex -85.9858 -127.524 125
      vertex -65.4863 -129.436 125
    endloop
  endfacet
  facet normal 0 0 1
    outer loop
      vertex -85.9858 -127.524 125
      vertex -85.9961 -127.591 125
      vertex -65.4863 -129.436 125
    endloop
  endfacet
  facet normal 0 0 1
    outer loop
      vertex -65.4863 -129.436 125
      vertex -85.9961 -127.591 125
      vertex -86.0093 -127.657 125
    endloop
  endfacet
  facet normal 0 0 1
    outer loop
      vertex -87.5902 -128.87 125
      vertex -87.6577 -128.866 125
      vertex -89.5363 -129.436 125
    endloop
  endfacet
  facet normal 0 0 1
    outer loop
      vertex -87.6577 -128.866 125
      vertex -87.7249 -128.859 125
      vertex -89.5363 -129.436 125
    endloop
  endfacet
  facet normal 0 0 1
    outer loop
      vertex -89.5363 -129.436 125
      vertex -87.7249 -128.859 125
      vertex -87.7917 -128.848 125
    endloop
  endfacet
  facet normal 0 0 1
    outer loop
      vertex -87.7917 -128.848 125
      vertex -87.858 -128.835 125
      vertex -89.5363 -129.436 125
    endloop
  endfacet
  facet normal 0 0 1
    outer loop
      vertex -87.858 -128.835 125
      vertex -87.9237 -128.819 125
      vertex -89.5363 -129.436 125
    endloop
  endfacet
  facet normal 0 0 1
    outer loop
      vertex -89.5363 -129.436 125
      vertex -87.9237 -128.819 125
      vertex -87.9887 -128.8 125
    endloop
  endfacet
  facet normal 0 0 1
    outer loop
      vertex -88.3554 -128.629 125
      vertex -88.4116 -128.592 125
      vertex -89.5363 -129.436 125
    endloop
  endfacet
  facet normal 0 0 1
    outer loop
      vertex -88.4116 -128.592 125
      vertex -88.4661 -128.552 125
      vertex -89.5363 -129.436 125
    endloop
  endfacet
  facet normal 0 0 1
    outer loop
      vertex -89.5363 -129.436 125
      vertex -88.4661 -128.552 125
      vertex -88.5189 -128.509 125
    endloop
  endfacet
  facet normal 0 0 1
    outer loop
      vertex -88.5189 -128.509 125
      vertex -88.5697 -128.465 125
      vertex -89.5363 -129.436 125
    endloop
  endfacet
  facet normal 0 0 1
    outer loop
      vertex -88.5697 -128.465 125
      vertex -88.6186 -128.418 125
      vertex -89.5363 -129.436 125
    endloop
  endfacet
  facet normal 0 0 1
    outer loop
      vertex -89.5363 -129.436 125
      vertex -88.6186 -128.418 125
      vertex -88.6653 -128.369 125
    endloop
  endfacet
  facet normal 0 0 1
    outer loop
      vertex -88.6653 -128.369 125
      vertex -88.7099 -128.318 125
      vertex -89.5363 -129.436 125
    endloop
  endfacet
  facet normal 0 0 1
    outer loop
      vertex -88.7099 -128.318 125
      vertex -88.7523 -128.265 125
      vertex -89.5363 -129.436 125
    endloop
  endfacet
  facet normal 0 0 1
    outer loop
      vertex -89.5363 -129.436 125
      vertex -88.7523 -128.265 125
      vertex -88.7922 -128.211 125
    endloop
  endfacet
  facet normal 0 0 1
    outer loop
      vertex -89.0667 -127.457 125
      vertex -89.0711 -127.389 125
      vertex -89.5363 -129.436 125
    endloop
  endfacet
  facet normal 0 0 1
    outer loop
      vertex -87.3875 -125.778 125
      vertex -87.3202 -125.785 125
      vertex -89.5363 -124.286 125
    endloop
  endfacet
  facet normal 0 0 1
    outer loop
      vertex -87.3202 -125.785 125
      vertex -87.2534 -125.795 125
      vertex -89.5363 -124.286 125
    endloop
  endfacet
  facet normal 0 0 1
    outer loop
      vertex -89.5363 -124.286 125
      vertex -87.2534 -125.795 125
      vertex -87.1871 -125.809 125
    endloop
  endfacet
  facet normal 0 0 1
    outer loop
      vertex -86.8675 125.145 125
      vertex -86.9294 125.118 125
      vertex -65.4863 53.9343 125
    endloop
  endfacet
  facet normal 0 0 1
    outer loop
      vertex -86.9294 125.118 125
      vertex -89.5363 53.9343 125
      vertex -65.4863 53.9343 125
    endloop
  endfacet
  facet normal 0 0 1
    outer loop
      vertex -65.4863 53.9343 125
      vertex -89.5363 53.9343 125
      vertex -65.4863 -62.1657 125
    endloop
  endfacet
  facet normal 0 0 1
    outer loop
      vertex -89.5363 53.9343 125
      vertex -89.5363 -62.1657 125
      vertex -65.4863 -62.1657 125
    endloop
  endfacet
  facet normal 0 0 1
    outer loop
      vertex -65.4863 -62.1657 125
      vertex -89.5363 -62.1657 125
      vertex -65.4863 -100 125
    endloop
  endfacet
  facet normal 0 0 1
    outer loop
      vertex -89.5363 -62.1657 125
      vertex -89.5363 -100 125
      vertex -65.4863 -100 125
    endloop
  endfacet
  facet normal 0 0 1
    outer loop
      vertex -65.4863 -100 125
      vertex -89.5363 -100 125
      vertex -65.4863 -124.286 125
    endloop
  endfacet
  facet normal 0 0 1
    outer loop
      vertex -89.5363 -100 125
      vertex -89.5363 -124.286 125
      vertex -65.4863 -124.286 125
    endloop
  endfacet
  facet normal 0 0 1
    outer loop
      vertex -65.4863 -124.286 125
      vertex -89.5363 -124.286 125
      vertex -87.1214 -125.825 125
    endloop
  endfacet
  facet normal 0 0 1
    outer loop
      vertex -89.5363 -124.286 125
      vertex -87.1871 -125.809 125
      vertex -87.1214 -125.825 125
    endloop
  endfacet
  facet normal 0 0 1
    outer loop
      vertex -86.8068 -128.697 125
      vertex -86.8675 -128.727 125
      vertex -65.4863 -129.436 125
    endloop
  endfacet
  facet normal 0 0 1
    outer loop
      vertex -86.8675 -128.727 125
      vertex -86.9294 -128.754 125
      vertex -65.4863 -129.436 125
    endloop
  endfacet
  facet normal 0 0 1
    outer loop
      vertex -65.4863 -129.436 125
      vertex -86.9294 -128.754 125
      vertex -86.9924 -128.778 125
    endloop
  endfacet
  facet normal 0 0 1
    outer loop
      vertex -88.7922 -126.433 125
      vertex -88.7523 -126.378 125
      vertex -89.5363 -124.286 125
    endloop
  endfacet
  facet normal 0 0 1
    outer loop
      vertex -88.7523 -126.378 125
      vertex -88.7099 -126.326 125
      vertex -89.5363 -124.286 125
    endloop
  endfacet
  facet normal 0 0 1
    outer loop
      vertex -89.5363 -124.286 125
      vertex -88.7099 -126.326 125
      vertex -88.6653 -126.275 125
    endloop
  endfacet
  facet normal 0 0 1
    outer loop
      vertex -86.9924 -128.778 125
      vertex -87.0565 -128.8 125
      vertex -65.4863 -129.436 125
    endloop
  endfacet
  facet normal 0 0 1
    outer loop
      vertex -87.0565 -128.8 125
      vertex -87.1214 -128.819 125
      vertex -65.4863 -129.436 125
    endloop
  endfacet
  facet normal 0 0 1
    outer loop
      vertex -65.4863 -129.436 125
      vertex -87.1214 -128.819 125
      vertex -89.5363 -129.436 125
    endloop
  endfacet
  facet normal 0 0 1
    outer loop
      vertex -87.1214 -128.819 125
      vertex -87.1871 -128.835 125
      vertex -89.5363 -129.436 125
    endloop
  endfacet
  facet normal 0 0 1
    outer loop
      vertex -89.5363 -129.436 125
      vertex -87.1871 -128.835 125
      vertex -87.2534 -128.848 125
    endloop
  endfacet
  facet normal 0 0 1
    outer loop
      vertex -87.2534 -128.848 125
      vertex -87.3202 -128.859 125
      vertex -89.5363 -129.436 125
    endloop
  endfacet
  facet normal 0 0 1
    outer loop
      vertex -87.3202 -128.859 125
      vertex -87.3875 -128.866 125
      vertex -89.5363 -129.436 125
    endloop
  endfacet
  facet normal 0 0 1
    outer loop
      vertex -89.5363 -129.436 125
      vertex -87.3875 -128.866 125
      vertex -87.455 -128.87 125
    endloop
  endfacet
  facet normal 0 0 1
    outer loop
      vertex -88.7922 -128.211 125
      vertex -88.8298 -128.155 125
      vertex -89.5363 -129.436 125
    endloop
  endfacet
  facet normal 0 0 1
    outer loop
      vertex -88.8298 -128.155 125
      vertex -88.8649 -128.097 125
      vertex -89.5363 -129.436 125
    endloop
  endfacet
  facet normal 0 0 1
    outer loop
      vertex -89.5363 -129.436 125
      vertex -88.8649 -128.097 125
      vertex -88.8974 -128.038 125
    endloop
  endfacet
  facet normal 0 0 1
    outer loop
      vertex -88.8974 -128.038 125
      vertex -88.9273 -127.977 125
      vertex -89.5363 -129.436 125
    endloop
  endfacet
  facet normal 0 0 1
    outer loop
      vertex -88.9273 -127.977 125
      vertex -88.9546 -127.915 125
      vertex -89.5363 -129.436 125
    endloop
  endfacet
  facet normal 0 0 1
    outer loop
      vertex -89.5363 -129.436 125
      vertex -88.9546 -127.915 125
      vertex -88.9791 -127.852 125
    endloop
  endfacet
  facet normal 0 0 1
    outer loop
      vertex -88.9791 -127.852 125
      vertex -89.0008 -127.788 125
      vertex -89.5363 -129.436 125
    endloop
  endfacet
  facet normal 0 0 1
    outer loop
      vertex -89.0008 -127.788 125
      vertex -89.0197 -127.723 125
      vertex -89.5363 -129.436 125
    endloop
  endfacet
  facet normal 0 0 1
    outer loop
      vertex -89.5363 -129.436 125
      vertex -89.0197 -127.723 125
      vertex -89.0358 -127.657 125
    endloop
  endfacet
  facet normal 0 0 1
    outer loop
      vertex -89.0358 -127.657 125
      vertex -89.049 -127.591 125
      vertex -89.5363 -129.436 125
    endloop
  endfacet
  facet normal 0 0 1
    outer loop
      vertex -89.049 -127.591 125
      vertex -89.0593 -127.524 125
      vertex -89.5363 -129.436 125
    endloop
  endfacet
  facet normal 0 0 1
    outer loop
      vertex -89.5363 -129.436 125
      vertex -89.0593 -127.524 125
      vertex -89.0667 -127.457 125
    endloop
  endfacet
  facet normal 0 0 1
    outer loop
      vertex -89.049 -127.053 125
      vertex -89.0358 -126.986 125
      vertex -89.5363 -124.286 125
    endloop
  endfacet
  facet normal 0 0 1
    outer loop
      vertex -88.8974 -126.606 125
      vertex -88.8649 -126.547 125
      vertex -89.5363 -124.286 125
    endloop
  endfacet
  facet normal 0 0 1
    outer loop
      vertex -88.8649 -126.547 125
      vertex -88.8298 -126.489 125
      vertex -89.5363 -124.286 125
    endloop
  endfacet
  facet normal 0 0 1
    outer loop
      vertex -89.5363 -124.286 125
      vertex -88.8298 -126.489 125
      vertex -88.7922 -126.433 125
    endloop
  endfacet
  facet normal 0 0 1
    outer loop
      vertex -89.049 -127.053 125
      vertex -89.5363 -124.286 125
      vertex -89.0593 -127.12 125
    endloop
  endfacet
  facet normal 0 0 1
    outer loop
      vertex -89.0358 -126.986 125
      vertex -89.0197 -126.921 125
      vertex -89.5363 -124.286 125
    endloop
  endfacet
  facet normal 0 0 1
    outer loop
      vertex -89.0197 -126.921 125
      vertex -89.0008 -126.856 125
      vertex -89.5363 -124.286 125
    endloop
  endfacet
  facet normal 0 0 1
    outer loop
      vertex -89.5363 -124.286 125
      vertex -89.0008 -126.856 125
      vertex -88.9791 -126.792 125
    endloop
  endfacet
  facet normal 0 0 1
    outer loop
      vertex -88.9791 -126.792 125
      vertex -88.9546 -126.729 125
      vertex -89.5363 -124.286 125
    endloop
  endfacet
  facet normal 0 0 1
    outer loop
      vertex -88.9546 -126.729 125
      vertex -88.9273 -126.667 125
      vertex -89.5363 -124.286 125
    endloop
  endfacet
  facet normal 0 0 1
    outer loop
      vertex -89.5363 -124.286 125
      vertex -88.9273 -126.667 125
      vertex -88.8974 -126.606 125
    endloop
  endfacet
  facet normal 0 0 1
    outer loop
      vertex -88.6653 -126.275 125
      vertex -88.6186 -126.226 125
      vertex -89.5363 -124.286 125
    endloop
  endfacet
  facet normal 0 0 1
    outer loop
      vertex -88.6186 -126.226 125
      vertex -88.5697 -126.179 125
      vertex -89.5363 -124.286 125
    endloop
  endfacet
  facet normal 0 0 1
    outer loop
      vertex -89.5363 -124.286 125
      vertex -88.5697 -126.179 125
      vertex -88.5189 -126.134 125
    endloop
  endfacet
  facet normal 0 0 1
    outer loop
      vertex -88.5189 -126.134 125
      vertex -88.4661 -126.092 125
      vertex -89.5363 -124.286 125
    endloop
  endfacet
  facet normal 0 0 1
    outer loop
      vertex -88.4661 -126.092 125
      vertex -88.4116 -126.052 125
      vertex -89.5363 -124.286 125
    endloop
  endfacet
  facet normal 0 0 1
    outer loop
      vertex -89.5363 -124.286 125
      vertex -88.4116 -126.052 125
      vertex -88.3554 -126.015 125
    endloop
  endfacet
  facet normal 0 0 1
    outer loop
      vertex -89.0711 -127.389 125
      vertex -89.0726 -127.322 125
      vertex -89.5363 -129.436 125
    endloop
  endfacet
  facet normal 0 0 1
    outer loop
      vertex -89.0726 -127.322 125
      vertex -89.0711 -127.254 125
      vertex -89.5363 -129.436 125
    endloop
  endfacet
  facet normal 0 0 1
    outer loop
      vertex -89.5363 -129.436 125
      vertex -89.0711 -127.254 125
      vertex -89.5363 -124.286 125
    endloop
  endfacet
  facet normal 0 0 1
    outer loop
      vertex -89.0711 -127.254 125
      vertex -89.0667 -127.187 125
      vertex -89.5363 -124.286 125
    endloop
  endfacet
  facet normal 0 0 1
    outer loop
      vertex -89.5363 -124.286 125
      vertex -89.0667 -127.187 125
      vertex -89.0593 -127.12 125
    endloop
  endfacet
  facet normal 0 0 1
    outer loop
      vertex -89.5363 130 125
      vertex -90 130 125
      vertex -89.5363 53.9343 125
    endloop
  endfacet
  facet normal 0 0 1
    outer loop
      vertex -90 130 125
      vertex -90 53.9343 125
      vertex -89.5363 53.9343 125
    endloop
  endfacet
  facet normal 0 0 1
    outer loop
      vertex -89.5363 53.9343 125
      vertex -90 53.9343 125
      vertex -89.5363 -62.1657 125
    endloop
  endfacet
  facet normal 0 0 1
    outer loop
      vertex -90 53.9343 125
      vertex -90 -62.1657 125
      vertex -89.5363 -62.1657 125
    endloop
  endfacet
  facet normal 0 0 1
    outer loop
      vertex -89.5363 -62.1657 125
      vertex -90 -62.1657 125
      vertex -89.5363 -100 125
    endloop
  endfacet
  facet normal 0 0 1
    outer loop
      vertex -90 -62.1657 125
      vertex -90 -100 125
      vertex -89.5363 -100 125
    endloop
  endfacet
  facet normal 0 0 1
    outer loop
      vertex -89.5363 -100 125
      vertex -90 -100 125
      vertex -89.5363 -124.286 125
    endloop
  endfacet
  facet normal 0 0 1
    outer loop
      vertex -90 -100 125
      vertex -90 -124.286 125
      vertex -89.5363 -124.286 125
    endloop
  endfacet
  facet normal 0 0 1
    outer loop
      vertex -89.5363 -124.286 125
      vertex -90 -124.286 125
      vertex -89.5363 -129.436 125
    endloop
  endfacet
  facet normal 0 0 1
    outer loop
      vertex -90 -124.286 125
      vertex -90 -129.436 125
      vertex -89.5363 -129.436 125
    endloop
  endfacet
  facet normal 0 0 1
    outer loop
      vertex 90 -130 125
      vertex 85.9384 -129.436 125
      vertex 85.9384 -130 125
    endloop
  endfacet
  facet normal 0 0 1
    outer loop
      vertex 85.9384 -129.436 125
      vertex 65.3888 -129.436 125
      vertex 85.9384 -130 125
    endloop
  endfacet
  facet normal 0 0 1
    outer loop
      vertex 85.9384 -130 125
      vertex 65.3888 -129.436 125
      vertex 65.3888 -130 125
    endloop
  endfacet
  facet normal 0 0 1
    outer loop
      vertex 65.3888 -129.436 125
      vertex 33.9 -129.436 125
      vertex 65.3888 -130 125
    endloop
  endfacet
  facet normal 0 0 1
    outer loop
      vertex 65.3888 -130 125
      vertex 33.9 -129.436 125
      vertex 33.9 -130 125
    endloop
  endfacet
  facet normal 0 0 1
    outer loop
      vertex 33.9 -129.436 125
      vertex 1.38778e-14 -129.436 125
      vertex 33.9 -130 125
    endloop
  endfacet
  facet normal 0 0 1
    outer loop
      vertex 33.9 -130 125
      vertex 1.38778e-14 -129.436 125
      vertex 1.04083e-14 -130 125
    endloop
  endfacet
  facet normal 0 0 1
    outer loop
      vertex 1.38778e-14 -129.436 125
      vertex -65.4863 -129.436 125
      vertex 1.04083e-14 -130 125
    endloop
  endfacet
  facet normal 0 0 1
    outer loop
      vertex 1.04083e-14 -130 125
      vertex -65.4863 -129.436 125
      vertex -65.4863 -130 125
    endloop
  endfacet
  facet normal 0 0 1
    outer loop
      vertex -65.4863 -129.436 125
      vertex -89.5363 -129.436 125
      vertex -65.4863 -130 125
    endloop
  endfacet
  facet normal 0 0 1
    outer loop
      vertex -65.4863 -130 125
      vertex -89.5363 -129.436 125
      vertex -89.5363 -130 125
    endloop
  endfacet
  facet normal 0 0 1
    outer loop
      vertex -89.5363 -129.436 125
      vertex -90 -129.436 125
      vertex -89.5363 -130 125
    endloop
  endfacet
  facet normal 0 0 1
    outer loop
      vertex -89.5363 -130 125
      vertex -90 -129.436 125
      vertex -90 -130 125
    endloop
  endfacet
  facet normal 0 0 -1
    outer loop
      vertex -22.7988 -78.4433 120
      vertex -22.8 -78.5 120
      vertex -65.4863 -62.1657 120
    endloop
  endfacet
  facet normal 0 0 -1
    outer loop
      vertex -22.7988 -121.443 120
      vertex -22.8 -121.5 120
      vertex -65.4863 -124.286 120
    endloop
  endfacet
  facet normal 0 0 -1
    outer loop
      vertex -89.5363 -130 120
      vertex -90 -130 120
      vertex -90 -129.436 120
    endloop
  endfacet
  facet normal 0 0 -1
    outer loop
      vertex 33.9 -130 120
      vertex -6.93889e-15 -130 120
      vertex 0 -129.436 120
    endloop
  endfacet
  facet normal 0 0 -1
    outer loop
      vertex 33.9 -47.1315 120
      vertex 45 -47.1315 120
      vertex 65.3888 -62.1657 120
    endloop
  endfacet
  facet normal 0 0 -1
    outer loop
      vertex 45 -47.1315 120
      vertex 45 -17.1315 120
      vertex 65.3888 -62.1657 120
    endloop
  endfacet
  facet normal 0 0 -1
    outer loop
      vertex 33.9 -47.1315 120
      vertex 33.9 -62.1657 120
      vertex -6.93889e-15 -47.1315 120
    endloop
  endfacet
  facet normal 0 0 -1
    outer loop
      vertex 33.9 -62.1657 120
      vertex 0 -62.1657 120
      vertex -6.93889e-15 -47.1315 120
    endloop
  endfacet
  facet normal 0 0 -1
    outer loop
      vertex -6.93889e-15 -47.1315 120
      vertex 0 -62.1657 120
      vertex -45 -47.1315 120
    endloop
  endfacet
  facet normal 0 0 -1
    outer loop
      vertex 0 -62.1657 120
      vertex -65.4863 -62.1657 120
      vertex -45 -47.1315 120
    endloop
  endfacet
  facet normal 0 0 -1
    outer loop
      vertex -45 -47.1315 120
      vertex -65.4863 -62.1657 120
      vertex -45 -17.1315 120
    endloop
  endfacet
  facet normal 0 0 -1
    outer loop
      vertex -65.4863 -62.1657 120
      vertex -65.4863 53.9343 120
      vertex -45 -17.1315 120
    endloop
  endfacet
  facet normal 0 0 -1
    outer loop
      vertex -45 -17.1315 120
      vertex -65.4863 53.9343 120
      vertex -6.93889e-15 -17.1315 120
    endloop
  endfacet
  facet normal 0 0 -1
    outer loop
      vertex -65.4863 53.9343 120
      vertex 0 53.9343 120
      vertex -6.93889e-15 -17.1315 120
    endloop
  endfacet
  facet normal 0 0 -1
    outer loop
      vertex -6.93889e-15 -17.1315 120
      vertex 0 53.9343 120
      vertex 33.9 -17.1315 120
    endloop
  endfacet
  facet normal 0 0 -1
    outer loop
      vertex 0 53.9343 120
      vertex 33.9 53.9343 120
      vertex 33.9 -17.1315 120
    endloop
  endfacet
  facet normal 0 0 -1
    outer loop
      vertex 33.9 -17.1315 120
      vertex 33.9 53.9343 120
      vertex 45 -17.1315 120
    endloop
  endfacet
  facet normal 0 0 -1
    outer loop
      vertex 33.9 53.9343 120
      vertex 65.3888 53.9343 120
      vertex 45 -17.1315 120
    endloop
  endfacet
  facet normal 0 0 -1
    outer loop
      vertex 45 -17.1315 120
      vertex 65.3888 53.9343 120
      vertex 65.3888 -62.1657 120
    endloop
  endfacet
  facet normal 0 0 -1
    outer loop
      vertex 86.4948 125.243 120
      vertex 86.5526 125.208 120
      vertex 85.9384 53.9343 120
    endloop
  endfacet
  facet normal 0 0 -1
    outer loop
      vertex 88.0433 127.925 120
      vertex 90 130 120
      vertex 88.1026 127.892 120
    endloop
  endfacet
  facet normal 0 0 -1
    outer loop
      vertex 90 130 120
      vertex 88.1604 127.857 120
      vertex 88.1026 127.892 120
    endloop
  endfacet
  facet normal 0 0 -1
    outer loop
      vertex 86.0579 127.439 120
      vertex 86.0203 127.383 120
      vertex 85.9384 130 120
    endloop
  endfacet
  facet normal 0 0 -1
    outer loop
      vertex 86.3313 125.363 120
      vertex 86.384 125.32 120
      vertex 85.9384 53.9343 120
    endloop
  endfacet
  facet normal 0 0 -1
    outer loop
      vertex 86.384 125.32 120
      vertex 86.4385 125.28 120
      vertex 85.9384 53.9343 120
    endloop
  endfacet
  facet normal 0 0 -1
    outer loop
      vertex 85.9384 53.9343 120
      vertex 86.4385 125.28 120
      vertex 86.4948 125.243 120
    endloop
  endfacet
  facet normal 0 0 -1
    outer loop
      vertex 86.5526 125.208 120
      vertex 86.6119 125.175 120
      vertex 90 53.9343 120
    endloop
  endfacet
  facet normal 0 0 -1
    outer loop
      vertex 87.9826 125.145 120
      vertex 88.0433 125.175 120
      vertex 90 53.9343 120
    endloop
  endfacet
  facet normal 0 0 -1
    outer loop
      vertex 88.0433 125.175 120
      vertex 88.1026 125.208 120
      vertex 90 53.9343 120
    endloop
  endfacet
  facet normal 0 0 -1
    outer loop
      vertex 90 53.9343 120
      vertex 88.1026 125.208 120
      vertex 88.1604 125.243 120
    endloop
  endfacet
  facet normal 0 0 -1
    outer loop
      vertex 88.1604 125.243 120
      vertex 88.2166 125.28 120
      vertex 90 53.9343 120
    endloop
  endfacet
  facet normal 0 0 -1
    outer loop
      vertex 88.2166 125.28 120
      vertex 88.2712 125.32 120
      vertex 90 53.9343 120
    endloop
  endfacet
  facet normal 0 0 -1
    outer loop
      vertex 90 53.9343 120
      vertex 88.2712 125.32 120
      vertex 88.3239 125.363 120
    endloop
  endfacet
  facet normal 0 0 -1
    outer loop
      vertex 88.854 126.819 120
      vertex 88.8408 126.885 120
      vertex 90 130 120
    endloop
  endfacet
  facet normal 0 0 -1
    outer loop
      vertex 88.0433 127.925 120
      vertex 87.9826 127.955 120
      vertex 90 130 120
    endloop
  endfacet
  facet normal 0 0 -1
    outer loop
      vertex 87.9826 127.955 120
      vertex 87.9207 127.982 120
      vertex 90 130 120
    endloop
  endfacet
  facet normal 0 0 -1
    outer loop
      vertex 90 130 120
      vertex 87.9207 127.982 120
      vertex 87.8577 128.007 120
    endloop
  endfacet
  facet normal 0 0 -1
    outer loop
      vertex 87.8577 128.007 120
      vertex 87.7937 128.028 120
      vertex 90 130 120
    endloop
  endfacet
  facet normal 0 0 -1
    outer loop
      vertex 87.7937 128.028 120
      vertex 87.7288 128.047 120
      vertex 90 130 120
    endloop
  endfacet
  facet normal 0 0 -1
    outer loop
      vertex 90 130 120
      vertex 87.7288 128.047 120
      vertex 87.6631 128.063 120
    endloop
  endfacet
  facet normal 0 0 -1
    outer loop
      vertex 86.9921 128.063 120
      vertex 86.9264 128.047 120
      vertex 85.9384 130 120
    endloop
  endfacet
  facet normal 0 0 -1
    outer loop
      vertex 86.9264 128.047 120
      vertex 86.8615 128.028 120
      vertex 85.9384 130 120
    endloop
  endfacet
  facet normal 0 0 -1
    outer loop
      vertex 85.9527 125.834 120
      vertex 85.9853 125.775 120
      vertex 85.9384 53.9343 120
    endloop
  endfacet
  facet normal 0 0 -1
    outer loop
      vertex 85.9853 125.775 120
      vertex 86.0203 125.717 120
      vertex 85.9384 53.9343 120
    endloop
  endfacet
  facet normal 0 0 -1
    outer loop
      vertex 85.9384 53.9343 120
      vertex 86.0203 125.717 120
      vertex 86.0579 125.661 120
    endloop
  endfacet
  facet normal 0 0 -1
    outer loop
      vertex 86.6119 125.175 120
      vertex 86.6725 125.145 120
      vertex 90 53.9343 120
    endloop
  endfacet
  facet normal 0 0 -1
    outer loop
      vertex 86.6725 125.145 120
      vertex 86.7344 125.118 120
      vertex 90 53.9343 120
    endloop
  endfacet
  facet normal 0 0 -1
    outer loop
      vertex 90 53.9343 120
      vertex 86.7344 125.118 120
      vertex 86.7975 125.093 120
    endloop
  endfacet
  facet normal 0 0 -1
    outer loop
      vertex 86.7975 125.093 120
      vertex 86.8615 125.072 120
      vertex 90 53.9343 120
    endloop
  endfacet
  facet normal 0 0 -1
    outer loop
      vertex 86.8615 125.072 120
      vertex 86.9264 125.053 120
      vertex 90 53.9343 120
    endloop
  endfacet
  facet normal 0 0 -1
    outer loop
      vertex 90 53.9343 120
      vertex 86.9264 125.053 120
      vertex 86.9921 125.037 120
    endloop
  endfacet
  facet normal 0 0 -1
    outer loop
      vertex 86.9921 125.037 120
      vertex 87.0584 125.024 120
      vertex 90 53.9343 120
    endloop
  endfacet
  facet normal 0 0 -1
    outer loop
      vertex 87.0584 125.024 120
      vertex 87.1253 125.013 120
      vertex 90 53.9343 120
    endloop
  endfacet
  facet normal 0 0 -1
    outer loop
      vertex 90 53.9343 120
      vertex 87.1253 125.013 120
      vertex 87.1925 125.006 120
    endloop
  endfacet
  facet normal 0 0 -1
    outer loop
      vertex 88.5973 125.661 120
      vertex 88.6348 125.717 120
      vertex 90 53.9343 120
    endloop
  endfacet
  facet normal 0 0 -1
    outer loop
      vertex 88.6348 125.717 120
      vertex 88.6699 125.775 120
      vertex 90 53.9343 120
    endloop
  endfacet
  facet normal 0 0 -1
    outer loop
      vertex 88.8408 126.885 120
      vertex 88.8248 126.951 120
      vertex 90 130 120
    endloop
  endfacet
  facet normal 0 0 -1
    outer loop
      vertex 88.8248 126.951 120
      vertex 88.8058 127.016 120
      vertex 90 130 120
    endloop
  endfacet
  facet normal 0 0 -1
    outer loop
      vertex 90 130 120
      vertex 88.8058 127.016 120
      vertex 88.7841 127.08 120
    endloop
  endfacet
  facet normal 0 0 -1
    outer loop
      vertex 88.7841 127.08 120
      vertex 88.7596 127.143 120
      vertex 90 130 120
    endloop
  endfacet
  facet normal 0 0 -1
    outer loop
      vertex 88.7596 127.143 120
      vertex 88.7324 127.205 120
      vertex 90 130 120
    endloop
  endfacet
  facet normal 0 0 -1
    outer loop
      vertex 90 130 120
      vertex 88.7324 127.205 120
      vertex 88.7025 127.266 120
    endloop
  endfacet
  facet normal 0 0 -1
    outer loop
      vertex 88.7025 127.266 120
      vertex 88.6699 127.325 120
      vertex 90 130 120
    endloop
  endfacet
  facet normal 0 0 -1
    outer loop
      vertex 88.6699 127.325 120
      vertex 88.6348 127.383 120
      vertex 90 130 120
    endloop
  endfacet
  facet normal 0 0 -1
    outer loop
      vertex 90 130 120
      vertex 88.6348 127.383 120
      vertex 88.5973 127.439 120
    endloop
  endfacet
  facet normal 0 0 -1
    outer loop
      vertex 88.5973 127.439 120
      vertex 88.5573 127.494 120
      vertex 90 130 120
    endloop
  endfacet
  facet normal 0 0 -1
    outer loop
      vertex 88.5573 127.494 120
      vertex 88.515 127.546 120
      vertex 90 130 120
    endloop
  endfacet
  facet normal 0 0 -1
    outer loop
      vertex 90 130 120
      vertex 88.515 127.546 120
      vertex 88.4704 127.597 120
    endloop
  endfacet
  facet normal 0 0 -1
    outer loop
      vertex 87.3952 128.099 120
      vertex 87.3276 128.1 120
      vertex 85.9384 130 120
    endloop
  endfacet
  facet normal 0 0 -1
    outer loop
      vertex 87.3276 128.1 120
      vertex 87.26 128.099 120
      vertex 85.9384 130 120
    endloop
  endfacet
  facet normal 0 0 -1
    outer loop
      vertex 85.9384 130 120
      vertex 87.26 128.099 120
      vertex 87.1925 128.094 120
    endloop
  endfacet
  facet normal 0 0 -1
    outer loop
      vertex 86.8615 128.028 120
      vertex 86.7975 128.007 120
      vertex 85.9384 130 120
    endloop
  endfacet
  facet normal 0 0 -1
    outer loop
      vertex 86.7975 128.007 120
      vertex 86.7344 127.982 120
      vertex 85.9384 130 120
    endloop
  endfacet
  facet normal 0 0 -1
    outer loop
      vertex 85.9384 130 120
      vertex 86.7344 127.982 120
      vertex 86.6725 127.955 120
    endloop
  endfacet
  facet normal 0 0 -1
    outer loop
      vertex 86.6725 127.955 120
      vertex 86.6119 127.925 120
      vertex 85.9384 130 120
    endloop
  endfacet
  facet normal 0 0 -1
    outer loop
      vertex 86.6119 127.925 120
      vertex 86.5526 127.892 120
      vertex 85.9384 130 120
    endloop
  endfacet
  facet normal 0 0 -1
    outer loop
      vertex 85.9384 130 120
      vertex 86.5526 127.892 120
      vertex 86.4948 127.857 120
    endloop
  endfacet
  facet normal 0 0 -1
    outer loop
      vertex 86.1848 127.597 120
      vertex 86.1402 127.546 120
      vertex 85.9384 130 120
    endloop
  endfacet
  facet normal 0 0 -1
    outer loop
      vertex 86.1402 127.546 120
      vertex 86.0979 127.494 120
      vertex 85.9384 130 120
    endloop
  endfacet
  facet normal 0 0 -1
    outer loop
      vertex 85.9384 130 120
      vertex 86.0979 127.494 120
      vertex 86.0579 127.439 120
    endloop
  endfacet
  facet normal 0 0 -1
    outer loop
      vertex 86.0579 125.661 120
      vertex 86.0979 125.606 120
      vertex 85.9384 53.9343 120
    endloop
  endfacet
  facet normal 0 0 -1
    outer loop
      vertex 86.0979 125.606 120
      vertex 86.1402 125.554 120
      vertex 85.9384 53.9343 120
    endloop
  endfacet
  facet normal 0 0 -1
    outer loop
      vertex 85.9384 53.9343 120
      vertex 86.1402 125.554 120
      vertex 86.1848 125.503 120
    endloop
  endfacet
  facet normal 0 0 -1
    outer loop
      vertex 86.1848 125.503 120
      vertex 86.2316 125.454 120
      vertex 85.9384 53.9343 120
    endloop
  endfacet
  facet normal 0 0 -1
    outer loop
      vertex 86.2316 125.454 120
      vertex 86.2804 125.407 120
      vertex 85.9384 53.9343 120
    endloop
  endfacet
  facet normal 0 0 -1
    outer loop
      vertex 85.9384 53.9343 120
      vertex 86.2804 125.407 120
      vertex 86.3313 125.363 120
    endloop
  endfacet
  facet normal 0 0 -1
    outer loop
      vertex 87.1925 125.006 120
      vertex 87.26 125.001 120
      vertex 90 53.9343 120
    endloop
  endfacet
  facet normal 0 0 -1
    outer loop
      vertex 87.26 125.001 120
      vertex 87.3276 125 120
      vertex 90 53.9343 120
    endloop
  endfacet
  facet normal 0 0 -1
    outer loop
      vertex 90 53.9343 120
      vertex 87.3276 125 120
      vertex 87.3952 125.001 120
    endloop
  endfacet
  facet normal 0 0 -1
    outer loop
      vertex 87.3952 125.001 120
      vertex 87.4627 125.006 120
      vertex 90 53.9343 120
    endloop
  endfacet
  facet normal 0 0 -1
    outer loop
      vertex 87.4627 125.006 120
      vertex 87.5299 125.013 120
      vertex 90 53.9343 120
    endloop
  endfacet
  facet normal 0 0 -1
    outer loop
      vertex 90 53.9343 120
      vertex 87.5299 125.013 120
      vertex 87.5967 125.024 120
    endloop
  endfacet
  facet normal 0 0 -1
    outer loop
      vertex 87.5967 125.024 120
      vertex 87.6631 125.037 120
      vertex 90 53.9343 120
    endloop
  endfacet
  facet normal 0 0 -1
    outer loop
      vertex 87.6631 125.037 120
      vertex 87.7288 125.053 120
      vertex 90 53.9343 120
    endloop
  endfacet
  facet normal 0 0 -1
    outer loop
      vertex 90 53.9343 120
      vertex 87.7288 125.053 120
      vertex 87.7937 125.072 120
    endloop
  endfacet
  facet normal 0 0 -1
    outer loop
      vertex 87.7937 125.072 120
      vertex 87.8577 125.093 120
      vertex 90 53.9343 120
    endloop
  endfacet
  facet normal 0 0 -1
    outer loop
      vertex 87.8577 125.093 120
      vertex 87.9207 125.118 120
      vertex 90 53.9343 120
    endloop
  endfacet
  facet normal 0 0 -1
    outer loop
      vertex 90 53.9343 120
      vertex 87.9207 125.118 120
      vertex 87.9826 125.145 120
    endloop
  endfacet
  facet normal 0 0 -1
    outer loop
      vertex 87.6631 128.063 120
      vertex 87.5967 128.076 120
      vertex 90 130 120
    endloop
  endfacet
  facet normal 0 0 -1
    outer loop
      vertex 87.5967 128.076 120
      vertex 87.5299 128.087 120
      vertex 90 130 120
    endloop
  endfacet
  facet normal 0 0 -1
    outer loop
      vertex 90 130 120
      vertex 87.5299 128.087 120
      vertex 85.9384 130 120
    endloop
  endfacet
  facet normal 0 0 -1
    outer loop
      vertex 87.5299 128.087 120
      vertex 87.4627 128.094 120
      vertex 85.9384 130 120
    endloop
  endfacet
  facet normal 0 0 -1
    outer loop
      vertex 85.9384 130 120
      vertex 87.4627 128.094 120
      vertex 87.3952 128.099 120
    endloop
  endfacet
  facet normal 0 0 -1
    outer loop
      vertex 87.1925 128.094 120
      vertex 87.1253 128.087 120
      vertex 85.9384 130 120
    endloop
  endfacet
  facet normal 0 0 -1
    outer loop
      vertex 87.1253 128.087 120
      vertex 87.0584 128.076 120
      vertex 85.9384 130 120
    endloop
  endfacet
  facet normal 0 0 -1
    outer loop
      vertex 85.9384 130 120
      vertex 87.0584 128.076 120
      vertex 86.9921 128.063 120
    endloop
  endfacet
  facet normal 0 0 -1
    outer loop
      vertex 88.3239 125.363 120
      vertex 88.3747 125.407 120
      vertex 90 53.9343 120
    endloop
  endfacet
  facet normal 0 0 -1
    outer loop
      vertex 88.3747 125.407 120
      vertex 88.4236 125.454 120
      vertex 90 53.9343 120
    endloop
  endfacet
  facet normal 0 0 -1
    outer loop
      vertex 90 53.9343 120
      vertex 88.4236 125.454 120
      vertex 88.4704 125.503 120
    endloop
  endfacet
  facet normal 0 0 -1
    outer loop
      vertex 88.4704 125.503 120
      vertex 88.515 125.554 120
      vertex 90 53.9343 120
    endloop
  endfacet
  facet normal 0 0 -1
    outer loop
      vertex 88.515 125.554 120
      vertex 88.5573 125.606 120
      vertex 90 53.9343 120
    endloop
  endfacet
  facet normal 0 0 -1
    outer loop
      vertex 90 53.9343 120
      vertex 88.5573 125.606 120
      vertex 88.5973 125.661 120
    endloop
  endfacet
  facet normal 0 0 -1
    outer loop
      vertex 88.6699 125.775 120
      vertex 88.7025 125.834 120
      vertex 90 53.9343 120
    endloop
  endfacet
  facet normal 0 0 -1
    outer loop
      vertex 88.7025 125.834 120
      vertex 88.7324 125.895 120
      vertex 90 53.9343 120
    endloop
  endfacet
  facet normal 0 0 -1
    outer loop
      vertex 90 53.9343 120
      vertex 88.7324 125.895 120
      vertex 88.7596 125.957 120
    endloop
  endfacet
  facet normal 0 0 -1
    outer loop
      vertex 88.8717 126.415 120
      vertex 88.8761 126.482 120
      vertex 90 130 120
    endloop
  endfacet
  facet normal 0 0 -1
    outer loop
      vertex 88.8761 126.482 120
      vertex 88.8776 126.55 120
      vertex 90 130 120
    endloop
  endfacet
  facet normal 0 0 -1
    outer loop
      vertex 90 130 120
      vertex 88.8776 126.55 120
      vertex 88.8761 126.618 120
    endloop
  endfacet
  facet normal 0 0 -1
    outer loop
      vertex 88.8761 126.618 120
      vertex 88.8717 126.685 120
      vertex 90 130 120
    endloop
  endfacet
  facet normal 0 0 -1
    outer loop
      vertex 88.8717 126.685 120
      vertex 88.8643 126.752 120
      vertex 90 130 120
    endloop
  endfacet
  facet normal 0 0 -1
    outer loop
      vertex 90 130 120
      vertex 88.8643 126.752 120
      vertex 88.854 126.819 120
    endloop
  endfacet
  facet normal 0 0 -1
    outer loop
      vertex 88.7596 125.957 120
      vertex 88.7841 126.02 120
      vertex 90 53.9343 120
    endloop
  endfacet
  facet normal 0 0 -1
    outer loop
      vertex 88.7841 126.02 120
      vertex 88.8058 126.084 120
      vertex 90 53.9343 120
    endloop
  endfacet
  facet normal 0 0 -1
    outer loop
      vertex 90 53.9343 120
      vertex 88.8058 126.084 120
      vertex 90 130 120
    endloop
  endfacet
  facet normal 0 0 -1
    outer loop
      vertex 88.8058 126.084 120
      vertex 88.8248 126.149 120
      vertex 90 130 120
    endloop
  endfacet
  facet normal 0 0 -1
    outer loop
      vertex 90 130 120
      vertex 88.8248 126.149 120
      vertex 88.8408 126.215 120
    endloop
  endfacet
  facet normal 0 0 -1
    outer loop
      vertex 88.8408 126.215 120
      vertex 88.854 126.281 120
      vertex 90 130 120
    endloop
  endfacet
  facet normal 0 0 -1
    outer loop
      vertex 88.854 126.281 120
      vertex 88.8643 126.348 120
      vertex 90 130 120
    endloop
  endfacet
  facet normal 0 0 -1
    outer loop
      vertex 90 130 120
      vertex 88.8643 126.348 120
      vertex 88.8717 126.415 120
    endloop
  endfacet
  facet normal 0 0 -1
    outer loop
      vertex 88.4704 127.597 120
      vertex 88.4236 127.646 120
      vertex 90 130 120
    endloop
  endfacet
  facet normal 0 0 -1
    outer loop
      vertex 88.4236 127.646 120
      vertex 88.3747 127.693 120
      vertex 90 130 120
    endloop
  endfacet
  facet normal 0 0 -1
    outer loop
      vertex 90 130 120
      vertex 88.3747 127.693 120
      vertex 88.3239 127.737 120
    endloop
  endfacet
  facet normal 0 0 -1
    outer loop
      vertex 88.3239 127.737 120
      vertex 88.2712 127.78 120
      vertex 90 130 120
    endloop
  endfacet
  facet normal 0 0 -1
    outer loop
      vertex 88.2712 127.78 120
      vertex 88.2166 127.82 120
      vertex 90 130 120
    endloop
  endfacet
  facet normal 0 0 -1
    outer loop
      vertex 90 130 120
      vertex 88.2166 127.82 120
      vertex 88.1604 127.857 120
    endloop
  endfacet
  facet normal 0 0 -1
    outer loop
      vertex 86.4948 127.857 120
      vertex 86.4385 127.82 120
      vertex 85.9384 130 120
    endloop
  endfacet
  facet normal 0 0 -1
    outer loop
      vertex 86.4385 127.82 120
      vertex 86.384 127.78 120
      vertex 85.9384 130 120
    endloop
  endfacet
  facet normal 0 0 -1
    outer loop
      vertex 85.9384 130 120
      vertex 86.384 127.78 120
      vertex 86.3313 127.737 120
    endloop
  endfacet
  facet normal 0 0 -1
    outer loop
      vertex 86.3313 127.737 120
      vertex 86.2804 127.693 120
      vertex 85.9384 130 120
    endloop
  endfacet
  facet normal 0 0 -1
    outer loop
      vertex 86.2804 127.693 120
      vertex 86.2316 127.646 120
      vertex 85.9384 130 120
    endloop
  endfacet
  facet normal 0 0 -1
    outer loop
      vertex 85.9384 130 120
      vertex 86.2316 127.646 120
      vertex 86.1848 127.597 120
    endloop
  endfacet
  facet normal 0 0 -1
    outer loop
      vertex 85.7791 126.618 120
      vertex 85.7776 126.55 120
      vertex 65.3888 130 120
    endloop
  endfacet
  facet normal 0 0 -1
    outer loop
      vertex 85.7776 126.55 120
      vertex 85.7791 126.482 120
      vertex 65.3888 130 120
    endloop
  endfacet
  facet normal 0 0 -1
    outer loop
      vertex 65.3888 130 120
      vertex 85.7791 126.482 120
      vertex 85.7835 126.415 120
    endloop
  endfacet
  facet normal 0 0 -1
    outer loop
      vertex 85.9228 125.895 120
      vertex 65.3888 130 120
      vertex 85.8956 125.957 120
    endloop
  endfacet
  facet normal 0 0 -1
    outer loop
      vertex 65.3888 130 120
      vertex 85.8711 126.02 120
      vertex 85.8956 125.957 120
    endloop
  endfacet
  facet normal 0 0 -1
    outer loop
      vertex 86.0203 127.383 120
      vertex 85.9853 127.325 120
      vertex 85.9384 130 120
    endloop
  endfacet
  facet normal 0 0 -1
    outer loop
      vertex 85.9853 127.325 120
      vertex 85.9527 127.266 120
      vertex 85.9384 130 120
    endloop
  endfacet
  facet normal 0 0 -1
    outer loop
      vertex 85.9384 130 120
      vertex 85.9527 127.266 120
      vertex 65.3888 130 120
    endloop
  endfacet
  facet normal 0 0 -1
    outer loop
      vertex 85.9527 127.266 120
      vertex 85.9228 127.205 120
      vertex 65.3888 130 120
    endloop
  endfacet
  facet normal 0 0 -1
    outer loop
      vertex 85.9228 127.205 120
      vertex 85.8956 127.143 120
      vertex 65.3888 130 120
    endloop
  endfacet
  facet normal 0 0 -1
    outer loop
      vertex 85.8956 127.143 120
      vertex 85.8711 127.08 120
      vertex 65.3888 130 120
    endloop
  endfacet
  facet normal 0 0 -1
    outer loop
      vertex 65.3888 130 120
      vertex 85.8711 127.08 120
      vertex 85.8493 127.016 120
    endloop
  endfacet
  facet normal 0 0 -1
    outer loop
      vertex 85.7835 126.415 120
      vertex 85.7909 126.348 120
      vertex 65.3888 130 120
    endloop
  endfacet
  facet normal 0 0 -1
    outer loop
      vertex 85.7909 126.348 120
      vertex 85.8011 126.281 120
      vertex 65.3888 130 120
    endloop
  endfacet
  facet normal 0 0 -1
    outer loop
      vertex 65.3888 130 120
      vertex 85.8011 126.281 120
      vertex 85.8143 126.215 120
    endloop
  endfacet
  facet normal 0 0 -1
    outer loop
      vertex 85.8143 126.215 120
      vertex 85.8304 126.149 120
      vertex 65.3888 130 120
    endloop
  endfacet
  facet normal 0 0 -1
    outer loop
      vertex 85.8304 126.149 120
      vertex 85.8493 126.084 120
      vertex 65.3888 130 120
    endloop
  endfacet
  facet normal 0 0 -1
    outer loop
      vertex 65.3888 130 120
      vertex 85.8493 126.084 120
      vertex 85.8711 126.02 120
    endloop
  endfacet
  facet normal 0 0 -1
    outer loop
      vertex 85.8493 127.016 120
      vertex 85.8304 126.951 120
      vertex 65.3888 130 120
    endloop
  endfacet
  facet normal 0 0 -1
    outer loop
      vertex 85.8304 126.951 120
      vertex 85.8143 126.885 120
      vertex 65.3888 130 120
    endloop
  endfacet
  facet normal 0 0 -1
    outer loop
      vertex 65.3888 130 120
      vertex 85.8143 126.885 120
      vertex 85.8011 126.819 120
    endloop
  endfacet
  facet normal 0 0 -1
    outer loop
      vertex 85.8011 126.819 120
      vertex 85.7909 126.752 120
      vertex 65.3888 130 120
    endloop
  endfacet
  facet normal 0 0 -1
    outer loop
      vertex 85.7909 126.752 120
      vertex 85.7835 126.685 120
      vertex 65.3888 130 120
    endloop
  endfacet
  facet normal 0 0 -1
    outer loop
      vertex 65.3888 130 120
      vertex 85.7835 126.685 120
      vertex 85.7791 126.618 120
    endloop
  endfacet
  facet normal 0 0 -1
    outer loop
      vertex 85.9384 -130 120
      vertex 85.9384 -129.436 120
      vertex 90 -130 120
    endloop
  endfacet
  facet normal 0 0 -1
    outer loop
      vertex 85.9384 -129.436 120
      vertex 90 -129.436 120
      vertex 90 -130 120
    endloop
  endfacet
  facet normal 0 0 -1
    outer loop
      vertex -89.5363 -130 120
      vertex -89.5363 -129.436 120
      vertex -65.4863 -130 120
    endloop
  endfacet
  facet normal 0 0 -1
    outer loop
      vertex -89.5363 -129.436 120
      vertex -65.4863 -129.436 120
      vertex -65.4863 -130 120
    endloop
  endfacet
  facet normal 0 0 -1
    outer loop
      vertex -65.4863 -130 120
      vertex -65.4863 -129.436 120
      vertex -6.93889e-15 -130 120
    endloop
  endfacet
  facet normal 0 0 -1
    outer loop
      vertex 88.3648 -125.947 120
      vertex 90 -124.286 120
      vertex 88.4241 -125.98 120
    endloop
  endfacet
  facet normal 0 0 -1
    outer loop
      vertex 90 -124.286 120
      vertex 88.4819 -126.015 120
      vertex 88.4241 -125.98 120
    endloop
  endfacet
  facet normal 0 0 -1
    outer loop
      vertex 86.7601 -128.592 120
      vertex 86.8163 -128.629 120
      vertex 85.9384 -129.436 120
    endloop
  endfacet
  facet normal 0 0 -1
    outer loop
      vertex 86.3794 -126.433 120
      vertex 86.3419 -126.489 120
      vertex 85.9384 -124.286 120
    endloop
  endfacet
  facet normal 0 0 -1
    outer loop
      vertex 86.8163 -128.629 120
      vertex 86.8741 -128.664 120
      vertex 85.9384 -129.436 120
    endloop
  endfacet
  facet normal 0 0 -1
    outer loop
      vertex 86.8741 -128.664 120
      vertex 86.9334 -128.697 120
      vertex 85.9384 -129.436 120
    endloop
  endfacet
  facet normal 0 0 -1
    outer loop
      vertex 85.9384 -129.436 120
      vertex 86.9334 -128.697 120
      vertex 86.9941 -128.727 120
    endloop
  endfacet
  facet normal 0 0 -1
    outer loop
      vertex 88.3042 -128.727 120
      vertex 88.3648 -128.697 120
      vertex 90 -129.436 120
    endloop
  endfacet
  facet normal 0 0 -1
    outer loop
      vertex 88.3648 -128.697 120
      vertex 88.4241 -128.664 120
      vertex 90 -129.436 120
    endloop
  endfacet
  facet normal 0 0 -1
    outer loop
      vertex 90 -129.436 120
      vertex 88.4241 -128.664 120
      vertex 88.4819 -128.629 120
    endloop
  endfacet
  facet normal 0 0 -1
    outer loop
      vertex 88.4819 -128.629 120
      vertex 88.5382 -128.592 120
      vertex 90 -129.436 120
    endloop
  endfacet
  facet normal 0 0 -1
    outer loop
      vertex 88.5382 -128.592 120
      vertex 88.5927 -128.552 120
      vertex 90 -129.436 120
    endloop
  endfacet
  facet normal 0 0 -1
    outer loop
      vertex 90 -129.436 120
      vertex 88.5927 -128.552 120
      vertex 88.6455 -128.509 120
    endloop
  endfacet
  facet normal 0 0 -1
    outer loop
      vertex 86.9941 -128.727 120
      vertex 87.056 -128.754 120
      vertex 85.9384 -129.436 120
    endloop
  endfacet
  facet normal 0 0 -1
    outer loop
      vertex 87.056 -128.754 120
      vertex 87.119 -128.778 120
      vertex 85.9384 -129.436 120
    endloop
  endfacet
  facet normal 0 0 -1
    outer loop
      vertex 85.9384 -129.436 120
      vertex 87.119 -128.778 120
      vertex 87.183 -128.8 120
    endloop
  endfacet
  facet normal 0 0 -1
    outer loop
      vertex 88.3648 -125.947 120
      vertex 88.3042 -125.917 120
      vertex 90 -124.286 120
    endloop
  endfacet
  facet normal 0 0 -1
    outer loop
      vertex 88.3042 -125.917 120
      vertex 88.2423 -125.89 120
      vertex 90 -124.286 120
    endloop
  endfacet
  facet normal 0 0 -1
    outer loop
      vertex 90 -124.286 120
      vertex 88.2423 -125.89 120
      vertex 88.1793 -125.865 120
    endloop
  endfacet
  facet normal 0 0 -1
    outer loop
      vertex 88.1793 -125.865 120
      vertex 88.1152 -125.844 120
      vertex 90 -124.286 120
    endloop
  endfacet
  facet normal 0 0 -1
    outer loop
      vertex 88.1152 -125.844 120
      vertex 88.0503 -125.825 120
      vertex 90 -124.286 120
    endloop
  endfacet
  facet normal 0 0 -1
    outer loop
      vertex 90 -124.286 120
      vertex 88.0503 -125.825 120
      vertex 87.9846 -125.809 120
    endloop
  endfacet
  facet normal 0 0 -1
    outer loop
      vertex 87.3136 -125.809 120
      vertex 87.248 -125.825 120
      vertex 85.9384 -124.286 120
    endloop
  endfacet
  facet normal 0 0 -1
    outer loop
      vertex 87.248 -125.825 120
      vertex 87.183 -125.844 120
      vertex 85.9384 -124.286 120
    endloop
  endfacet
  facet normal 0 0 -1
    outer loop
      vertex 85.9384 -124.286 120
      vertex 86.1006 -127.254 120
      vertex 86.0991 -127.322 120
    endloop
  endfacet
  facet normal 0 0 -1
    outer loop
      vertex 85.9384 -124.286 120
      vertex 86.0991 -127.322 120
      vertex 85.9384 -129.436 120
    endloop
  endfacet
  facet normal 0 0 -1
    outer loop
      vertex 86.0991 -127.322 120
      vertex 86.1006 -127.389 120
      vertex 85.9384 -129.436 120
    endloop
  endfacet
  facet normal 0 0 -1
    outer loop
      vertex 85.9384 -129.436 120
      vertex 86.1006 -127.389 120
      vertex 86.105 -127.457 120
    endloop
  endfacet
  facet normal 0 0 -1
    outer loop
      vertex 86.3794 -128.211 120
      vertex 86.4194 -128.265 120
      vertex 85.9384 -129.436 120
    endloop
  endfacet
  facet normal 0 0 -1
    outer loop
      vertex 86.4194 -128.265 120
      vertex 86.4618 -128.318 120
      vertex 85.9384 -129.436 120
    endloop
  endfacet
  facet normal 0 0 -1
    outer loop
      vertex 86.4618 -128.318 120
      vertex 86.5064 -128.369 120
      vertex 85.9384 -129.436 120
    endloop
  endfacet
  facet normal 0 0 -1
    outer loop
      vertex 86.5064 -128.369 120
      vertex 86.5531 -128.418 120
      vertex 85.9384 -129.436 120
    endloop
  endfacet
  facet normal 0 0 -1
    outer loop
      vertex 85.9384 -129.436 120
      vertex 86.5531 -128.418 120
      vertex 86.602 -128.465 120
    endloop
  endfacet
  facet normal 0 0 -1
    outer loop
      vertex 86.602 -128.465 120
      vertex 86.6528 -128.509 120
      vertex 85.9384 -129.436 120
    endloop
  endfacet
  facet normal 0 0 -1
    outer loop
      vertex 86.6528 -128.509 120
      vertex 86.7056 -128.552 120
      vertex 85.9384 -129.436 120
    endloop
  endfacet
  facet normal 0 0 -1
    outer loop
      vertex 85.9384 -129.436 120
      vertex 86.7056 -128.552 120
      vertex 86.7601 -128.592 120
    endloop
  endfacet
  facet normal 0 0 -1
    outer loop
      vertex 88.9188 -128.211 120
      vertex 88.9564 -128.155 120
      vertex 90 -129.436 120
    endloop
  endfacet
  facet normal 0 0 -1
    outer loop
      vertex 89.1624 -126.986 120
      vertex 90 -124.286 120
      vertex 89.1756 -127.053 120
    endloop
  endfacet
  facet normal 0 0 -1
    outer loop
      vertex 90 -124.286 120
      vertex 89.1859 -127.12 120
      vertex 89.1756 -127.053 120
    endloop
  endfacet
  facet normal 0 0 -1
    outer loop
      vertex 89.1624 -126.986 120
      vertex 89.1463 -126.921 120
      vertex 90 -124.286 120
    endloop
  endfacet
  facet normal 0 0 -1
    outer loop
      vertex 89.1463 -126.921 120
      vertex 89.1274 -126.856 120
      vertex 90 -124.286 120
    endloop
  endfacet
  facet normal 0 0 -1
    outer loop
      vertex 90 -124.286 120
      vertex 89.1274 -126.856 120
      vertex 89.1057 -126.792 120
    endloop
  endfacet
  facet normal 0 0 -1
    outer loop
      vertex 89.1057 -126.792 120
      vertex 89.0811 -126.729 120
      vertex 90 -124.286 120
    endloop
  endfacet
  facet normal 0 0 -1
    outer loop
      vertex 89.0811 -126.729 120
      vertex 89.0539 -126.667 120
      vertex 90 -124.286 120
    endloop
  endfacet
  facet normal 0 0 -1
    outer loop
      vertex 90 -124.286 120
      vertex 89.0539 -126.667 120
      vertex 89.024 -126.606 120
    endloop
  endfacet
  facet normal 0 0 -1
    outer loop
      vertex 89.024 -126.606 120
      vertex 88.9915 -126.547 120
      vertex 90 -124.286 120
    endloop
  endfacet
  facet normal 0 0 -1
    outer loop
      vertex 88.9915 -126.547 120
      vertex 88.9564 -126.489 120
      vertex 90 -124.286 120
    endloop
  endfacet
  facet normal 0 0 -1
    outer loop
      vertex 90 -124.286 120
      vertex 88.9564 -126.489 120
      vertex 88.9188 -126.433 120
    endloop
  endfacet
  facet normal 0 0 -1
    outer loop
      vertex 88.9188 -126.433 120
      vertex 88.8788 -126.378 120
      vertex 90 -124.286 120
    endloop
  endfacet
  facet normal 0 0 -1
    outer loop
      vertex 88.8788 -126.378 120
      vertex 88.8365 -126.326 120
      vertex 90 -124.286 120
    endloop
  endfacet
  facet normal 0 0 -1
    outer loop
      vertex 90 -124.286 120
      vertex 88.8365 -126.326 120
      vertex 88.7919 -126.275 120
    endloop
  endfacet
  facet normal 0 0 -1
    outer loop
      vertex 87.9846 -125.809 120
      vertex 87.9183 -125.795 120
      vertex 90 -124.286 120
    endloop
  endfacet
  facet normal 0 0 -1
    outer loop
      vertex 87.9183 -125.795 120
      vertex 87.8514 -125.785 120
      vertex 90 -124.286 120
    endloop
  endfacet
  facet normal 0 0 -1
    outer loop
      vertex 90 -124.286 120
      vertex 87.8514 -125.785 120
      vertex 87.7842 -125.778 120
    endloop
  endfacet
  facet normal 0 0 -1
    outer loop
      vertex 87.7167 -125.773 120
      vertex 87.6491 -125.772 120
      vertex 85.9384 -124.286 120
    endloop
  endfacet
  facet normal 0 0 -1
    outer loop
      vertex 87.6491 -125.772 120
      vertex 87.5815 -125.773 120
      vertex 85.9384 -124.286 120
    endloop
  endfacet
  facet normal 0 0 -1
    outer loop
      vertex 85.9384 -124.286 120
      vertex 87.5815 -125.773 120
      vertex 87.514 -125.778 120
    endloop
  endfacet
  facet normal 0 0 -1
    outer loop
      vertex 87.183 -125.844 120
      vertex 87.119 -125.865 120
      vertex 85.9384 -124.286 120
    endloop
  endfacet
  facet normal 0 0 -1
    outer loop
      vertex 87.119 -125.865 120
      vertex 87.056 -125.89 120
      vertex 85.9384 -124.286 120
    endloop
  endfacet
  facet normal 0 0 -1
    outer loop
      vertex 85.9384 -124.286 120
      vertex 87.056 -125.89 120
      vertex 86.9941 -125.917 120
    endloop
  endfacet
  facet normal 0 0 -1
    outer loop
      vertex 86.9941 -125.917 120
      vertex 86.9334 -125.947 120
      vertex 85.9384 -124.286 120
    endloop
  endfacet
  facet normal 0 0 -1
    outer loop
      vertex 86.9334 -125.947 120
      vertex 86.8741 -125.98 120
      vertex 85.9384 -124.286 120
    endloop
  endfacet
  facet normal 0 0 -1
    outer loop
      vertex 85.9384 -124.286 120
      vertex 86.8741 -125.98 120
      vertex 86.8163 -126.015 120
    endloop
  endfacet
  facet normal 0 0 -1
    outer loop
      vertex 86.5064 -126.275 120
      vertex 86.4618 -126.326 120
      vertex 85.9384 -124.286 120
    endloop
  endfacet
  facet normal 0 0 -1
    outer loop
      vertex 86.4618 -126.326 120
      vertex 86.4194 -126.378 120
      vertex 85.9384 -124.286 120
    endloop
  endfacet
  facet normal 0 0 -1
    outer loop
      vertex 85.9384 -124.286 120
      vertex 86.4194 -126.378 120
      vertex 86.3794 -126.433 120
    endloop
  endfacet
  facet normal 0 0 -1
    outer loop
      vertex 86.2743 -128.038 120
      vertex 86.3068 -128.097 120
      vertex 85.9384 -129.436 120
    endloop
  endfacet
  facet normal 0 0 -1
    outer loop
      vertex 86.3068 -128.097 120
      vertex 86.3419 -128.155 120
      vertex 85.9384 -129.436 120
    endloop
  endfacet
  facet normal 0 0 -1
    outer loop
      vertex 85.9384 -129.436 120
      vertex 86.3419 -128.155 120
      vertex 86.3794 -128.211 120
    endloop
  endfacet
  facet normal 0 0 -1
    outer loop
      vertex 87.183 -128.8 120
      vertex 87.248 -128.819 120
      vertex 85.9384 -129.436 120
    endloop
  endfacet
  facet normal 0 0 -1
    outer loop
      vertex 87.248 -128.819 120
      vertex 87.3136 -128.835 120
      vertex 85.9384 -129.436 120
    endloop
  endfacet
  facet normal 0 0 -1
    outer loop
      vertex 85.9384 -129.436 120
      vertex 87.3136 -128.835 120
      vertex 87.38 -128.848 120
    endloop
  endfacet
  facet normal 0 0 -1
    outer loop
      vertex 87.38 -128.848 120
      vertex 87.4468 -128.859 120
      vertex 85.9384 -129.436 120
    endloop
  endfacet
  facet normal 0 0 -1
    outer loop
      vertex 87.4468 -128.859 120
      vertex 87.514 -128.866 120
      vertex 85.9384 -129.436 120
    endloop
  endfacet
  facet normal 0 0 -1
    outer loop
      vertex 85.9384 -129.436 120
      vertex 87.514 -128.866 120
      vertex 87.5815 -128.87 120
    endloop
  endfacet
  facet normal 0 0 -1
    outer loop
      vertex 87.8514 -128.859 120
      vertex 87.9183 -128.848 120
      vertex 90 -129.436 120
    endloop
  endfacet
  facet normal 0 0 -1
    outer loop
      vertex 87.514 -125.778 120
      vertex 87.4468 -125.785 120
      vertex 85.9384 -124.286 120
    endloop
  endfacet
  facet normal 0 0 -1
    outer loop
      vertex 87.4468 -125.785 120
      vertex 87.38 -125.795 120
      vertex 85.9384 -124.286 120
    endloop
  endfacet
  facet normal 0 0 -1
    outer loop
      vertex 85.9384 -124.286 120
      vertex 87.38 -125.795 120
      vertex 87.3136 -125.809 120
    endloop
  endfacet
  facet normal 0 0 -1
    outer loop
      vertex 86.3419 -126.489 120
      vertex 86.3068 -126.547 120
      vertex 85.9384 -124.286 120
    endloop
  endfacet
  facet normal 0 0 -1
    outer loop
      vertex 86.3068 -126.547 120
      vertex 86.2743 -126.606 120
      vertex 85.9384 -124.286 120
    endloop
  endfacet
  facet normal 0 0 -1
    outer loop
      vertex 85.9384 -124.286 120
      vertex 86.2743 -126.606 120
      vertex 86.2444 -126.667 120
    endloop
  endfacet
  facet normal 0 0 -1
    outer loop
      vertex 86.105 -127.457 120
      vertex 86.1124 -127.524 120
      vertex 85.9384 -129.436 120
    endloop
  endfacet
  facet normal 0 0 -1
    outer loop
      vertex 86.1124 -127.524 120
      vertex 86.1227 -127.591 120
      vertex 85.9384 -129.436 120
    endloop
  endfacet
  facet normal 0 0 -1
    outer loop
      vertex 85.9384 -129.436 120
      vertex 86.1227 -127.591 120
      vertex 86.1359 -127.657 120
    endloop
  endfacet
  facet normal 0 0 -1
    outer loop
      vertex 86.1359 -127.657 120
      vertex 86.1519 -127.723 120
      vertex 85.9384 -129.436 120
    endloop
  endfacet
  facet normal 0 0 -1
    outer loop
      vertex 86.1519 -127.723 120
      vertex 86.1709 -127.788 120
      vertex 85.9384 -129.436 120
    endloop
  endfacet
  facet normal 0 0 -1
    outer loop
      vertex 85.9384 -129.436 120
      vertex 86.1709 -127.788 120
      vertex 86.1926 -127.852 120
    endloop
  endfacet
  facet normal 0 0 -1
    outer loop
      vertex 86.1926 -127.852 120
      vertex 86.2171 -127.915 120
      vertex 85.9384 -129.436 120
    endloop
  endfacet
  facet normal 0 0 -1
    outer loop
      vertex 86.2171 -127.915 120
      vertex 86.2444 -127.977 120
      vertex 85.9384 -129.436 120
    endloop
  endfacet
  facet normal 0 0 -1
    outer loop
      vertex 85.9384 -129.436 120
      vertex 86.2444 -127.977 120
      vertex 86.2743 -128.038 120
    endloop
  endfacet
  facet normal 0 0 -1
    outer loop
      vertex 87.9183 -128.848 120
      vertex 87.9846 -128.835 120
      vertex 90 -129.436 120
    endloop
  endfacet
  facet normal 0 0 -1
    outer loop
      vertex 87.9846 -128.835 120
      vertex 88.0503 -128.819 120
      vertex 90 -129.436 120
    endloop
  endfacet
  facet normal 0 0 -1
    outer loop
      vertex 90 -129.436 120
      vertex 88.0503 -128.819 120
      vertex 88.1152 -128.8 120
    endloop
  endfacet
  facet normal 0 0 -1
    outer loop
      vertex 88.1152 -128.8 120
      vertex 88.1793 -128.778 120
      vertex 90 -129.436 120
    endloop
  endfacet
  facet normal 0 0 -1
    outer loop
      vertex 88.1793 -128.778 120
      vertex 88.2423 -128.754 120
      vertex 90 -129.436 120
    endloop
  endfacet
  facet normal 0 0 -1
    outer loop
      vertex 90 -129.436 120
      vertex 88.2423 -128.754 120
      vertex 88.3042 -128.727 120
    endloop
  endfacet
  facet normal 0 0 -1
    outer loop
      vertex 88.9564 -128.155 120
      vertex 88.9915 -128.097 120
      vertex 90 -129.436 120
    endloop
  endfacet
  facet normal 0 0 -1
    outer loop
      vertex 88.9915 -128.097 120
      vertex 89.024 -128.038 120
      vertex 90 -129.436 120
    endloop
  endfacet
  facet normal 0 0 -1
    outer loop
      vertex 90 -129.436 120
      vertex 89.024 -128.038 120
      vertex 89.0539 -127.977 120
    endloop
  endfacet
  facet normal 0 0 -1
    outer loop
      vertex 86.2444 -126.667 120
      vertex 86.2171 -126.729 120
      vertex 85.9384 -124.286 120
    endloop
  endfacet
  facet normal 0 0 -1
    outer loop
      vertex 86.2171 -126.729 120
      vertex 86.1926 -126.792 120
      vertex 85.9384 -124.286 120
    endloop
  endfacet
  facet normal 0 0 -1
    outer loop
      vertex 85.9384 -124.286 120
      vertex 86.1926 -126.792 120
      vertex 86.1709 -126.856 120
    endloop
  endfacet
  facet normal 0 0 -1
    outer loop
      vertex 86.1709 -126.856 120
      vertex 86.1519 -126.921 120
      vertex 85.9384 -124.286 120
    endloop
  endfacet
  facet normal 0 0 -1
    outer loop
      vertex 86.1519 -126.921 120
      vertex 86.1359 -126.986 120
      vertex 85.9384 -124.286 120
    endloop
  endfacet
  facet normal 0 0 -1
    outer loop
      vertex 85.9384 -124.286 120
      vertex 86.1359 -126.986 120
      vertex 86.1227 -127.053 120
    endloop
  endfacet
  facet normal 0 0 -1
    outer loop
      vertex 87.5815 -128.87 120
      vertex 87.6491 -128.872 120
      vertex 85.9384 -129.436 120
    endloop
  endfacet
  facet normal 0 0 -1
    outer loop
      vertex 87.6491 -128.872 120
      vertex 87.7167 -128.87 120
      vertex 85.9384 -129.436 120
    endloop
  endfacet
  facet normal 0 0 -1
    outer loop
      vertex 85.9384 -129.436 120
      vertex 87.7167 -128.87 120
      vertex 90 -129.436 120
    endloop
  endfacet
  facet normal 0 0 -1
    outer loop
      vertex 87.7167 -128.87 120
      vertex 87.7842 -128.866 120
      vertex 90 -129.436 120
    endloop
  endfacet
  facet normal 0 0 -1
    outer loop
      vertex 90 -129.436 120
      vertex 87.7842 -128.866 120
      vertex 87.8514 -128.859 120
    endloop
  endfacet
  facet normal 0 0 -1
    outer loop
      vertex 88.6455 -128.509 120
      vertex 88.6963 -128.465 120
      vertex 90 -129.436 120
    endloop
  endfacet
  facet normal 0 0 -1
    outer loop
      vertex 88.6963 -128.465 120
      vertex 88.7451 -128.418 120
      vertex 90 -129.436 120
    endloop
  endfacet
  facet normal 0 0 -1
    outer loop
      vertex 90 -129.436 120
      vertex 88.7451 -128.418 120
      vertex 88.7919 -128.369 120
    endloop
  endfacet
  facet normal 0 0 -1
    outer loop
      vertex 88.7919 -128.369 120
      vertex 88.8365 -128.318 120
      vertex 90 -129.436 120
    endloop
  endfacet
  facet normal 0 0 -1
    outer loop
      vertex 88.8365 -128.318 120
      vertex 88.8788 -128.265 120
      vertex 90 -129.436 120
    endloop
  endfacet
  facet normal 0 0 -1
    outer loop
      vertex 90 -129.436 120
      vertex 88.8788 -128.265 120
      vertex 88.9188 -128.211 120
    endloop
  endfacet
  facet normal 0 0 -1
    outer loop
      vertex 89.0539 -127.977 120
      vertex 89.0811 -127.915 120
      vertex 90 -129.436 120
    endloop
  endfacet
  facet normal 0 0 -1
    outer loop
      vertex 89.0811 -127.915 120
      vertex 89.1057 -127.852 120
      vertex 90 -129.436 120
    endloop
  endfacet
  facet normal 0 0 -1
    outer loop
      vertex 90 -129.436 120
      vertex 89.1057 -127.852 120
      vertex 89.1274 -127.788 120
    endloop
  endfacet
  facet normal 0 0 -1
    outer loop
      vertex 89.1274 -127.788 120
      vertex 89.1463 -127.723 120
      vertex 90 -129.436 120
    endloop
  endfacet
  facet normal 0 0 -1
    outer loop
      vertex 89.1463 -127.723 120
      vertex 89.1624 -127.657 120
      vertex 90 -129.436 120
    endloop
  endfacet
  facet normal 0 0 -1
    outer loop
      vertex 90 -129.436 120
      vertex 89.1624 -127.657 120
      vertex 89.1756 -127.591 120
    endloop
  endfacet
  facet normal 0 0 -1
    outer loop
      vertex 89.1977 -127.389 120
      vertex 89.1991 -127.322 120
      vertex 90 -129.436 120
    endloop
  endfacet
  facet normal 0 0 -1
    outer loop
      vertex 89.1991 -127.322 120
      vertex 89.1977 -127.254 120
      vertex 90 -129.436 120
    endloop
  endfacet
  facet normal 0 0 -1
    outer loop
      vertex 90 -129.436 120
      vertex 89.1977 -127.254 120
      vertex 90 -124.286 120
    endloop
  endfacet
  facet normal 0 0 -1
    outer loop
      vertex 89.1977 -127.254 120
      vertex 89.1932 -127.187 120
      vertex 90 -124.286 120
    endloop
  endfacet
  facet normal 0 0 -1
    outer loop
      vertex 90 -124.286 120
      vertex 89.1932 -127.187 120
      vertex 89.1859 -127.12 120
    endloop
  endfacet
  facet normal 0 0 -1
    outer loop
      vertex 88.7919 -126.275 120
      vertex 88.7451 -126.226 120
      vertex 90 -124.286 120
    endloop
  endfacet
  facet normal 0 0 -1
    outer loop
      vertex 88.7451 -126.226 120
      vertex 88.6963 -126.179 120
      vertex 90 -124.286 120
    endloop
  endfacet
  facet normal 0 0 -1
    outer loop
      vertex 90 -124.286 120
      vertex 88.6963 -126.179 120
      vertex 88.6455 -126.134 120
    endloop
  endfacet
  facet normal 0 0 -1
    outer loop
      vertex 88.6455 -126.134 120
      vertex 88.5927 -126.092 120
      vertex 90 -124.286 120
    endloop
  endfacet
  facet normal 0 0 -1
    outer loop
      vertex 88.5927 -126.092 120
      vertex 88.5382 -126.052 120
      vertex 90 -124.286 120
    endloop
  endfacet
  facet normal 0 0 -1
    outer loop
      vertex 90 -124.286 120
      vertex 88.5382 -126.052 120
      vertex 88.4819 -126.015 120
    endloop
  endfacet
  facet normal 0 0 -1
    outer loop
      vertex 86.8163 -126.015 120
      vertex 86.7601 -126.052 120
      vertex 85.9384 -124.286 120
    endloop
  endfacet
  facet normal 0 0 -1
    outer loop
      vertex 86.7601 -126.052 120
      vertex 86.7056 -126.092 120
      vertex 85.9384 -124.286 120
    endloop
  endfacet
  facet normal 0 0 -1
    outer loop
      vertex 85.9384 -124.286 120
      vertex 86.7056 -126.092 120
      vertex 86.6528 -126.134 120
    endloop
  endfacet
  facet normal 0 0 -1
    outer loop
      vertex 86.6528 -126.134 120
      vertex 86.602 -126.179 120
      vertex 85.9384 -124.286 120
    endloop
  endfacet
  facet normal 0 0 -1
    outer loop
      vertex 86.602 -126.179 120
      vertex 86.5531 -126.226 120
      vertex 85.9384 -124.286 120
    endloop
  endfacet
  facet normal 0 0 -1
    outer loop
      vertex 85.9384 -124.286 120
      vertex 86.5531 -126.226 120
      vertex 86.5064 -126.275 120
    endloop
  endfacet
  facet normal 0 0 -1
    outer loop
      vertex 86.1227 -127.053 120
      vertex 86.1124 -127.12 120
      vertex 85.9384 -124.286 120
    endloop
  endfacet
  facet normal 0 0 -1
    outer loop
      vertex 86.1124 -127.12 120
      vertex 86.105 -127.187 120
      vertex 85.9384 -124.286 120
    endloop
  endfacet
  facet normal 0 0 -1
    outer loop
      vertex 85.9384 -124.286 120
      vertex 86.105 -127.187 120
      vertex 86.1006 -127.254 120
    endloop
  endfacet
  facet normal 0 0 -1
    outer loop
      vertex 89.1756 -127.591 120
      vertex 89.1859 -127.524 120
      vertex 90 -129.436 120
    endloop
  endfacet
  facet normal 0 0 -1
    outer loop
      vertex 89.1859 -127.524 120
      vertex 89.1932 -127.457 120
      vertex 90 -129.436 120
    endloop
  endfacet
  facet normal 0 0 -1
    outer loop
      vertex 90 -129.436 120
      vertex 89.1932 -127.457 120
      vertex 89.1977 -127.389 120
    endloop
  endfacet
  facet normal 0 0 -1
    outer loop
      vertex -88.4116 -128.592 120
      vertex -88.3554 -128.629 120
      vertex -89.5363 -129.436 120
    endloop
  endfacet
  facet normal 0 0 -1
    outer loop
      vertex -86.8068 -125.947 120
      vertex -65.4863 -124.286 120
      vertex -86.7476 -125.98 120
    endloop
  endfacet
  facet normal 0 0 -1
    outer loop
      vertex -65.4863 -124.286 120
      vertex -86.6897 -126.015 120
      vertex -86.7476 -125.98 120
    endloop
  endfacet
  facet normal 0 0 -1
    outer loop
      vertex -88.7922 -126.433 120
      vertex -88.8298 -126.489 120
      vertex -89.5363 -124.286 120
    endloop
  endfacet
  facet normal 0 0 -1
    outer loop
      vertex -88.3554 -128.629 120
      vertex -88.2976 -128.664 120
      vertex -89.5363 -129.436 120
    endloop
  endfacet
  facet normal 0 0 -1
    outer loop
      vertex -88.2976 -128.664 120
      vertex -88.2383 -128.697 120
      vertex -89.5363 -129.436 120
    endloop
  endfacet
  facet normal 0 0 -1
    outer loop
      vertex -89.5363 -129.436 120
      vertex -88.2383 -128.697 120
      vertex -88.1776 -128.727 120
    endloop
  endfacet
  facet normal 0 0 -1
    outer loop
      vertex -86.9924 -125.865 120
      vertex -87.0565 -125.844 120
      vertex -89.5363 -124.286 120
    endloop
  endfacet
  facet normal 0 0 -1
    outer loop
      vertex -88.1776 -128.727 120
      vertex -88.1157 -128.754 120
      vertex -89.5363 -129.436 120
    endloop
  endfacet
  facet normal 0 0 -1
    outer loop
      vertex -88.1157 -128.754 120
      vertex -88.0527 -128.778 120
      vertex -89.5363 -129.436 120
    endloop
  endfacet
  facet normal 0 0 -1
    outer loop
      vertex -89.5363 -129.436 120
      vertex -88.0527 -128.778 120
      vertex -87.9887 -128.8 120
    endloop
  endfacet
  facet normal 0 0 -1
    outer loop
      vertex -86.8675 -128.727 120
      vertex -86.8068 -128.697 120
      vertex -65.4863 -129.436 120
    endloop
  endfacet
  facet normal 0 0 -1
    outer loop
      vertex -86.8068 -128.697 120
      vertex -86.7476 -128.664 120
      vertex -65.4863 -129.436 120
    endloop
  endfacet
  facet normal 0 0 -1
    outer loop
      vertex -65.4863 -129.436 120
      vertex -86.7476 -128.664 120
      vertex -86.6897 -128.629 120
    endloop
  endfacet
  facet normal 0 0 -1
    outer loop
      vertex -86.6897 -128.629 120
      vertex -86.6335 -128.592 120
      vertex -65.4863 -129.436 120
    endloop
  endfacet
  facet normal 0 0 -1
    outer loop
      vertex -86.6335 -128.592 120
      vertex -86.579 -128.552 120
      vertex -65.4863 -129.436 120
    endloop
  endfacet
  facet normal 0 0 -1
    outer loop
      vertex -65.4863 -129.436 120
      vertex -86.579 -128.552 120
      vertex -65.4863 -124.286 120
    endloop
  endfacet
  facet normal 0 0 -1
    outer loop
      vertex -86.579 -128.552 120
      vertex -86.5262 -128.509 120
      vertex -65.4863 -124.286 120
    endloop
  endfacet
  facet normal 0 0 -1
    outer loop
      vertex -65.4863 -124.286 120
      vertex -86.5262 -128.509 120
      vertex -86.4754 -128.465 120
    endloop
  endfacet
  facet normal 0 0 -1
    outer loop
      vertex -85.9961 -127.053 120
      vertex -86.0093 -126.986 120
      vertex -65.4863 -124.286 120
    endloop
  endfacet
  facet normal 0 0 -1
    outer loop
      vertex -87.0565 -125.844 120
      vertex -87.1214 -125.825 120
      vertex -89.5363 -124.286 120
    endloop
  endfacet
  facet normal 0 0 -1
    outer loop
      vertex -87.1214 -125.825 120
      vertex -87.1871 -125.809 120
      vertex -89.5363 -124.286 120
    endloop
  endfacet
  facet normal 0 0 -1
    outer loop
      vertex -89.5363 -124.286 120
      vertex -87.1871 -125.809 120
      vertex -87.2534 -125.795 120
    endloop
  endfacet
  facet normal 0 0 -1
    outer loop
      vertex -87.858 -125.809 120
      vertex -87.9237 -125.825 120
      vertex -89.5363 -124.286 120
    endloop
  endfacet
  facet normal 0 0 -1
    outer loop
      vertex -87.9237 -125.825 120
      vertex -87.9887 -125.844 120
      vertex -89.5363 -124.286 120
    endloop
  endfacet
  facet normal 0 0 -1
    outer loop
      vertex -89.5363 -129.436 120
      vertex -89.5363 -124.286 120
      vertex -89.0711 -127.254 120
    endloop
  endfacet
  facet normal 0 0 -1
    outer loop
      vertex -89.0711 -127.254 120
      vertex -89.0726 -127.322 120
      vertex -89.5363 -129.436 120
    endloop
  endfacet
  facet normal 0 0 -1
    outer loop
      vertex -89.0726 -127.322 120
      vertex -89.0711 -127.389 120
      vertex -89.5363 -129.436 120
    endloop
  endfacet
  facet normal 0 0 -1
    outer loop
      vertex -89.5363 -129.436 120
      vertex -89.0711 -127.389 120
      vertex -89.0667 -127.457 120
    endloop
  endfacet
  facet normal 0 0 -1
    outer loop
      vertex -88.7922 -128.211 120
      vertex -88.7523 -128.265 120
      vertex -89.5363 -129.436 120
    endloop
  endfacet
  facet normal 0 0 -1
    outer loop
      vertex -88.7523 -128.265 120
      vertex -88.7099 -128.318 120
      vertex -89.5363 -129.436 120
    endloop
  endfacet
  facet normal 0 0 -1
    outer loop
      vertex -88.7099 -128.318 120
      vertex -88.6653 -128.369 120
      vertex -89.5363 -129.436 120
    endloop
  endfacet
  facet normal 0 0 -1
    outer loop
      vertex -88.6653 -128.369 120
      vertex -88.6186 -128.418 120
      vertex -89.5363 -129.436 120
    endloop
  endfacet
  facet normal 0 0 -1
    outer loop
      vertex -89.5363 -129.436 120
      vertex -88.6186 -128.418 120
      vertex -88.5697 -128.465 120
    endloop
  endfacet
  facet normal 0 0 -1
    outer loop
      vertex -88.5697 -128.465 120
      vertex -88.5189 -128.509 120
      vertex -89.5363 -129.436 120
    endloop
  endfacet
  facet normal 0 0 -1
    outer loop
      vertex -88.5189 -128.509 120
      vertex -88.4661 -128.552 120
      vertex -89.5363 -129.436 120
    endloop
  endfacet
  facet normal 0 0 -1
    outer loop
      vertex -89.5363 -129.436 120
      vertex -88.4661 -128.552 120
      vertex -88.4116 -128.592 120
    endloop
  endfacet
  facet normal 0 0 -1
    outer loop
      vertex -87.455 -128.87 120
      vertex -89.5363 -129.436 120
      vertex -87.5226 -128.872 120
    endloop
  endfacet
  facet normal 0 0 -1
    outer loop
      vertex -89.5363 -129.436 120
      vertex -87.5902 -128.87 120
      vertex -87.5226 -128.872 120
    endloop
  endfacet
  facet normal 0 0 -1
    outer loop
      vertex -86.0093 -126.986 120
      vertex -86.0254 -126.921 120
      vertex -65.4863 -124.286 120
    endloop
  endfacet
  facet normal 0 0 -1
    outer loop
      vertex -86.0254 -126.921 120
      vertex -86.0443 -126.856 120
      vertex -65.4863 -124.286 120
    endloop
  endfacet
  facet normal 0 0 -1
    outer loop
      vertex -65.4863 -124.286 120
      vertex -86.0443 -126.856 120
      vertex -86.066 -126.792 120
    endloop
  endfacet
  facet normal 0 0 -1
    outer loop
      vertex -86.066 -126.792 120
      vertex -86.0905 -126.729 120
      vertex -65.4863 -124.286 120
    endloop
  endfacet
  facet normal 0 0 -1
    outer loop
      vertex -86.0905 -126.729 120
      vertex -86.1178 -126.667 120
      vertex -65.4863 -124.286 120
    endloop
  endfacet
  facet normal 0 0 -1
    outer loop
      vertex -65.4863 -124.286 120
      vertex -86.1178 -126.667 120
      vertex -86.1477 -126.606 120
    endloop
  endfacet
  facet normal 0 0 -1
    outer loop
      vertex -86.1477 -126.606 120
      vertex -86.1802 -126.547 120
      vertex -65.4863 -124.286 120
    endloop
  endfacet
  facet normal 0 0 -1
    outer loop
      vertex -86.1802 -126.547 120
      vertex -86.2153 -126.489 120
      vertex -65.4863 -124.286 120
    endloop
  endfacet
  facet normal 0 0 -1
    outer loop
      vertex -65.4863 -124.286 120
      vertex -86.2153 -126.489 120
      vertex -86.2529 -126.433 120
    endloop
  endfacet
  facet normal 0 0 -1
    outer loop
      vertex -86.2529 -126.433 120
      vertex -86.2929 -126.378 120
      vertex -65.4863 -124.286 120
    endloop
  endfacet
  facet normal 0 0 -1
    outer loop
      vertex -86.2929 -126.378 120
      vertex -86.3352 -126.326 120
      vertex -65.4863 -124.286 120
    endloop
  endfacet
  facet normal 0 0 -1
    outer loop
      vertex -65.4863 -124.286 120
      vertex -86.3352 -126.326 120
      vertex -86.3798 -126.275 120
    endloop
  endfacet
  facet normal 0 0 -1
    outer loop
      vertex -86.8068 -125.947 120
      vertex -86.8675 -125.917 120
      vertex -65.4863 -124.286 120
    endloop
  endfacet
  facet normal 0 0 -1
    outer loop
      vertex -86.8675 -125.917 120
      vertex -86.9294 -125.89 120
      vertex -65.4863 -124.286 120
    endloop
  endfacet
  facet normal 0 0 -1
    outer loop
      vertex -65.4863 -124.286 120
      vertex -86.9294 -125.89 120
      vertex -86.9924 -125.865 120
    endloop
  endfacet
  facet normal 0 0 -1
    outer loop
      vertex -87.2534 -125.795 120
      vertex -87.3202 -125.785 120
      vertex -89.5363 -124.286 120
    endloop
  endfacet
  facet normal 0 0 -1
    outer loop
      vertex -87.3202 -125.785 120
      vertex -87.3875 -125.778 120
      vertex -89.5363 -124.286 120
    endloop
  endfacet
  facet normal 0 0 -1
    outer loop
      vertex -89.5363 -124.286 120
      vertex -87.3875 -125.778 120
      vertex -87.455 -125.773 120
    endloop
  endfacet
  facet normal 0 0 -1
    outer loop
      vertex -87.455 -125.773 120
      vertex -87.5226 -125.772 120
      vertex -89.5363 -124.286 120
    endloop
  endfacet
  facet normal 0 0 -1
    outer loop
      vertex -87.5226 -125.772 120
      vertex -87.5902 -125.773 120
      vertex -89.5363 -124.286 120
    endloop
  endfacet
  facet normal 0 0 -1
    outer loop
      vertex -89.5363 -124.286 120
      vertex -87.5902 -125.773 120
      vertex -87.6577 -125.778 120
    endloop
  endfacet
  facet normal 0 0 -1
    outer loop
      vertex -87.9887 -125.844 120
      vertex -88.0527 -125.865 120
      vertex -89.5363 -124.286 120
    endloop
  endfacet
  facet normal 0 0 -1
    outer loop
      vertex -88.0527 -125.865 120
      vertex -88.1157 -125.89 120
      vertex -89.5363 -124.286 120
    endloop
  endfacet
  facet normal 0 0 -1
    outer loop
      vertex -89.5363 -124.286 120
      vertex -88.1157 -125.89 120
      vertex -88.1776 -125.917 120
    endloop
  endfacet
  facet normal 0 0 -1
    outer loop
      vertex -88.1776 -125.917 120
      vertex -88.2383 -125.947 120
      vertex -89.5363 -124.286 120
    endloop
  endfacet
  facet normal 0 0 -1
    outer loop
      vertex -88.2383 -125.947 120
      vertex -88.2976 -125.98 120
      vertex -89.5363 -124.286 120
    endloop
  endfacet
  facet normal 0 0 -1
    outer loop
      vertex -89.5363 -124.286 120
      vertex -88.2976 -125.98 120
      vertex -88.3554 -126.015 120
    endloop
  endfacet
  facet normal 0 0 -1
    outer loop
      vertex -88.6653 -126.275 120
      vertex -88.7099 -126.326 120
      vertex -89.5363 -124.286 120
    endloop
  endfacet
  facet normal 0 0 -1
    outer loop
      vertex -88.7099 -126.326 120
      vertex -88.7523 -126.378 120
      vertex -89.5363 -124.286 120
    endloop
  endfacet
  facet normal 0 0 -1
    outer loop
      vertex -89.5363 -124.286 120
      vertex -88.7523 -126.378 120
      vertex -88.7922 -126.433 120
    endloop
  endfacet
  facet normal 0 0 -1
    outer loop
      vertex -88.8974 -128.038 120
      vertex -88.8649 -128.097 120
      vertex -89.5363 -129.436 120
    endloop
  endfacet
  facet normal 0 0 -1
    outer loop
      vertex -88.8649 -128.097 120
      vertex -88.8298 -128.155 120
      vertex -89.5363 -129.436 120
    endloop
  endfacet
  facet normal 0 0 -1
    outer loop
      vertex -89.5363 -129.436 120
      vertex -88.8298 -128.155 120
      vertex -88.7922 -128.211 120
    endloop
  endfacet
  facet normal 0 0 -1
    outer loop
      vertex -87.9887 -128.8 120
      vertex -87.9237 -128.819 120
      vertex -89.5363 -129.436 120
    endloop
  endfacet
  facet normal 0 0 -1
    outer loop
      vertex -87.9237 -128.819 120
      vertex -87.858 -128.835 120
      vertex -89.5363 -129.436 120
    endloop
  endfacet
  facet normal 0 0 -1
    outer loop
      vertex -89.5363 -129.436 120
      vertex -87.858 -128.835 120
      vertex -87.7917 -128.848 120
    endloop
  endfacet
  facet normal 0 0 -1
    outer loop
      vertex -87.7917 -128.848 120
      vertex -87.7249 -128.859 120
      vertex -89.5363 -129.436 120
    endloop
  endfacet
  facet normal 0 0 -1
    outer loop
      vertex -87.7249 -128.859 120
      vertex -87.6577 -128.866 120
      vertex -89.5363 -129.436 120
    endloop
  endfacet
  facet normal 0 0 -1
    outer loop
      vertex -89.5363 -129.436 120
      vertex -87.6577 -128.866 120
      vertex -87.5902 -128.87 120
    endloop
  endfacet
  facet normal 0 0 -1
    outer loop
      vertex -87.1871 -128.835 120
      vertex -87.1214 -128.819 120
      vertex -65.4863 -129.436 120
    endloop
  endfacet
  facet normal 0 0 -1
    outer loop
      vertex -87.1214 -128.819 120
      vertex -87.0565 -128.8 120
      vertex -65.4863 -129.436 120
    endloop
  endfacet
  facet normal 0 0 -1
    outer loop
      vertex -87.6577 -125.778 120
      vertex -87.7249 -125.785 120
      vertex -89.5363 -124.286 120
    endloop
  endfacet
  facet normal 0 0 -1
    outer loop
      vertex -87.7249 -125.785 120
      vertex -87.7917 -125.795 120
      vertex -89.5363 -124.286 120
    endloop
  endfacet
  facet normal 0 0 -1
    outer loop
      vertex -89.5363 -124.286 120
      vertex -87.7917 -125.795 120
      vertex -87.858 -125.809 120
    endloop
  endfacet
  facet normal 0 0 -1
    outer loop
      vertex -88.8298 -126.489 120
      vertex -88.8649 -126.547 120
      vertex -89.5363 -124.286 120
    endloop
  endfacet
  facet normal 0 0 -1
    outer loop
      vertex -88.8649 -126.547 120
      vertex -88.8974 -126.606 120
      vertex -89.5363 -124.286 120
    endloop
  endfacet
  facet normal 0 0 -1
    outer loop
      vertex -89.5363 -124.286 120
      vertex -88.8974 -126.606 120
      vertex -88.9273 -126.667 120
    endloop
  endfacet
  facet normal 0 0 -1
    outer loop
      vertex -89.0667 -127.457 120
      vertex -89.0593 -127.524 120
      vertex -89.5363 -129.436 120
    endloop
  endfacet
  facet normal 0 0 -1
    outer loop
      vertex -89.0593 -127.524 120
      vertex -89.049 -127.591 120
      vertex -89.5363 -129.436 120
    endloop
  endfacet
  facet normal 0 0 -1
    outer loop
      vertex -89.5363 -129.436 120
      vertex -89.049 -127.591 120
      vertex -89.0358 -127.657 120
    endloop
  endfacet
  facet normal 0 0 -1
    outer loop
      vertex -89.0358 -127.657 120
      vertex -89.0197 -127.723 120
      vertex -89.5363 -129.436 120
    endloop
  endfacet
  facet normal 0 0 -1
    outer loop
      vertex -89.0197 -127.723 120
      vertex -89.0008 -127.788 120
      vertex -89.5363 -129.436 120
    endloop
  endfacet
  facet normal 0 0 -1
    outer loop
      vertex -89.5363 -129.436 120
      vertex -89.0008 -127.788 120
      vertex -88.9791 -127.852 120
    endloop
  endfacet
  facet normal 0 0 -1
    outer loop
      vertex -88.9791 -127.852 120
      vertex -88.9546 -127.915 120
      vertex -89.5363 -129.436 120
    endloop
  endfacet
  facet normal 0 0 -1
    outer loop
      vertex -88.9546 -127.915 120
      vertex -88.9273 -127.977 120
      vertex -89.5363 -129.436 120
    endloop
  endfacet
  facet normal 0 0 -1
    outer loop
      vertex -89.5363 -129.436 120
      vertex -88.9273 -127.977 120
      vertex -88.8974 -128.038 120
    endloop
  endfacet
  facet normal 0 0 -1
    outer loop
      vertex -87.0565 -128.8 120
      vertex -86.9924 -128.778 120
      vertex -65.4863 -129.436 120
    endloop
  endfacet
  facet normal 0 0 -1
    outer loop
      vertex -86.9924 -128.778 120
      vertex -86.9294 -128.754 120
      vertex -65.4863 -129.436 120
    endloop
  endfacet
  facet normal 0 0 -1
    outer loop
      vertex -65.4863 -129.436 120
      vertex -86.9294 -128.754 120
      vertex -86.8675 -128.727 120
    endloop
  endfacet
  facet normal 0 0 -1
    outer loop
      vertex -86.3352 -128.318 120
      vertex -86.2929 -128.265 120
      vertex -65.4863 -124.286 120
    endloop
  endfacet
  facet normal 0 0 -1
    outer loop
      vertex -86.2929 -128.265 120
      vertex -86.2529 -128.211 120
      vertex -65.4863 -124.286 120
    endloop
  endfacet
  facet normal 0 0 -1
    outer loop
      vertex -65.4863 -124.286 120
      vertex -86.2529 -128.211 120
      vertex -86.2153 -128.155 120
    endloop
  endfacet
  facet normal 0 0 -1
    outer loop
      vertex -86.1178 -127.977 120
      vertex -86.0905 -127.915 120
      vertex -65.4863 -124.286 120
    endloop
  endfacet
  facet normal 0 0 -1
    outer loop
      vertex -86.0905 -127.915 120
      vertex -86.066 -127.852 120
      vertex -65.4863 -124.286 120
    endloop
  endfacet
  facet normal 0 0 -1
    outer loop
      vertex -65.4863 -124.286 120
      vertex -86.066 -127.852 120
      vertex -86.0443 -127.788 120
    endloop
  endfacet
  facet normal 0 0 -1
    outer loop
      vertex -85.974 -127.254 120
      vertex -65.4863 -124.286 120
      vertex -85.9726 -127.322 120
    endloop
  endfacet
  facet normal 0 0 -1
    outer loop
      vertex -65.4863 -124.286 120
      vertex -85.974 -127.389 120
      vertex -85.9726 -127.322 120
    endloop
  endfacet
  facet normal 0 0 -1
    outer loop
      vertex -85.974 -127.254 120
      vertex -85.9785 -127.187 120
      vertex -65.4863 -124.286 120
    endloop
  endfacet
  facet normal 0 0 -1
    outer loop
      vertex -85.9785 -127.187 120
      vertex -85.9858 -127.12 120
      vertex -65.4863 -124.286 120
    endloop
  endfacet
  facet normal 0 0 -1
    outer loop
      vertex -65.4863 -124.286 120
      vertex -85.9858 -127.12 120
      vertex -85.9961 -127.053 120
    endloop
  endfacet
  facet normal 0 0 -1
    outer loop
      vertex -86.3798 -126.275 120
      vertex -86.4265 -126.226 120
      vertex -65.4863 -124.286 120
    endloop
  endfacet
  facet normal 0 0 -1
    outer loop
      vertex -86.4265 -126.226 120
      vertex -86.4754 -126.179 120
      vertex -65.4863 -124.286 120
    endloop
  endfacet
  facet normal 0 0 -1
    outer loop
      vertex -65.4863 -124.286 120
      vertex -86.4754 -126.179 120
      vertex -86.5262 -126.134 120
    endloop
  endfacet
  facet normal 0 0 -1
    outer loop
      vertex -86.5262 -126.134 120
      vertex -86.579 -126.092 120
      vertex -65.4863 -124.286 120
    endloop
  endfacet
  facet normal 0 0 -1
    outer loop
      vertex -86.579 -126.092 120
      vertex -86.6335 -126.052 120
      vertex -65.4863 -124.286 120
    endloop
  endfacet
  facet normal 0 0 -1
    outer loop
      vertex -65.4863 -124.286 120
      vertex -86.6335 -126.052 120
      vertex -86.6897 -126.015 120
    endloop
  endfacet
  facet normal 0 0 -1
    outer loop
      vertex -88.9273 -126.667 120
      vertex -88.9546 -126.729 120
      vertex -89.5363 -124.286 120
    endloop
  endfacet
  facet normal 0 0 -1
    outer loop
      vertex -88.9546 -126.729 120
      vertex -88.9791 -126.792 120
      vertex -89.5363 -124.286 120
    endloop
  endfacet
  facet normal 0 0 -1
    outer loop
      vertex -89.5363 -124.286 120
      vertex -88.9791 -126.792 120
      vertex -89.0008 -126.856 120
    endloop
  endfacet
  facet normal 0 0 -1
    outer loop
      vertex -89.0008 -126.856 120
      vertex -89.0197 -126.921 120
      vertex -89.5363 -124.286 120
    endloop
  endfacet
  facet normal 0 0 -1
    outer loop
      vertex -89.0197 -126.921 120
      vertex -89.0358 -126.986 120
      vertex -89.5363 -124.286 120
    endloop
  endfacet
  facet normal 0 0 -1
    outer loop
      vertex -89.5363 -124.286 120
      vertex -89.0358 -126.986 120
      vertex -89.049 -127.053 120
    endloop
  endfacet
  facet normal 0 0 -1
    outer loop
      vertex -86.2153 -128.155 120
      vertex -86.1802 -128.097 120
      vertex -65.4863 -124.286 120
    endloop
  endfacet
  facet normal 0 0 -1
    outer loop
      vertex -86.1802 -128.097 120
      vertex -86.1477 -128.038 120
      vertex -65.4863 -124.286 120
    endloop
  endfacet
  facet normal 0 0 -1
    outer loop
      vertex -65.4863 -124.286 120
      vertex -86.1477 -128.038 120
      vertex -86.1178 -127.977 120
    endloop
  endfacet
  facet normal 0 0 -1
    outer loop
      vertex -86.0443 -127.788 120
      vertex -86.0254 -127.723 120
      vertex -65.4863 -124.286 120
    endloop
  endfacet
  facet normal 0 0 -1
    outer loop
      vertex -86.0254 -127.723 120
      vertex -86.0093 -127.657 120
      vertex -65.4863 -124.286 120
    endloop
  endfacet
  facet normal 0 0 -1
    outer loop
      vertex -65.4863 -124.286 120
      vertex -86.0093 -127.657 120
      vertex -85.9961 -127.591 120
    endloop
  endfacet
  facet normal 0 0 -1
    outer loop
      vertex -87.455 -128.87 120
      vertex -87.3875 -128.866 120
      vertex -89.5363 -129.436 120
    endloop
  endfacet
  facet normal 0 0 -1
    outer loop
      vertex -87.3875 -128.866 120
      vertex -87.3202 -128.859 120
      vertex -89.5363 -129.436 120
    endloop
  endfacet
  facet normal 0 0 -1
    outer loop
      vertex -89.5363 -129.436 120
      vertex -87.3202 -128.859 120
      vertex -65.4863 -129.436 120
    endloop
  endfacet
  facet normal 0 0 -1
    outer loop
      vertex -87.3202 -128.859 120
      vertex -87.2534 -128.848 120
      vertex -65.4863 -129.436 120
    endloop
  endfacet
  facet normal 0 0 -1
    outer loop
      vertex -65.4863 -129.436 120
      vertex -87.2534 -128.848 120
      vertex -87.1871 -128.835 120
    endloop
  endfacet
  facet normal 0 0 -1
    outer loop
      vertex -86.4754 -128.465 120
      vertex -86.4265 -128.418 120
      vertex -65.4863 -124.286 120
    endloop
  endfacet
  facet normal 0 0 -1
    outer loop
      vertex -86.4265 -128.418 120
      vertex -86.3798 -128.369 120
      vertex -65.4863 -124.286 120
    endloop
  endfacet
  facet normal 0 0 -1
    outer loop
      vertex -65.4863 -124.286 120
      vertex -86.3798 -128.369 120
      vertex -86.3352 -128.318 120
    endloop
  endfacet
  facet normal 0 0 -1
    outer loop
      vertex -85.9961 -127.591 120
      vertex -85.9858 -127.524 120
      vertex -65.4863 -124.286 120
    endloop
  endfacet
  facet normal 0 0 -1
    outer loop
      vertex -85.9858 -127.524 120
      vertex -85.9785 -127.457 120
      vertex -65.4863 -124.286 120
    endloop
  endfacet
  facet normal 0 0 -1
    outer loop
      vertex -65.4863 -124.286 120
      vertex -85.9785 -127.457 120
      vertex -85.974 -127.389 120
    endloop
  endfacet
  facet normal 0 0 -1
    outer loop
      vertex -88.3554 -126.015 120
      vertex -88.4116 -126.052 120
      vertex -89.5363 -124.286 120
    endloop
  endfacet
  facet normal 0 0 -1
    outer loop
      vertex -88.4116 -126.052 120
      vertex -88.4661 -126.092 120
      vertex -89.5363 -124.286 120
    endloop
  endfacet
  facet normal 0 0 -1
    outer loop
      vertex -89.5363 -124.286 120
      vertex -88.4661 -126.092 120
      vertex -88.5189 -126.134 120
    endloop
  endfacet
  facet normal 0 0 -1
    outer loop
      vertex -88.5189 -126.134 120
      vertex -88.5697 -126.179 120
      vertex -89.5363 -124.286 120
    endloop
  endfacet
  facet normal 0 0 -1
    outer loop
      vertex -88.5697 -126.179 120
      vertex -88.6186 -126.226 120
      vertex -89.5363 -124.286 120
    endloop
  endfacet
  facet normal 0 0 -1
    outer loop
      vertex -89.5363 -124.286 120
      vertex -88.6186 -126.226 120
      vertex -88.6653 -126.275 120
    endloop
  endfacet
  facet normal 0 0 -1
    outer loop
      vertex -89.049 -127.053 120
      vertex -89.0593 -127.12 120
      vertex -89.5363 -124.286 120
    endloop
  endfacet
  facet normal 0 0 -1
    outer loop
      vertex -89.0593 -127.12 120
      vertex -89.0667 -127.187 120
      vertex -89.5363 -124.286 120
    endloop
  endfacet
  facet normal 0 0 -1
    outer loop
      vertex -89.5363 -124.286 120
      vertex -89.0667 -127.187 120
      vertex -89.0711 -127.254 120
    endloop
  endfacet
  facet normal 0 0 -1
    outer loop
      vertex 21.7257 -122.78 120
      vertex 21.7814 -122.769 120
      vertex 33.9 -124.286 120
    endloop
  endfacet
  facet normal 0 0 -1
    outer loop
      vertex 21.7257 -120.22 120
      vertex 0 -100 120
      vertex 21.7814 -120.231 120
    endloop
  endfacet
  facet normal 0 0 -1
    outer loop
      vertex 0 -100 120
      vertex 33.9 -100 120
      vertex 21.7814 -120.231 120
    endloop
  endfacet
  facet normal 0 0 -1
    outer loop
      vertex 21.7814 -120.231 120
      vertex 33.9 -100 120
      vertex 21.8365 -120.244 120
    endloop
  endfacet
  facet normal 0 0 -1
    outer loop
      vertex 21.3867 -120.205 120
      vertex 21.3303 -120.211 120
      vertex 0 -100 120
    endloop
  endfacet
  facet normal 0 0 -1
    outer loop
      vertex 21.3303 -120.211 120
      vertex 21.2743 -120.22 120
      vertex 0 -100 120
    endloop
  endfacet
  facet normal 0 0 -1
    outer loop
      vertex 0 -100 120
      vertex 21.2743 -120.22 120
      vertex 21.2186 -120.231 120
    endloop
  endfacet
  facet normal 0 0 -1
    outer loop
      vertex 20.6644 -120.504 120
      vertex 0 -100 120
      vertex 20.7086 -120.469 120
    endloop
  endfacet
  facet normal 0 0 -1
    outer loop
      vertex 0 -100 120
      vertex 20.7544 -120.435 120
      vertex 20.7086 -120.469 120
    endloop
  endfacet
  facet normal 0 0 -1
    outer loop
      vertex 21.2186 -122.769 120
      vertex 21.2743 -122.78 120
      vertex 0 -124.286 120
    endloop
  endfacet
  facet normal 0 0 -1
    outer loop
      vertex 21.2743 -122.78 120
      vertex 21.3303 -122.789 120
      vertex 0 -124.286 120
    endloop
  endfacet
  facet normal 0 0 -1
    outer loop
      vertex 22.2914 -120.469 120
      vertex 22.2456 -120.435 120
      vertex 33.9 -100 120
    endloop
  endfacet
  facet normal 0 0 -1
    outer loop
      vertex 22.2456 -120.435 120
      vertex 22.1985 -120.404 120
      vertex 33.9 -100 120
    endloop
  endfacet
  facet normal 0 0 -1
    outer loop
      vertex 33.9 -100 120
      vertex 22.1985 -120.404 120
      vertex 22.15 -120.374 120
    endloop
  endfacet
  facet normal 0 0 -1
    outer loop
      vertex 22.15 -120.374 120
      vertex 22.1003 -120.347 120
      vertex 33.9 -100 120
    endloop
  endfacet
  facet normal 0 0 -1
    outer loop
      vertex 22.1003 -120.347 120
      vertex 22.0494 -120.322 120
      vertex 33.9 -100 120
    endloop
  endfacet
  facet normal 0 0 -1
    outer loop
      vertex 33.9 -100 120
      vertex 22.0494 -120.322 120
      vertex 21.9975 -120.299 120
    endloop
  endfacet
  facet normal 0 0 -1
    outer loop
      vertex 20.6644 -120.504 120
      vertex 20.6217 -120.542 120
      vertex 0 -100 120
    endloop
  endfacet
  facet normal 0 0 -1
    outer loop
      vertex 20.6217 -120.542 120
      vertex 20.5808 -120.581 120
      vertex 0 -100 120
    endloop
  endfacet
  facet normal 0 0 -1
    outer loop
      vertex 0 -100 120
      vertex 20.5808 -120.581 120
      vertex 20.5415 -120.622 120
    endloop
  endfacet
  facet normal 0 0 -1
    outer loop
      vertex 20.5808 -122.419 120
      vertex 20.6217 -122.458 120
      vertex 0 -124.286 120
    endloop
  endfacet
  facet normal 0 0 -1
    outer loop
      vertex 20.6217 -122.458 120
      vertex 20.6644 -122.496 120
      vertex 0 -124.286 120
    endloop
  endfacet
  facet normal 0 0 -1
    outer loop
      vertex 20.9506 -122.678 120
      vertex 21.0025 -122.701 120
      vertex 0 -124.286 120
    endloop
  endfacet
  facet normal 0 0 -1
    outer loop
      vertex 21.0025 -122.701 120
      vertex 21.0554 -122.722 120
      vertex 0 -124.286 120
    endloop
  endfacet
  facet normal 0 0 -1
    outer loop
      vertex 21.9975 -120.299 120
      vertex 21.9446 -120.278 120
      vertex 33.9 -100 120
    endloop
  endfacet
  facet normal 0 0 -1
    outer loop
      vertex 21.9446 -120.278 120
      vertex 21.8909 -120.26 120
      vertex 33.9 -100 120
    endloop
  endfacet
  facet normal 0 0 -1
    outer loop
      vertex 33.9 -100 120
      vertex 21.8909 -120.26 120
      vertex 21.8365 -120.244 120
    endloop
  endfacet
  facet normal 0 0 -1
    outer loop
      vertex 21.7257 -120.22 120
      vertex 21.6697 -120.211 120
      vertex 0 -100 120
    endloop
  endfacet
  facet normal 0 0 -1
    outer loop
      vertex 21.6697 -120.211 120
      vertex 21.6133 -120.205 120
      vertex 0 -100 120
    endloop
  endfacet
  facet normal 0 0 -1
    outer loop
      vertex 0 -100 120
      vertex 21.6133 -120.205 120
      vertex 21.5567 -120.201 120
    endloop
  endfacet
  facet normal 0 0 -1
    outer loop
      vertex 21.2186 -120.231 120
      vertex 21.1635 -120.244 120
      vertex 0 -100 120
    endloop
  endfacet
  facet normal 0 0 -1
    outer loop
      vertex 21.1635 -120.244 120
      vertex 21.1091 -120.26 120
      vertex 0 -100 120
    endloop
  endfacet
  facet normal 0 0 -1
    outer loop
      vertex 0 -100 120
      vertex 21.1091 -120.26 120
      vertex 21.0554 -120.278 120
    endloop
  endfacet
  facet normal 0 0 -1
    outer loop
      vertex 20.2443 -121.164 120
      vertex 20.2308 -121.219 120
      vertex 0 -124.286 120
    endloop
  endfacet
  facet normal 0 0 -1
    outer loop
      vertex 0 -124.286 120
      vertex 20.2049 -121.387 120
      vertex 20.2012 -121.443 120
    endloop
  endfacet
  facet normal 0 0 -1
    outer loop
      vertex 20.2012 -121.443 120
      vertex 20.2 -121.5 120
      vertex 0 -124.286 120
    endloop
  endfacet
  facet normal 0 0 -1
    outer loop
      vertex 20.2 -121.5 120
      vertex 20.2012 -121.557 120
      vertex 0 -124.286 120
    endloop
  endfacet
  facet normal 0 0 -1
    outer loop
      vertex 0 -124.286 120
      vertex 20.2012 -121.557 120
      vertex 20.2049 -121.613 120
    endloop
  endfacet
  facet normal 0 0 -1
    outer loop
      vertex 20.6644 -122.496 120
      vertex 20.7086 -122.531 120
      vertex 0 -124.286 120
    endloop
  endfacet
  facet normal 0 0 -1
    outer loop
      vertex 20.7086 -122.531 120
      vertex 20.7544 -122.565 120
      vertex 0 -124.286 120
    endloop
  endfacet
  facet normal 0 0 -1
    outer loop
      vertex 0 -124.286 120
      vertex 20.7544 -122.565 120
      vertex 20.8015 -122.596 120
    endloop
  endfacet
  facet normal 0 0 -1
    outer loop
      vertex 20.8015 -122.596 120
      vertex 20.85 -122.626 120
      vertex 0 -124.286 120
    endloop
  endfacet
  facet normal 0 0 -1
    outer loop
      vertex 20.85 -122.626 120
      vertex 20.8997 -122.653 120
      vertex 0 -124.286 120
    endloop
  endfacet
  facet normal 0 0 -1
    outer loop
      vertex 0 -124.286 120
      vertex 20.8997 -122.653 120
      vertex 20.9506 -122.678 120
    endloop
  endfacet
  facet normal 0 0 -1
    outer loop
      vertex 21.0554 -122.722 120
      vertex 21.1091 -122.74 120
      vertex 0 -124.286 120
    endloop
  endfacet
  facet normal 0 0 -1
    outer loop
      vertex 21.1091 -122.74 120
      vertex 21.1635 -122.756 120
      vertex 0 -124.286 120
    endloop
  endfacet
  facet normal 0 0 -1
    outer loop
      vertex 0 -124.286 120
      vertex 21.1635 -122.756 120
      vertex 21.2186 -122.769 120
    endloop
  endfacet
  facet normal 0 0 -1
    outer loop
      vertex 33.9 -130 120
      vertex 0 -129.436 120
      vertex 33.9 -129.436 120
    endloop
  endfacet
  facet normal 0 0 -1
    outer loop
      vertex 0 -129.436 120
      vertex 0 -124.286 120
      vertex 33.9 -129.436 120
    endloop
  endfacet
  facet normal 0 0 -1
    outer loop
      vertex 33.9 -129.436 120
      vertex 0 -124.286 120
      vertex 33.9 -124.286 120
    endloop
  endfacet
  facet normal 0 0 -1
    outer loop
      vertex 0 -124.286 120
      vertex 21.3303 -122.789 120
      vertex 33.9 -124.286 120
    endloop
  endfacet
  facet normal 0 0 -1
    outer loop
      vertex 33.9 -124.286 120
      vertex 21.3303 -122.789 120
      vertex 21.3867 -122.795 120
    endloop
  endfacet
  facet normal 0 0 -1
    outer loop
      vertex 33.9 -124.286 120
      vertex 22.2456 -122.565 120
      vertex 22.2914 -122.531 120
    endloop
  endfacet
  facet normal 0 0 -1
    outer loop
      vertex 21.5567 -120.201 120
      vertex 21.5 -120.2 120
      vertex 0 -100 120
    endloop
  endfacet
  facet normal 0 0 -1
    outer loop
      vertex 21.5 -120.2 120
      vertex 21.4433 -120.201 120
      vertex 0 -100 120
    endloop
  endfacet
  facet normal 0 0 -1
    outer loop
      vertex 0 -100 120
      vertex 21.4433 -120.201 120
      vertex 21.3867 -120.205 120
    endloop
  endfacet
  facet normal 0 0 -1
    outer loop
      vertex 21.0554 -120.278 120
      vertex 21.0025 -120.299 120
      vertex 0 -100 120
    endloop
  endfacet
  facet normal 0 0 -1
    outer loop
      vertex 21.0025 -120.299 120
      vertex 20.9506 -120.322 120
      vertex 0 -100 120
    endloop
  endfacet
  facet normal 0 0 -1
    outer loop
      vertex 0 -100 120
      vertex 20.9506 -120.322 120
      vertex 20.8997 -120.347 120
    endloop
  endfacet
  facet normal 0 0 -1
    outer loop
      vertex 20.8997 -120.347 120
      vertex 20.85 -120.374 120
      vertex 0 -100 120
    endloop
  endfacet
  facet normal 0 0 -1
    outer loop
      vertex 20.85 -120.374 120
      vertex 20.8015 -120.404 120
      vertex 0 -100 120
    endloop
  endfacet
  facet normal 0 0 -1
    outer loop
      vertex 0 -100 120
      vertex 20.8015 -120.404 120
      vertex 20.7544 -120.435 120
    endloop
  endfacet
  facet normal 0 0 -1
    outer loop
      vertex 20.4351 -120.754 120
      vertex 20.4036 -120.802 120
      vertex 0 -100 120
    endloop
  endfacet
  facet normal 0 0 -1
    outer loop
      vertex 20.4036 -120.802 120
      vertex 20.3742 -120.85 120
      vertex 0 -100 120
    endloop
  endfacet
  facet normal 0 0 -1
    outer loop
      vertex 0 -100 120
      vertex 20.3742 -120.85 120
      vertex 20.3469 -120.9 120
    endloop
  endfacet
  facet normal 0 0 -1
    outer loop
      vertex 20.2443 -121.164 120
      vertex 0 -124.286 120
      vertex 20.2602 -121.109 120
    endloop
  endfacet
  facet normal 0 0 -1
    outer loop
      vertex 20.2308 -121.781 120
      vertex 20.2443 -121.836 120
      vertex 0 -124.286 120
    endloop
  endfacet
  facet normal 0 0 -1
    outer loop
      vertex 20.2443 -121.836 120
      vertex 20.2602 -121.891 120
      vertex 0 -124.286 120
    endloop
  endfacet
  facet normal 0 0 -1
    outer loop
      vertex 0 -124.286 120
      vertex 20.2602 -121.891 120
      vertex 20.2784 -121.945 120
    endloop
  endfacet
  facet normal 0 0 -1
    outer loop
      vertex 21.3867 -122.795 120
      vertex 21.4433 -122.799 120
      vertex 33.9 -124.286 120
    endloop
  endfacet
  facet normal 0 0 -1
    outer loop
      vertex 21.4433 -122.799 120
      vertex 21.5 -122.8 120
      vertex 33.9 -124.286 120
    endloop
  endfacet
  facet normal 0 0 -1
    outer loop
      vertex 33.9 -124.286 120
      vertex 21.5 -122.8 120
      vertex 21.5567 -122.799 120
    endloop
  endfacet
  facet normal 0 0 -1
    outer loop
      vertex 21.5567 -122.799 120
      vertex 21.6133 -122.795 120
      vertex 33.9 -124.286 120
    endloop
  endfacet
  facet normal 0 0 -1
    outer loop
      vertex 21.6133 -122.795 120
      vertex 21.6697 -122.789 120
      vertex 33.9 -124.286 120
    endloop
  endfacet
  facet normal 0 0 -1
    outer loop
      vertex 33.9 -124.286 120
      vertex 21.6697 -122.789 120
      vertex 21.7257 -122.78 120
    endloop
  endfacet
  facet normal 0 0 -1
    outer loop
      vertex 22.1003 -122.653 120
      vertex 22.15 -122.626 120
      vertex 33.9 -124.286 120
    endloop
  endfacet
  facet normal 0 0 -1
    outer loop
      vertex 22.15 -122.626 120
      vertex 22.1985 -122.596 120
      vertex 33.9 -124.286 120
    endloop
  endfacet
  facet normal 0 0 -1
    outer loop
      vertex 33.9 -124.286 120
      vertex 22.1985 -122.596 120
      vertex 22.2456 -122.565 120
    endloop
  endfacet
  facet normal 0 0 -1
    outer loop
      vertex 20.2308 -121.219 120
      vertex 20.2198 -121.274 120
      vertex 0 -124.286 120
    endloop
  endfacet
  facet normal 0 0 -1
    outer loop
      vertex 20.2198 -121.274 120
      vertex 20.2111 -121.33 120
      vertex 0 -124.286 120
    endloop
  endfacet
  facet normal 0 0 -1
    outer loop
      vertex 0 -124.286 120
      vertex 20.2111 -121.33 120
      vertex 20.2049 -121.387 120
    endloop
  endfacet
  facet normal 0 0 -1
    outer loop
      vertex 20.2049 -121.613 120
      vertex 20.2111 -121.67 120
      vertex 0 -124.286 120
    endloop
  endfacet
  facet normal 0 0 -1
    outer loop
      vertex 20.2111 -121.67 120
      vertex 20.2198 -121.726 120
      vertex 0 -124.286 120
    endloop
  endfacet
  facet normal 0 0 -1
    outer loop
      vertex 0 -124.286 120
      vertex 20.2198 -121.726 120
      vertex 20.2308 -121.781 120
    endloop
  endfacet
  facet normal 0 0 -1
    outer loop
      vertex 20.2784 -121.945 120
      vertex 20.299 -121.997 120
      vertex 0 -124.286 120
    endloop
  endfacet
  facet normal 0 0 -1
    outer loop
      vertex 20.299 -121.997 120
      vertex 20.3218 -122.049 120
      vertex 0 -124.286 120
    endloop
  endfacet
  facet normal 0 0 -1
    outer loop
      vertex 0 -124.286 120
      vertex 20.3218 -122.049 120
      vertex 20.3469 -122.1 120
    endloop
  endfacet
  facet normal 0 0 -1
    outer loop
      vertex 21.7814 -122.769 120
      vertex 21.8365 -122.756 120
      vertex 33.9 -124.286 120
    endloop
  endfacet
  facet normal 0 0 -1
    outer loop
      vertex 21.8365 -122.756 120
      vertex 21.8909 -122.74 120
      vertex 33.9 -124.286 120
    endloop
  endfacet
  facet normal 0 0 -1
    outer loop
      vertex 33.9 -124.286 120
      vertex 21.8909 -122.74 120
      vertex 21.9446 -122.722 120
    endloop
  endfacet
  facet normal 0 0 -1
    outer loop
      vertex 21.9446 -122.722 120
      vertex 21.9975 -122.701 120
      vertex 33.9 -124.286 120
    endloop
  endfacet
  facet normal 0 0 -1
    outer loop
      vertex 21.9975 -122.701 120
      vertex 22.0494 -122.678 120
      vertex 33.9 -124.286 120
    endloop
  endfacet
  facet normal 0 0 -1
    outer loop
      vertex 33.9 -124.286 120
      vertex 22.0494 -122.678 120
      vertex 22.1003 -122.653 120
    endloop
  endfacet
  facet normal 0 0 -1
    outer loop
      vertex 22.2914 -122.531 120
      vertex 22.3356 -122.496 120
      vertex 33.9 -124.286 120
    endloop
  endfacet
  facet normal 0 0 -1
    outer loop
      vertex 22.3356 -122.496 120
      vertex 22.3783 -122.458 120
      vertex 33.9 -124.286 120
    endloop
  endfacet
  facet normal 0 0 -1
    outer loop
      vertex 33.9 -124.286 120
      vertex 22.3783 -122.458 120
      vertex 22.4192 -122.419 120
    endloop
  endfacet
  facet normal 0 0 -1
    outer loop
      vertex 33.9 -100 120
      vertex 22.4585 -120.622 120
      vertex 22.4192 -120.581 120
    endloop
  endfacet
  facet normal 0 0 -1
    outer loop
      vertex 20.5415 -120.622 120
      vertex 20.5041 -120.664 120
      vertex 0 -100 120
    endloop
  endfacet
  facet normal 0 0 -1
    outer loop
      vertex 20.5041 -120.664 120
      vertex 20.4686 -120.709 120
      vertex 0 -100 120
    endloop
  endfacet
  facet normal 0 0 -1
    outer loop
      vertex 0 -100 120
      vertex 20.4686 -120.709 120
      vertex 20.4351 -120.754 120
    endloop
  endfacet
  facet normal 0 0 -1
    outer loop
      vertex 0 -124.286 120
      vertex 20.4351 -122.246 120
      vertex 20.4686 -122.291 120
    endloop
  endfacet
  facet normal 0 0 -1
    outer loop
      vertex 22.4192 -122.419 120
      vertex 22.4585 -122.378 120
      vertex 33.9 -124.286 120
    endloop
  endfacet
  facet normal 0 0 -1
    outer loop
      vertex 22.4585 -122.378 120
      vertex 22.4959 -122.336 120
      vertex 33.9 -124.286 120
    endloop
  endfacet
  facet normal 0 0 -1
    outer loop
      vertex 33.9 -124.286 120
      vertex 22.4959 -122.336 120
      vertex 22.5314 -122.291 120
    endloop
  endfacet
  facet normal 0 0 -1
    outer loop
      vertex 22.4192 -120.581 120
      vertex 22.3783 -120.542 120
      vertex 33.9 -100 120
    endloop
  endfacet
  facet normal 0 0 -1
    outer loop
      vertex 22.3783 -120.542 120
      vertex 22.3356 -120.504 120
      vertex 33.9 -100 120
    endloop
  endfacet
  facet normal 0 0 -1
    outer loop
      vertex 33.9 -100 120
      vertex 22.3356 -120.504 120
      vertex 22.2914 -120.469 120
    endloop
  endfacet
  facet normal 0 0 -1
    outer loop
      vertex 20.3469 -120.9 120
      vertex 20.3218 -120.951 120
      vertex 0 -100 120
    endloop
  endfacet
  facet normal 0 0 -1
    outer loop
      vertex 20.3218 -120.951 120
      vertex 20.299 -121.003 120
      vertex 0 -100 120
    endloop
  endfacet
  facet normal 0 0 -1
    outer loop
      vertex 0 -100 120
      vertex 20.299 -121.003 120
      vertex 0 -124.286 120
    endloop
  endfacet
  facet normal 0 0 -1
    outer loop
      vertex 20.299 -121.003 120
      vertex 20.2784 -121.055 120
      vertex 0 -124.286 120
    endloop
  endfacet
  facet normal 0 0 -1
    outer loop
      vertex 0 -124.286 120
      vertex 20.2784 -121.055 120
      vertex 20.2602 -121.109 120
    endloop
  endfacet
  facet normal 0 0 -1
    outer loop
      vertex 20.3469 -122.1 120
      vertex 20.3742 -122.15 120
      vertex 0 -124.286 120
    endloop
  endfacet
  facet normal 0 0 -1
    outer loop
      vertex 20.3742 -122.15 120
      vertex 20.4036 -122.198 120
      vertex 0 -124.286 120
    endloop
  endfacet
  facet normal 0 0 -1
    outer loop
      vertex 0 -124.286 120
      vertex 20.4036 -122.198 120
      vertex 20.4351 -122.246 120
    endloop
  endfacet
  facet normal 0 0 -1
    outer loop
      vertex 20.4686 -122.291 120
      vertex 20.5041 -122.336 120
      vertex 0 -124.286 120
    endloop
  endfacet
  facet normal 0 0 -1
    outer loop
      vertex 20.5041 -122.336 120
      vertex 20.5415 -122.378 120
      vertex 0 -124.286 120
    endloop
  endfacet
  facet normal 0 0 -1
    outer loop
      vertex 0 -124.286 120
      vertex 20.5415 -122.378 120
      vertex 20.5808 -122.419 120
    endloop
  endfacet
  facet normal 0 0 -1
    outer loop
      vertex 22.5314 -122.291 120
      vertex 22.5649 -122.246 120
      vertex 33.9 -124.286 120
    endloop
  endfacet
  facet normal 0 0 -1
    outer loop
      vertex 22.5649 -122.246 120
      vertex 22.5964 -122.198 120
      vertex 33.9 -124.286 120
    endloop
  endfacet
  facet normal 0 0 -1
    outer loop
      vertex 33.9 -124.286 120
      vertex 22.5964 -122.198 120
      vertex 22.6258 -122.15 120
    endloop
  endfacet
  facet normal 0 0 -1
    outer loop
      vertex 22.8 -121.5 120
      vertex 33.9 -124.286 120
      vertex 22.7988 -121.557 120
    endloop
  endfacet
  facet normal 0 0 -1
    outer loop
      vertex 33.9 -124.286 120
      vertex 22.7951 -121.613 120
      vertex 22.7988 -121.557 120
    endloop
  endfacet
  facet normal 0 0 -1
    outer loop
      vertex 22.701 -121.997 120
      vertex 22.7216 -121.945 120
      vertex 33.9 -124.286 120
    endloop
  endfacet
  facet normal 0 0 -1
    outer loop
      vertex 33.9 -100 120
      vertex 22.6782 -120.951 120
      vertex 22.6531 -120.9 120
    endloop
  endfacet
  facet normal 0 0 -1
    outer loop
      vertex 22.7216 -121.945 120
      vertex 22.7398 -121.891 120
      vertex 33.9 -124.286 120
    endloop
  endfacet
  facet normal 0 0 -1
    outer loop
      vertex 22.7398 -121.891 120
      vertex 22.7557 -121.836 120
      vertex 33.9 -124.286 120
    endloop
  endfacet
  facet normal 0 0 -1
    outer loop
      vertex 33.9 -124.286 120
      vertex 22.7557 -121.836 120
      vertex 22.7692 -121.781 120
    endloop
  endfacet
  facet normal 0 0 -1
    outer loop
      vertex 22.8 -121.5 120
      vertex 22.7988 -121.443 120
      vertex 33.9 -124.286 120
    endloop
  endfacet
  facet normal 0 0 -1
    outer loop
      vertex 22.7988 -121.443 120
      vertex 22.7951 -121.387 120
      vertex 33.9 -124.286 120
    endloop
  endfacet
  facet normal 0 0 -1
    outer loop
      vertex 33.9 -124.286 120
      vertex 22.7951 -121.387 120
      vertex 22.7889 -121.33 120
    endloop
  endfacet
  facet normal 0 0 -1
    outer loop
      vertex 22.6531 -120.9 120
      vertex 22.6258 -120.85 120
      vertex 33.9 -100 120
    endloop
  endfacet
  facet normal 0 0 -1
    outer loop
      vertex 22.6258 -120.85 120
      vertex 22.5964 -120.802 120
      vertex 33.9 -100 120
    endloop
  endfacet
  facet normal 0 0 -1
    outer loop
      vertex 33.9 -100 120
      vertex 22.5964 -120.802 120
      vertex 22.5649 -120.754 120
    endloop
  endfacet
  facet normal 0 0 -1
    outer loop
      vertex 22.5649 -120.754 120
      vertex 22.5314 -120.709 120
      vertex 33.9 -100 120
    endloop
  endfacet
  facet normal 0 0 -1
    outer loop
      vertex 22.5314 -120.709 120
      vertex 22.4959 -120.664 120
      vertex 33.9 -100 120
    endloop
  endfacet
  facet normal 0 0 -1
    outer loop
      vertex 33.9 -100 120
      vertex 22.4959 -120.664 120
      vertex 22.4585 -120.622 120
    endloop
  endfacet
  facet normal 0 0 -1
    outer loop
      vertex 22.7692 -121.781 120
      vertex 22.7803 -121.726 120
      vertex 33.9 -124.286 120
    endloop
  endfacet
  facet normal 0 0 -1
    outer loop
      vertex 22.7803 -121.726 120
      vertex 22.7889 -121.67 120
      vertex 33.9 -124.286 120
    endloop
  endfacet
  facet normal 0 0 -1
    outer loop
      vertex 33.9 -124.286 120
      vertex 22.7889 -121.67 120
      vertex 22.7951 -121.613 120
    endloop
  endfacet
  facet normal 0 0 -1
    outer loop
      vertex 22.7398 -121.109 120
      vertex 22.7216 -121.055 120
      vertex 33.9 -100 120
    endloop
  endfacet
  facet normal 0 0 -1
    outer loop
      vertex 22.7216 -121.055 120
      vertex 22.701 -121.003 120
      vertex 33.9 -100 120
    endloop
  endfacet
  facet normal 0 0 -1
    outer loop
      vertex 33.9 -100 120
      vertex 22.701 -121.003 120
      vertex 22.6782 -120.951 120
    endloop
  endfacet
  facet normal 0 0 -1
    outer loop
      vertex 22.6258 -122.15 120
      vertex 22.6531 -122.1 120
      vertex 33.9 -124.286 120
    endloop
  endfacet
  facet normal 0 0 -1
    outer loop
      vertex 22.6531 -122.1 120
      vertex 22.6782 -122.049 120
      vertex 33.9 -124.286 120
    endloop
  endfacet
  facet normal 0 0 -1
    outer loop
      vertex 33.9 -124.286 120
      vertex 22.6782 -122.049 120
      vertex 22.701 -121.997 120
    endloop
  endfacet
  facet normal 0 0 -1
    outer loop
      vertex 22.7889 -121.33 120
      vertex 22.7803 -121.274 120
      vertex 33.9 -124.286 120
    endloop
  endfacet
  facet normal 0 0 -1
    outer loop
      vertex 22.7803 -121.274 120
      vertex 22.7692 -121.219 120
      vertex 33.9 -124.286 120
    endloop
  endfacet
  facet normal 0 0 -1
    outer loop
      vertex 33.9 -124.286 120
      vertex 22.7692 -121.219 120
      vertex 33.9 -100 120
    endloop
  endfacet
  facet normal 0 0 -1
    outer loop
      vertex 22.7692 -121.219 120
      vertex 22.7557 -121.164 120
      vertex 33.9 -100 120
    endloop
  endfacet
  facet normal 0 0 -1
    outer loop
      vertex 33.9 -100 120
      vertex 22.7557 -121.164 120
      vertex 22.7398 -121.109 120
    endloop
  endfacet
  facet normal 0 0 -1
    outer loop
      vertex -21.7257 -120.22 120
      vertex -21.7814 -120.231 120
      vertex -65.4863 -100 120
    endloop
  endfacet
  facet normal 0 0 -1
    outer loop
      vertex -21.2743 -122.78 120
      vertex -21.2186 -122.769 120
      vertex 0 -124.286 120
    endloop
  endfacet
  facet normal 0 0 -1
    outer loop
      vertex -20.7086 -120.469 120
      vertex -20.7544 -120.435 120
      vertex 0 -100 120
    endloop
  endfacet
  facet normal 0 0 -1
    outer loop
      vertex -20.7544 -120.435 120
      vertex -20.8015 -120.404 120
      vertex 0 -100 120
    endloop
  endfacet
  facet normal 0 0 -1
    outer loop
      vertex 0 -100 120
      vertex -20.8015 -120.404 120
      vertex -20.85 -120.374 120
    endloop
  endfacet
  facet normal 0 0 -1
    outer loop
      vertex -20.85 -120.374 120
      vertex -20.8997 -120.347 120
      vertex 0 -100 120
    endloop
  endfacet
  facet normal 0 0 -1
    outer loop
      vertex -20.8997 -120.347 120
      vertex -20.9506 -120.322 120
      vertex 0 -100 120
    endloop
  endfacet
  facet normal 0 0 -1
    outer loop
      vertex 0 -100 120
      vertex -20.9506 -120.322 120
      vertex -21.0025 -120.299 120
    endloop
  endfacet
  facet normal 0 0 -1
    outer loop
      vertex -21.1635 -120.244 120
      vertex -21.2186 -120.231 120
      vertex 0 -100 120
    endloop
  endfacet
  facet normal 0 0 -1
    outer loop
      vertex -21.2186 -120.231 120
      vertex -21.2743 -120.22 120
      vertex 0 -100 120
    endloop
  endfacet
  facet normal 0 0 -1
    outer loop
      vertex 0 -100 120
      vertex -21.2743 -120.22 120
      vertex -65.4863 -100 120
    endloop
  endfacet
  facet normal 0 0 -1
    outer loop
      vertex -21.2743 -120.22 120
      vertex -21.3303 -120.211 120
      vertex -65.4863 -100 120
    endloop
  endfacet
  facet normal 0 0 -1
    outer loop
      vertex -65.4863 -100 120
      vertex -21.3303 -120.211 120
      vertex -21.3867 -120.205 120
    endloop
  endfacet
  facet normal 0 0 -1
    outer loop
      vertex -22.1003 -120.347 120
      vertex -22.15 -120.374 120
      vertex -65.4863 -100 120
    endloop
  endfacet
  facet normal 0 0 -1
    outer loop
      vertex -22.15 -120.374 120
      vertex -22.1985 -120.404 120
      vertex -65.4863 -100 120
    endloop
  endfacet
  facet normal 0 0 -1
    outer loop
      vertex -65.4863 -100 120
      vertex -22.1985 -120.404 120
      vertex -22.2456 -120.435 120
    endloop
  endfacet
  facet normal 0 0 -1
    outer loop
      vertex -22.2456 -120.435 120
      vertex -22.2914 -120.469 120
      vertex -65.4863 -100 120
    endloop
  endfacet
  facet normal 0 0 -1
    outer loop
      vertex -22.2914 -120.469 120
      vertex -22.3356 -120.504 120
      vertex -65.4863 -100 120
    endloop
  endfacet
  facet normal 0 0 -1
    outer loop
      vertex -65.4863 -100 120
      vertex -22.3356 -120.504 120
      vertex -65.4863 -124.286 120
    endloop
  endfacet
  facet normal 0 0 -1
    outer loop
      vertex -22.3356 -120.504 120
      vertex -22.3783 -120.542 120
      vertex -65.4863 -124.286 120
    endloop
  endfacet
  facet normal 0 0 -1
    outer loop
      vertex -65.4863 -124.286 120
      vertex -22.3783 -120.542 120
      vertex -22.4192 -120.581 120
    endloop
  endfacet
  facet normal 0 0 -1
    outer loop
      vertex -22.4192 -122.419 120
      vertex -22.3783 -122.458 120
      vertex -65.4863 -124.286 120
    endloop
  endfacet
  facet normal 0 0 -1
    outer loop
      vertex -22.3783 -122.458 120
      vertex -22.3356 -122.496 120
      vertex -65.4863 -124.286 120
    endloop
  endfacet
  facet normal 0 0 -1
    outer loop
      vertex -22.0494 -122.678 120
      vertex -21.9975 -122.701 120
      vertex -65.4863 -124.286 120
    endloop
  endfacet
  facet normal 0 0 -1
    outer loop
      vertex -21.9975 -122.701 120
      vertex -21.9446 -122.722 120
      vertex -65.4863 -124.286 120
    endloop
  endfacet
  facet normal 0 0 -1
    outer loop
      vertex -65.4863 -124.286 120
      vertex -21.9446 -122.722 120
      vertex -21.8909 -122.74 120
    endloop
  endfacet
  facet normal 0 0 -1
    outer loop
      vertex -21.7257 -122.78 120
      vertex -21.6697 -122.789 120
      vertex -65.4863 -124.286 120
    endloop
  endfacet
  facet normal 0 0 -1
    outer loop
      vertex -21.6697 -122.789 120
      vertex -21.6133 -122.795 120
      vertex -65.4863 -124.286 120
    endloop
  endfacet
  facet normal 0 0 -1
    outer loop
      vertex -65.4863 -124.286 120
      vertex -21.6133 -122.795 120
      vertex -21.5567 -122.799 120
    endloop
  endfacet
  facet normal 0 0 -1
    outer loop
      vertex -20.8997 -122.653 120
      vertex -20.85 -122.626 120
      vertex 0 -124.286 120
    endloop
  endfacet
  facet normal 0 0 -1
    outer loop
      vertex -21.0025 -120.299 120
      vertex -21.0554 -120.278 120
      vertex 0 -100 120
    endloop
  endfacet
  facet normal 0 0 -1
    outer loop
      vertex -21.0554 -120.278 120
      vertex -21.1091 -120.26 120
      vertex 0 -100 120
    endloop
  endfacet
  facet normal 0 0 -1
    outer loop
      vertex 0 -100 120
      vertex -21.1091 -120.26 120
      vertex -21.1635 -120.244 120
    endloop
  endfacet
  facet normal 0 0 -1
    outer loop
      vertex -21.3867 -120.205 120
      vertex -21.4433 -120.201 120
      vertex -65.4863 -100 120
    endloop
  endfacet
  facet normal 0 0 -1
    outer loop
      vertex -21.4433 -120.201 120
      vertex -21.5 -120.2 120
      vertex -65.4863 -100 120
    endloop
  endfacet
  facet normal 0 0 -1
    outer loop
      vertex -65.4863 -100 120
      vertex -21.5 -120.2 120
      vertex -21.5567 -120.201 120
    endloop
  endfacet
  facet normal 0 0 -1
    outer loop
      vertex -21.5567 -120.201 120
      vertex -21.6133 -120.205 120
      vertex -65.4863 -100 120
    endloop
  endfacet
  facet normal 0 0 -1
    outer loop
      vertex -21.6133 -120.205 120
      vertex -21.6697 -120.211 120
      vertex -65.4863 -100 120
    endloop
  endfacet
  facet normal 0 0 -1
    outer loop
      vertex -65.4863 -100 120
      vertex -21.6697 -120.211 120
      vertex -21.7257 -120.22 120
    endloop
  endfacet
  facet normal 0 0 -1
    outer loop
      vertex -22.6258 -120.85 120
      vertex -22.6531 -120.9 120
      vertex -65.4863 -124.286 120
    endloop
  endfacet
  facet normal 0 0 -1
    outer loop
      vertex -22.6531 -120.9 120
      vertex -22.6782 -120.951 120
      vertex -65.4863 -124.286 120
    endloop
  endfacet
  facet normal 0 0 -1
    outer loop
      vertex -65.4863 -124.286 120
      vertex -22.6782 -120.951 120
      vertex -22.701 -121.003 120
    endloop
  endfacet
  facet normal 0 0 -1
    outer loop
      vertex -22.7692 -121.219 120
      vertex -22.7803 -121.274 120
      vertex -65.4863 -124.286 120
    endloop
  endfacet
  facet normal 0 0 -1
    outer loop
      vertex -22.3356 -122.496 120
      vertex -22.2914 -122.531 120
      vertex -65.4863 -124.286 120
    endloop
  endfacet
  facet normal 0 0 -1
    outer loop
      vertex -22.2914 -122.531 120
      vertex -22.2456 -122.565 120
      vertex -65.4863 -124.286 120
    endloop
  endfacet
  facet normal 0 0 -1
    outer loop
      vertex -65.4863 -124.286 120
      vertex -22.2456 -122.565 120
      vertex -22.1985 -122.596 120
    endloop
  endfacet
  facet normal 0 0 -1
    outer loop
      vertex -22.1985 -122.596 120
      vertex -22.15 -122.626 120
      vertex -65.4863 -124.286 120
    endloop
  endfacet
  facet normal 0 0 -1
    outer loop
      vertex -22.15 -122.626 120
      vertex -22.1003 -122.653 120
      vertex -65.4863 -124.286 120
    endloop
  endfacet
  facet normal 0 0 -1
    outer loop
      vertex -65.4863 -124.286 120
      vertex -22.1003 -122.653 120
      vertex -22.0494 -122.678 120
    endloop
  endfacet
  facet normal 0 0 -1
    outer loop
      vertex -21.8909 -122.74 120
      vertex -21.8365 -122.756 120
      vertex -65.4863 -124.286 120
    endloop
  endfacet
  facet normal 0 0 -1
    outer loop
      vertex -21.8365 -122.756 120
      vertex -21.7814 -122.769 120
      vertex -65.4863 -124.286 120
    endloop
  endfacet
  facet normal 0 0 -1
    outer loop
      vertex -65.4863 -124.286 120
      vertex -21.7814 -122.769 120
      vertex -21.7257 -122.78 120
    endloop
  endfacet
  facet normal 0 0 -1
    outer loop
      vertex -21.5 -122.8 120
      vertex -21.4433 -122.799 120
      vertex 0 -124.286 120
    endloop
  endfacet
  facet normal 0 0 -1
    outer loop
      vertex -21.2186 -122.769 120
      vertex -21.1635 -122.756 120
      vertex 0 -124.286 120
    endloop
  endfacet
  facet normal 0 0 -1
    outer loop
      vertex -21.1635 -122.756 120
      vertex -21.1091 -122.74 120
      vertex 0 -124.286 120
    endloop
  endfacet
  facet normal 0 0 -1
    outer loop
      vertex 0 -124.286 120
      vertex -21.1091 -122.74 120
      vertex -21.0554 -122.722 120
    endloop
  endfacet
  facet normal 0 0 -1
    outer loop
      vertex -21.7814 -120.231 120
      vertex -21.8365 -120.244 120
      vertex -65.4863 -100 120
    endloop
  endfacet
  facet normal 0 0 -1
    outer loop
      vertex -21.8365 -120.244 120
      vertex -21.8909 -120.26 120
      vertex -65.4863 -100 120
    endloop
  endfacet
  facet normal 0 0 -1
    outer loop
      vertex -65.4863 -100 120
      vertex -21.8909 -120.26 120
      vertex -21.9446 -120.278 120
    endloop
  endfacet
  facet normal 0 0 -1
    outer loop
      vertex -22.7692 -121.219 120
      vertex -65.4863 -124.286 120
      vertex -22.7557 -121.164 120
    endloop
  endfacet
  facet normal 0 0 -1
    outer loop
      vertex -22.7803 -121.274 120
      vertex -22.7889 -121.33 120
      vertex -65.4863 -124.286 120
    endloop
  endfacet
  facet normal 0 0 -1
    outer loop
      vertex -22.7889 -121.33 120
      vertex -22.7951 -121.387 120
      vertex -65.4863 -124.286 120
    endloop
  endfacet
  facet normal 0 0 -1
    outer loop
      vertex -65.4863 -124.286 120
      vertex -22.7951 -121.387 120
      vertex -22.7988 -121.443 120
    endloop
  endfacet
  facet normal 0 0 -1
    outer loop
      vertex -22.8 -121.5 120
      vertex -22.7988 -121.557 120
      vertex -65.4863 -124.286 120
    endloop
  endfacet
  facet normal 0 0 -1
    outer loop
      vertex -22.7988 -121.557 120
      vertex -22.7951 -121.613 120
      vertex -65.4863 -124.286 120
    endloop
  endfacet
  facet normal 0 0 -1
    outer loop
      vertex -65.4863 -124.286 120
      vertex -22.7951 -121.613 120
      vertex -22.7889 -121.67 120
    endloop
  endfacet
  facet normal 0 0 -1
    outer loop
      vertex -22.7889 -121.67 120
      vertex -22.7803 -121.726 120
      vertex -65.4863 -124.286 120
    endloop
  endfacet
  facet normal 0 0 -1
    outer loop
      vertex -22.7803 -121.726 120
      vertex -22.7692 -121.781 120
      vertex -65.4863 -124.286 120
    endloop
  endfacet
  facet normal 0 0 -1
    outer loop
      vertex -65.4863 -124.286 120
      vertex -22.7692 -121.781 120
      vertex -22.7557 -121.836 120
    endloop
  endfacet
  facet normal 0 0 -1
    outer loop
      vertex -6.93889e-15 -130 120
      vertex -65.4863 -129.436 120
      vertex 0 -129.436 120
    endloop
  endfacet
  facet normal 0 0 -1
    outer loop
      vertex -65.4863 -129.436 120
      vertex -65.4863 -124.286 120
      vertex 0 -129.436 120
    endloop
  endfacet
  facet normal 0 0 -1
    outer loop
      vertex 0 -129.436 120
      vertex -65.4863 -124.286 120
      vertex 0 -124.286 120
    endloop
  endfacet
  facet normal 0 0 -1
    outer loop
      vertex -65.4863 -124.286 120
      vertex -21.5567 -122.799 120
      vertex 0 -124.286 120
    endloop
  endfacet
  facet normal 0 0 -1
    outer loop
      vertex 0 -124.286 120
      vertex -21.5567 -122.799 120
      vertex -21.5 -122.8 120
    endloop
  endfacet
  facet normal 0 0 -1
    outer loop
      vertex -21.4433 -122.799 120
      vertex -21.3867 -122.795 120
      vertex 0 -124.286 120
    endloop
  endfacet
  facet normal 0 0 -1
    outer loop
      vertex -21.3867 -122.795 120
      vertex -21.3303 -122.789 120
      vertex 0 -124.286 120
    endloop
  endfacet
  facet normal 0 0 -1
    outer loop
      vertex 0 -124.286 120
      vertex -21.3303 -122.789 120
      vertex -21.2743 -122.78 120
    endloop
  endfacet
  facet normal 0 0 -1
    outer loop
      vertex -20.85 -122.626 120
      vertex -20.8015 -122.596 120
      vertex 0 -124.286 120
    endloop
  endfacet
  facet normal 0 0 -1
    outer loop
      vertex -20.8015 -122.596 120
      vertex -20.7544 -122.565 120
      vertex 0 -124.286 120
    endloop
  endfacet
  facet normal 0 0 -1
    outer loop
      vertex 0 -124.286 120
      vertex -20.7544 -122.565 120
      vertex -20.7086 -122.531 120
    endloop
  endfacet
  facet normal 0 0 -1
    outer loop
      vertex -21.9446 -120.278 120
      vertex -21.9975 -120.299 120
      vertex -65.4863 -100 120
    endloop
  endfacet
  facet normal 0 0 -1
    outer loop
      vertex -21.9975 -120.299 120
      vertex -22.0494 -120.322 120
      vertex -65.4863 -100 120
    endloop
  endfacet
  facet normal 0 0 -1
    outer loop
      vertex -65.4863 -100 120
      vertex -22.0494 -120.322 120
      vertex -22.1003 -120.347 120
    endloop
  endfacet
  facet normal 0 0 -1
    outer loop
      vertex -22.4192 -120.581 120
      vertex -22.4585 -120.622 120
      vertex -65.4863 -124.286 120
    endloop
  endfacet
  facet normal 0 0 -1
    outer loop
      vertex -22.4585 -120.622 120
      vertex -22.4959 -120.664 120
      vertex -65.4863 -124.286 120
    endloop
  endfacet
  facet normal 0 0 -1
    outer loop
      vertex -65.4863 -124.286 120
      vertex -22.4959 -120.664 120
      vertex -22.5314 -120.709 120
    endloop
  endfacet
  facet normal 0 0 -1
    outer loop
      vertex -22.5314 -120.709 120
      vertex -22.5649 -120.754 120
      vertex -65.4863 -124.286 120
    endloop
  endfacet
  facet normal 0 0 -1
    outer loop
      vertex -22.5649 -120.754 120
      vertex -22.5964 -120.802 120
      vertex -65.4863 -124.286 120
    endloop
  endfacet
  facet normal 0 0 -1
    outer loop
      vertex -65.4863 -124.286 120
      vertex -22.5964 -120.802 120
      vertex -22.6258 -120.85 120
    endloop
  endfacet
  facet normal 0 0 -1
    outer loop
      vertex -22.7557 -121.836 120
      vertex -22.7398 -121.891 120
      vertex -65.4863 -124.286 120
    endloop
  endfacet
  facet normal 0 0 -1
    outer loop
      vertex -22.7398 -121.891 120
      vertex -22.7216 -121.945 120
      vertex -65.4863 -124.286 120
    endloop
  endfacet
  facet normal 0 0 -1
    outer loop
      vertex -65.4863 -124.286 120
      vertex -22.7216 -121.945 120
      vertex -22.701 -121.997 120
    endloop
  endfacet
  facet normal 0 0 -1
    outer loop
      vertex -22.6258 -122.15 120
      vertex -22.5964 -122.198 120
      vertex -65.4863 -124.286 120
    endloop
  endfacet
  facet normal 0 0 -1
    outer loop
      vertex -22.5964 -122.198 120
      vertex -22.5649 -122.246 120
      vertex -65.4863 -124.286 120
    endloop
  endfacet
  facet normal 0 0 -1
    outer loop
      vertex -65.4863 -124.286 120
      vertex -22.5649 -122.246 120
      vertex -22.5314 -122.291 120
    endloop
  endfacet
  facet normal 0 0 -1
    outer loop
      vertex -21.0554 -122.722 120
      vertex -21.0025 -122.701 120
      vertex 0 -124.286 120
    endloop
  endfacet
  facet normal 0 0 -1
    outer loop
      vertex -21.0025 -122.701 120
      vertex -20.9506 -122.678 120
      vertex 0 -124.286 120
    endloop
  endfacet
  facet normal 0 0 -1
    outer loop
      vertex 0 -124.286 120
      vertex -20.9506 -122.678 120
      vertex -20.8997 -122.653 120
    endloop
  endfacet
  facet normal 0 0 -1
    outer loop
      vertex -20.7086 -122.531 120
      vertex -20.6644 -122.496 120
      vertex 0 -124.286 120
    endloop
  endfacet
  facet normal 0 0 -1
    outer loop
      vertex -20.6644 -122.496 120
      vertex -20.6217 -122.458 120
      vertex 0 -124.286 120
    endloop
  endfacet
  facet normal 0 0 -1
    outer loop
      vertex 0 -124.286 120
      vertex -20.6217 -122.458 120
      vertex -20.5808 -122.419 120
    endloop
  endfacet
  facet normal 0 0 -1
    outer loop
      vertex 0 -100 120
      vertex -20.5415 -120.622 120
      vertex -20.5808 -120.581 120
    endloop
  endfacet
  facet normal 0 0 -1
    outer loop
      vertex -22.701 -121.997 120
      vertex -22.6782 -122.049 120
      vertex -65.4863 -124.286 120
    endloop
  endfacet
  facet normal 0 0 -1
    outer loop
      vertex -22.6782 -122.049 120
      vertex -22.6531 -122.1 120
      vertex -65.4863 -124.286 120
    endloop
  endfacet
  facet normal 0 0 -1
    outer loop
      vertex -65.4863 -124.286 120
      vertex -22.6531 -122.1 120
      vertex -22.6258 -122.15 120
    endloop
  endfacet
  facet normal 0 0 -1
    outer loop
      vertex -22.5314 -122.291 120
      vertex -22.4959 -122.336 120
      vertex -65.4863 -124.286 120
    endloop
  endfacet
  facet normal 0 0 -1
    outer loop
      vertex -22.4959 -122.336 120
      vertex -22.4585 -122.378 120
      vertex -65.4863 -124.286 120
    endloop
  endfacet
  facet normal 0 0 -1
    outer loop
      vertex -65.4863 -124.286 120
      vertex -22.4585 -122.378 120
      vertex -22.4192 -122.419 120
    endloop
  endfacet
  facet normal 0 0 -1
    outer loop
      vertex -20.5808 -122.419 120
      vertex -20.5415 -122.378 120
      vertex 0 -124.286 120
    endloop
  endfacet
  facet normal 0 0 -1
    outer loop
      vertex -20.5415 -122.378 120
      vertex -20.5041 -122.336 120
      vertex 0 -124.286 120
    endloop
  endfacet
  facet normal 0 0 -1
    outer loop
      vertex 0 -124.286 120
      vertex -20.5041 -122.336 120
      vertex -20.4686 -122.291 120
    endloop
  endfacet
  facet normal 0 0 -1
    outer loop
      vertex -20.5808 -120.581 120
      vertex -20.6217 -120.542 120
      vertex 0 -100 120
    endloop
  endfacet
  facet normal 0 0 -1
    outer loop
      vertex -20.6217 -120.542 120
      vertex -20.6644 -120.504 120
      vertex 0 -100 120
    endloop
  endfacet
  facet normal 0 0 -1
    outer loop
      vertex 0 -100 120
      vertex -20.6644 -120.504 120
      vertex -20.7086 -120.469 120
    endloop
  endfacet
  facet normal 0 0 -1
    outer loop
      vertex -22.701 -121.003 120
      vertex -22.7216 -121.055 120
      vertex -65.4863 -124.286 120
    endloop
  endfacet
  facet normal 0 0 -1
    outer loop
      vertex -22.7216 -121.055 120
      vertex -22.7398 -121.109 120
      vertex -65.4863 -124.286 120
    endloop
  endfacet
  facet normal 0 0 -1
    outer loop
      vertex -65.4863 -124.286 120
      vertex -22.7398 -121.109 120
      vertex -22.7557 -121.164 120
    endloop
  endfacet
  facet normal 0 0 -1
    outer loop
      vertex -20.4686 -122.291 120
      vertex -20.4351 -122.246 120
      vertex 0 -124.286 120
    endloop
  endfacet
  facet normal 0 0 -1
    outer loop
      vertex -20.4351 -122.246 120
      vertex -20.4036 -122.198 120
      vertex 0 -124.286 120
    endloop
  endfacet
  facet normal 0 0 -1
    outer loop
      vertex 0 -124.286 120
      vertex -20.4036 -122.198 120
      vertex -20.3742 -122.15 120
    endloop
  endfacet
  facet normal 0 0 -1
    outer loop
      vertex -20.2 -121.5 120
      vertex 0 -124.286 120
      vertex -20.2012 -121.557 120
    endloop
  endfacet
  facet normal 0 0 -1
    outer loop
      vertex 0 -124.286 120
      vertex -20.2049 -121.613 120
      vertex -20.2012 -121.557 120
    endloop
  endfacet
  facet normal 0 0 -1
    outer loop
      vertex -20.299 -121.997 120
      vertex -20.2784 -121.945 120
      vertex 0 -124.286 120
    endloop
  endfacet
  facet normal 0 0 -1
    outer loop
      vertex 0 -100 120
      vertex -20.3218 -120.951 120
      vertex -20.3469 -120.9 120
    endloop
  endfacet
  facet normal 0 0 -1
    outer loop
      vertex -20.2784 -121.945 120
      vertex -20.2602 -121.891 120
      vertex 0 -124.286 120
    endloop
  endfacet
  facet normal 0 0 -1
    outer loop
      vertex -20.2602 -121.891 120
      vertex -20.2443 -121.836 120
      vertex 0 -124.286 120
    endloop
  endfacet
  facet normal 0 0 -1
    outer loop
      vertex 0 -124.286 120
      vertex -20.2443 -121.836 120
      vertex -20.2308 -121.781 120
    endloop
  endfacet
  facet normal 0 0 -1
    outer loop
      vertex -20.2 -121.5 120
      vertex -20.2012 -121.443 120
      vertex 0 -124.286 120
    endloop
  endfacet
  facet normal 0 0 -1
    outer loop
      vertex -20.2012 -121.443 120
      vertex -20.2049 -121.387 120
      vertex 0 -124.286 120
    endloop
  endfacet
  facet normal 0 0 -1
    outer loop
      vertex 0 -124.286 120
      vertex -20.2049 -121.387 120
      vertex -20.2111 -121.33 120
    endloop
  endfacet
  facet normal 0 0 -1
    outer loop
      vertex -20.3469 -120.9 120
      vertex -20.3742 -120.85 120
      vertex 0 -100 120
    endloop
  endfacet
  facet normal 0 0 -1
    outer loop
      vertex -20.3742 -120.85 120
      vertex -20.4036 -120.802 120
      vertex 0 -100 120
    endloop
  endfacet
  facet normal 0 0 -1
    outer loop
      vertex 0 -100 120
      vertex -20.4036 -120.802 120
      vertex -20.4351 -120.754 120
    endloop
  endfacet
  facet normal 0 0 -1
    outer loop
      vertex -20.4351 -120.754 120
      vertex -20.4686 -120.709 120
      vertex 0 -100 120
    endloop
  endfacet
  facet normal 0 0 -1
    outer loop
      vertex -20.4686 -120.709 120
      vertex -20.5041 -120.664 120
      vertex 0 -100 120
    endloop
  endfacet
  facet normal 0 0 -1
    outer loop
      vertex 0 -100 120
      vertex -20.5041 -120.664 120
      vertex -20.5415 -120.622 120
    endloop
  endfacet
  facet normal 0 0 -1
    outer loop
      vertex -20.2308 -121.781 120
      vertex -20.2198 -121.726 120
      vertex 0 -124.286 120
    endloop
  endfacet
  facet normal 0 0 -1
    outer loop
      vertex -20.2198 -121.726 120
      vertex -20.2111 -121.67 120
      vertex 0 -124.286 120
    endloop
  endfacet
  facet normal 0 0 -1
    outer loop
      vertex 0 -124.286 120
      vertex -20.2111 -121.67 120
      vertex -20.2049 -121.613 120
    endloop
  endfacet
  facet normal 0 0 -1
    outer loop
      vertex -20.2602 -121.109 120
      vertex -20.2784 -121.055 120
      vertex 0 -100 120
    endloop
  endfacet
  facet normal 0 0 -1
    outer loop
      vertex -20.2784 -121.055 120
      vertex -20.299 -121.003 120
      vertex 0 -100 120
    endloop
  endfacet
  facet normal 0 0 -1
    outer loop
      vertex 0 -100 120
      vertex -20.299 -121.003 120
      vertex -20.3218 -120.951 120
    endloop
  endfacet
  facet normal 0 0 -1
    outer loop
      vertex -20.3742 -122.15 120
      vertex -20.3469 -122.1 120
      vertex 0 -124.286 120
    endloop
  endfacet
  facet normal 0 0 -1
    outer loop
      vertex -20.3469 -122.1 120
      vertex -20.3218 -122.049 120
      vertex 0 -124.286 120
    endloop
  endfacet
  facet normal 0 0 -1
    outer loop
      vertex 0 -124.286 120
      vertex -20.3218 -122.049 120
      vertex -20.299 -121.997 120
    endloop
  endfacet
  facet normal 0 0 -1
    outer loop
      vertex -20.2111 -121.33 120
      vertex -20.2198 -121.274 120
      vertex 0 -124.286 120
    endloop
  endfacet
  facet normal 0 0 -1
    outer loop
      vertex -20.2198 -121.274 120
      vertex -20.2308 -121.219 120
      vertex 0 -124.286 120
    endloop
  endfacet
  facet normal 0 0 -1
    outer loop
      vertex 0 -124.286 120
      vertex -20.2308 -121.219 120
      vertex 0 -100 120
    endloop
  endfacet
  facet normal 0 0 -1
    outer loop
      vertex -20.2308 -121.219 120
      vertex -20.2443 -121.164 120
      vertex 0 -100 120
    endloop
  endfacet
  facet normal 0 0 -1
    outer loop
      vertex 0 -100 120
      vertex -20.2443 -121.164 120
      vertex -20.2602 -121.109 120
    endloop
  endfacet
  facet normal 0 0 -1
    outer loop
      vertex 33.9 -47.1315 120
      vertex 65.3888 -62.1657 120
      vertex 33.9 -62.1657 120
    endloop
  endfacet
  facet normal 0 0 -1
    outer loop
      vertex 65.3888 -62.1657 120
      vertex 65.3888 -100 120
      vertex 33.9 -62.1657 120
    endloop
  endfacet
  facet normal 0 0 -1
    outer loop
      vertex 33.9 -62.1657 120
      vertex 65.3888 -100 120
      vertex 33.9 -100 120
    endloop
  endfacet
  facet normal 0 0 -1
    outer loop
      vertex 65.3888 -100 120
      vertex 65.3888 -124.286 120
      vertex 33.9 -100 120
    endloop
  endfacet
  facet normal 0 0 -1
    outer loop
      vertex 33.9 -100 120
      vertex 65.3888 -124.286 120
      vertex 33.9 -124.286 120
    endloop
  endfacet
  facet normal 0 0 -1
    outer loop
      vertex 65.3888 -124.286 120
      vertex 65.3888 -129.436 120
      vertex 33.9 -124.286 120
    endloop
  endfacet
  facet normal 0 0 -1
    outer loop
      vertex 33.9 -124.286 120
      vertex 65.3888 -129.436 120
      vertex 33.9 -129.436 120
    endloop
  endfacet
  facet normal 0 0 -1
    outer loop
      vertex 65.3888 -129.436 120
      vertex 65.3888 -130 120
      vertex 33.9 -129.436 120
    endloop
  endfacet
  facet normal 0 0 -1
    outer loop
      vertex 33.9 -129.436 120
      vertex 65.3888 -130 120
      vertex 33.9 -130 120
    endloop
  endfacet
  facet normal 0 0 -1
    outer loop
      vertex 21.8909 -79.7398 120
      vertex 21.9446 -79.7216 120
      vertex 33.9 -100 120
    endloop
  endfacet
  facet normal 0 0 -1
    outer loop
      vertex 20.7544 -79.5649 120
      vertex 20.8015 -79.5964 120
      vertex 0 -100 120
    endloop
  endfacet
  facet normal 0 0 -1
    outer loop
      vertex 22.1985 -79.5964 120
      vertex 33.9 -100 120
      vertex 22.15 -79.6258 120
    endloop
  endfacet
  facet normal 0 0 -1
    outer loop
      vertex 33.9 -100 120
      vertex 22.1003 -79.6531 120
      vertex 22.15 -79.6258 120
    endloop
  endfacet
  facet normal 0 0 -1
    outer loop
      vertex 21.0554 -79.7216 120
      vertex 0 -100 120
      vertex 21.0025 -79.701 120
    endloop
  endfacet
  facet normal 0 0 -1
    outer loop
      vertex 0 -100 120
      vertex 20.9506 -79.6782 120
      vertex 21.0025 -79.701 120
    endloop
  endfacet
  facet normal 0 0 -1
    outer loop
      vertex 21.9446 -79.7216 120
      vertex 21.9975 -79.701 120
      vertex 33.9 -100 120
    endloop
  endfacet
  facet normal 0 0 -1
    outer loop
      vertex 21.9975 -79.701 120
      vertex 22.0494 -79.6782 120
      vertex 33.9 -100 120
    endloop
  endfacet
  facet normal 0 0 -1
    outer loop
      vertex 33.9 -100 120
      vertex 22.0494 -79.6782 120
      vertex 22.1003 -79.6531 120
    endloop
  endfacet
  facet normal 0 0 -1
    outer loop
      vertex 20.6217 -79.4585 120
      vertex 20.6644 -79.4959 120
      vertex 0 -100 120
    endloop
  endfacet
  facet normal 0 0 -1
    outer loop
      vertex 20.6644 -79.4959 120
      vertex 20.7086 -79.5314 120
      vertex 0 -100 120
    endloop
  endfacet
  facet normal 0 0 -1
    outer loop
      vertex 0 -100 120
      vertex 20.7086 -79.5314 120
      vertex 20.7544 -79.5649 120
    endloop
  endfacet
  facet normal 0 0 -1
    outer loop
      vertex 20.8015 -79.5964 120
      vertex 20.85 -79.6258 120
      vertex 0 -100 120
    endloop
  endfacet
  facet normal 0 0 -1
    outer loop
      vertex 20.85 -79.6258 120
      vertex 20.8997 -79.6531 120
      vertex 0 -100 120
    endloop
  endfacet
  facet normal 0 0 -1
    outer loop
      vertex 0 -100 120
      vertex 20.8997 -79.6531 120
      vertex 20.9506 -79.6782 120
    endloop
  endfacet
  facet normal 0 0 -1
    outer loop
      vertex 22.1985 -79.5964 120
      vertex 22.2456 -79.5649 120
      vertex 33.9 -100 120
    endloop
  endfacet
  facet normal 0 0 -1
    outer loop
      vertex 22.2456 -79.5649 120
      vertex 22.2914 -79.5314 120
      vertex 33.9 -100 120
    endloop
  endfacet
  facet normal 0 0 -1
    outer loop
      vertex 33.9 -100 120
      vertex 22.2914 -79.5314 120
      vertex 22.3356 -79.4959 120
    endloop
  endfacet
  facet normal 0 0 -1
    outer loop
      vertex 20.5415 -77.6217 120
      vertex 20.5041 -77.6644 120
      vertex 0 -62.1657 120
    endloop
  endfacet
  facet normal 0 0 -1
    outer loop
      vertex 20.5041 -79.3356 120
      vertex 20.5415 -79.3783 120
      vertex 0 -100 120
    endloop
  endfacet
  facet normal 0 0 -1
    outer loop
      vertex 20.5415 -79.3783 120
      vertex 20.5808 -79.4192 120
      vertex 0 -100 120
    endloop
  endfacet
  facet normal 0 0 -1
    outer loop
      vertex 0 -100 120
      vertex 20.5808 -79.4192 120
      vertex 20.6217 -79.4585 120
    endloop
  endfacet
  facet normal 0 0 -1
    outer loop
      vertex 21.0554 -79.7216 120
      vertex 21.1091 -79.7398 120
      vertex 0 -100 120
    endloop
  endfacet
  facet normal 0 0 -1
    outer loop
      vertex 21.1091 -79.7398 120
      vertex 21.1635 -79.7557 120
      vertex 0 -100 120
    endloop
  endfacet
  facet normal 0 0 -1
    outer loop
      vertex 0 -100 120
      vertex 21.1635 -79.7557 120
      vertex 21.2186 -79.7692 120
    endloop
  endfacet
  facet normal 0 0 -1
    outer loop
      vertex 21.6133 -79.7951 120
      vertex 21.6697 -79.7889 120
      vertex 33.9 -100 120
    endloop
  endfacet
  facet normal 0 0 -1
    outer loop
      vertex 21.6697 -79.7889 120
      vertex 21.7257 -79.7803 120
      vertex 33.9 -100 120
    endloop
  endfacet
  facet normal 0 0 -1
    outer loop
      vertex 21.7814 -77.2308 120
      vertex 21.7257 -77.2197 120
      vertex 33.9 -62.1657 120
    endloop
  endfacet
  facet normal 0 0 -1
    outer loop
      vertex 21.7257 -77.2197 120
      vertex 21.6697 -77.2111 120
      vertex 33.9 -62.1657 120
    endloop
  endfacet
  facet normal 0 0 -1
    outer loop
      vertex 33.9 -62.1657 120
      vertex 21.6697 -77.2111 120
      vertex 0 -62.1657 120
    endloop
  endfacet
  facet normal 0 0 -1
    outer loop
      vertex 21.6697 -77.2111 120
      vertex 21.6133 -77.205 120
      vertex 0 -62.1657 120
    endloop
  endfacet
  facet normal 0 0 -1
    outer loop
      vertex 21.6133 -77.205 120
      vertex 21.5567 -77.2012 120
      vertex 0 -62.1657 120
    endloop
  endfacet
  facet normal 0 0 -1
    outer loop
      vertex 21.5567 -77.2012 120
      vertex 21.5 -77.2 120
      vertex 0 -62.1657 120
    endloop
  endfacet
  facet normal 0 0 -1
    outer loop
      vertex 0 -62.1657 120
      vertex 21.5 -77.2 120
      vertex 21.4433 -77.2012 120
    endloop
  endfacet
  facet normal 0 0 -1
    outer loop
      vertex 21.4433 -77.2012 120
      vertex 21.3867 -77.205 120
      vertex 0 -62.1657 120
    endloop
  endfacet
  facet normal 0 0 -1
    outer loop
      vertex 21.3867 -77.205 120
      vertex 21.3303 -77.2111 120
      vertex 0 -62.1657 120
    endloop
  endfacet
  facet normal 0 0 -1
    outer loop
      vertex 0 -62.1657 120
      vertex 21.3303 -77.2111 120
      vertex 21.2743 -77.2197 120
    endloop
  endfacet
  facet normal 0 0 -1
    outer loop
      vertex 0 -100 120
      vertex 20.2443 -78.8365 120
      vertex 20.2602 -78.8909 120
    endloop
  endfacet
  facet normal 0 0 -1
    outer loop
      vertex 20.3218 -79.0494 120
      vertex 20.3469 -79.1003 120
      vertex 0 -100 120
    endloop
  endfacet
  facet normal 0 0 -1
    outer loop
      vertex 20.3469 -79.1003 120
      vertex 20.3742 -79.15 120
      vertex 0 -100 120
    endloop
  endfacet
  facet normal 0 0 -1
    outer loop
      vertex 0 -100 120
      vertex 20.3742 -79.15 120
      vertex 20.4036 -79.1985 120
    endloop
  endfacet
  facet normal 0 0 -1
    outer loop
      vertex 21.2186 -79.7692 120
      vertex 21.2743 -79.7803 120
      vertex 0 -100 120
    endloop
  endfacet
  facet normal 0 0 -1
    outer loop
      vertex 21.2743 -79.7803 120
      vertex 21.3303 -79.7889 120
      vertex 0 -100 120
    endloop
  endfacet
  facet normal 0 0 -1
    outer loop
      vertex 0 -100 120
      vertex 21.3303 -79.7889 120
      vertex 33.9 -100 120
    endloop
  endfacet
  facet normal 0 0 -1
    outer loop
      vertex 21.3303 -79.7889 120
      vertex 21.3867 -79.7951 120
      vertex 33.9 -100 120
    endloop
  endfacet
  facet normal 0 0 -1
    outer loop
      vertex 33.9 -100 120
      vertex 21.3867 -79.7951 120
      vertex 21.4433 -79.7988 120
    endloop
  endfacet
  facet normal 0 0 -1
    outer loop
      vertex 21.7257 -79.7803 120
      vertex 21.7814 -79.7692 120
      vertex 33.9 -100 120
    endloop
  endfacet
  facet normal 0 0 -1
    outer loop
      vertex 21.7814 -79.7692 120
      vertex 21.8365 -79.7557 120
      vertex 33.9 -100 120
    endloop
  endfacet
  facet normal 0 0 -1
    outer loop
      vertex 33.9 -100 120
      vertex 21.8365 -79.7557 120
      vertex 21.8909 -79.7398 120
    endloop
  endfacet
  facet normal 0 0 -1
    outer loop
      vertex 20.9506 -77.3218 120
      vertex 20.8997 -77.3469 120
      vertex 0 -62.1657 120
    endloop
  endfacet
  facet normal 0 0 -1
    outer loop
      vertex 20.8997 -77.3469 120
      vertex 20.85 -77.3742 120
      vertex 0 -62.1657 120
    endloop
  endfacet
  facet normal 0 0 -1
    outer loop
      vertex 0 -62.1657 120
      vertex 20.85 -77.3742 120
      vertex 20.8015 -77.4036 120
    endloop
  endfacet
  facet normal 0 0 -1
    outer loop
      vertex 0 -100 120
      vertex 20.2049 -78.6133 120
      vertex 20.2111 -78.6697 120
    endloop
  endfacet
  facet normal 0 0 -1
    outer loop
      vertex 20.2602 -78.8909 120
      vertex 20.2784 -78.9446 120
      vertex 0 -100 120
    endloop
  endfacet
  facet normal 0 0 -1
    outer loop
      vertex 20.2784 -78.9446 120
      vertex 20.299 -78.9975 120
      vertex 0 -100 120
    endloop
  endfacet
  facet normal 0 0 -1
    outer loop
      vertex 0 -100 120
      vertex 20.299 -78.9975 120
      vertex 20.3218 -79.0494 120
    endloop
  endfacet
  facet normal 0 0 -1
    outer loop
      vertex 20.4036 -79.1985 120
      vertex 20.4351 -79.2456 120
      vertex 0 -100 120
    endloop
  endfacet
  facet normal 0 0 -1
    outer loop
      vertex 20.4351 -79.2456 120
      vertex 20.4686 -79.2914 120
      vertex 0 -100 120
    endloop
  endfacet
  facet normal 0 0 -1
    outer loop
      vertex 0 -100 120
      vertex 20.4686 -79.2914 120
      vertex 20.5041 -79.3356 120
    endloop
  endfacet
  facet normal 0 0 -1
    outer loop
      vertex 21.4433 -79.7988 120
      vertex 21.5 -79.8 120
      vertex 33.9 -100 120
    endloop
  endfacet
  facet normal 0 0 -1
    outer loop
      vertex 21.5 -79.8 120
      vertex 21.5567 -79.7988 120
      vertex 33.9 -100 120
    endloop
  endfacet
  facet normal 0 0 -1
    outer loop
      vertex 33.9 -100 120
      vertex 21.5567 -79.7988 120
      vertex 21.6133 -79.7951 120
    endloop
  endfacet
  facet normal 0 0 -1
    outer loop
      vertex 22.3356 -79.4959 120
      vertex 22.3783 -79.4585 120
      vertex 33.9 -100 120
    endloop
  endfacet
  facet normal 0 0 -1
    outer loop
      vertex 22.3783 -79.4585 120
      vertex 22.4192 -79.4192 120
      vertex 33.9 -100 120
    endloop
  endfacet
  facet normal 0 0 -1
    outer loop
      vertex 33.9 -100 120
      vertex 22.4192 -79.4192 120
      vertex 22.4585 -79.3783 120
    endloop
  endfacet
  facet normal 0 0 -1
    outer loop
      vertex 22.3783 -77.5415 120
      vertex 22.3356 -77.5041 120
      vertex 33.9 -62.1657 120
    endloop
  endfacet
  facet normal 0 0 -1
    outer loop
      vertex 22.3356 -77.5041 120
      vertex 22.2914 -77.4686 120
      vertex 33.9 -62.1657 120
    endloop
  endfacet
  facet normal 0 0 -1
    outer loop
      vertex 33.9 -62.1657 120
      vertex 22.2914 -77.4686 120
      vertex 22.2456 -77.4351 120
    endloop
  endfacet
  facet normal 0 0 -1
    outer loop
      vertex 21.9446 -77.2784 120
      vertex 21.8909 -77.2602 120
      vertex 33.9 -62.1657 120
    endloop
  endfacet
  facet normal 0 0 -1
    outer loop
      vertex 21.8909 -77.2602 120
      vertex 21.8365 -77.2443 120
      vertex 33.9 -62.1657 120
    endloop
  endfacet
  facet normal 0 0 -1
    outer loop
      vertex 33.9 -62.1657 120
      vertex 21.8365 -77.2443 120
      vertex 21.7814 -77.2308 120
    endloop
  endfacet
  facet normal 0 0 -1
    outer loop
      vertex 21.2743 -77.2197 120
      vertex 21.2186 -77.2308 120
      vertex 0 -62.1657 120
    endloop
  endfacet
  facet normal 0 0 -1
    outer loop
      vertex 21.2186 -77.2308 120
      vertex 21.1635 -77.2443 120
      vertex 0 -62.1657 120
    endloop
  endfacet
  facet normal 0 0 -1
    outer loop
      vertex 0 -62.1657 120
      vertex 21.1635 -77.2443 120
      vertex 21.1091 -77.2602 120
    endloop
  endfacet
  facet normal 0 0 -1
    outer loop
      vertex 20.8015 -77.4036 120
      vertex 20.7544 -77.4351 120
      vertex 0 -62.1657 120
    endloop
  endfacet
  facet normal 0 0 -1
    outer loop
      vertex 20.7544 -77.4351 120
      vertex 20.7086 -77.4686 120
      vertex 0 -62.1657 120
    endloop
  endfacet
  facet normal 0 0 -1
    outer loop
      vertex 0 -62.1657 120
      vertex 20.7086 -77.4686 120
      vertex 20.6644 -77.5041 120
    endloop
  endfacet
  facet normal 0 0 -1
    outer loop
      vertex 20.5041 -77.6644 120
      vertex 20.4686 -77.7086 120
      vertex 0 -62.1657 120
    endloop
  endfacet
  facet normal 0 0 -1
    outer loop
      vertex 20.4686 -77.7086 120
      vertex 20.4351 -77.7543 120
      vertex 0 -62.1657 120
    endloop
  endfacet
  facet normal 0 0 -1
    outer loop
      vertex 0 -62.1657 120
      vertex 20.4351 -77.7543 120
      vertex 20.4036 -77.8015 120
    endloop
  endfacet
  facet normal 0 0 -1
    outer loop
      vertex 20.2111 -78.6697 120
      vertex 20.2198 -78.7257 120
      vertex 0 -100 120
    endloop
  endfacet
  facet normal 0 0 -1
    outer loop
      vertex 20.2198 -78.7257 120
      vertex 20.2308 -78.7814 120
      vertex 0 -100 120
    endloop
  endfacet
  facet normal 0 0 -1
    outer loop
      vertex 0 -100 120
      vertex 20.2308 -78.7814 120
      vertex 20.2443 -78.8365 120
    endloop
  endfacet
  facet normal 0 0 -1
    outer loop
      vertex 22.2456 -77.4351 120
      vertex 22.1985 -77.4036 120
      vertex 33.9 -62.1657 120
    endloop
  endfacet
  facet normal 0 0 -1
    outer loop
      vertex 22.1985 -77.4036 120
      vertex 22.15 -77.3742 120
      vertex 33.9 -62.1657 120
    endloop
  endfacet
  facet normal 0 0 -1
    outer loop
      vertex 33.9 -62.1657 120
      vertex 22.15 -77.3742 120
      vertex 22.1003 -77.3469 120
    endloop
  endfacet
  facet normal 0 0 -1
    outer loop
      vertex 21.1091 -77.2602 120
      vertex 21.0554 -77.2784 120
      vertex 0 -62.1657 120
    endloop
  endfacet
  facet normal 0 0 -1
    outer loop
      vertex 21.0554 -77.2784 120
      vertex 21.0025 -77.299 120
      vertex 0 -62.1657 120
    endloop
  endfacet
  facet normal 0 0 -1
    outer loop
      vertex 0 -62.1657 120
      vertex 21.0025 -77.299 120
      vertex 20.9506 -77.3218 120
    endloop
  endfacet
  facet normal 0 0 -1
    outer loop
      vertex 20.6644 -77.5041 120
      vertex 20.6217 -77.5415 120
      vertex 0 -62.1657 120
    endloop
  endfacet
  facet normal 0 0 -1
    outer loop
      vertex 20.6217 -77.5415 120
      vertex 20.5808 -77.5808 120
      vertex 0 -62.1657 120
    endloop
  endfacet
  facet normal 0 0 -1
    outer loop
      vertex 0 -62.1657 120
      vertex 20.5808 -77.5808 120
      vertex 20.5415 -77.6217 120
    endloop
  endfacet
  facet normal 0 0 -1
    outer loop
      vertex 20.4036 -77.8015 120
      vertex 20.3742 -77.85 120
      vertex 0 -62.1657 120
    endloop
  endfacet
  facet normal 0 0 -1
    outer loop
      vertex 20.3742 -77.85 120
      vertex 20.3469 -77.8997 120
      vertex 0 -62.1657 120
    endloop
  endfacet
  facet normal 0 0 -1
    outer loop
      vertex 0 -62.1657 120
      vertex 20.3469 -77.8997 120
      vertex 20.3218 -77.9506 120
    endloop
  endfacet
  facet normal 0 0 -1
    outer loop
      vertex 20.2049 -78.3867 120
      vertex 20.2012 -78.4433 120
      vertex 0 -62.1657 120
    endloop
  endfacet
  facet normal 0 0 -1
    outer loop
      vertex 20.2012 -78.4433 120
      vertex 20.2 -78.5 120
      vertex 0 -62.1657 120
    endloop
  endfacet
  facet normal 0 0 -1
    outer loop
      vertex 0 -62.1657 120
      vertex 20.2 -78.5 120
      vertex 0 -100 120
    endloop
  endfacet
  facet normal 0 0 -1
    outer loop
      vertex 20.2 -78.5 120
      vertex 20.2012 -78.5567 120
      vertex 0 -100 120
    endloop
  endfacet
  facet normal 0 0 -1
    outer loop
      vertex 0 -100 120
      vertex 20.2012 -78.5567 120
      vertex 20.2049 -78.6133 120
    endloop
  endfacet
  facet normal 0 0 -1
    outer loop
      vertex 22.1003 -77.3469 120
      vertex 22.0494 -77.3218 120
      vertex 33.9 -62.1657 120
    endloop
  endfacet
  facet normal 0 0 -1
    outer loop
      vertex 22.0494 -77.3218 120
      vertex 21.9975 -77.299 120
      vertex 33.9 -62.1657 120
    endloop
  endfacet
  facet normal 0 0 -1
    outer loop
      vertex 33.9 -62.1657 120
      vertex 21.9975 -77.299 120
      vertex 21.9446 -77.2784 120
    endloop
  endfacet
  facet normal 0 0 -1
    outer loop
      vertex 33.9 -62.1657 120
      vertex 22.701 -78.0025 120
      vertex 22.6782 -77.9506 120
    endloop
  endfacet
  facet normal 0 0 -1
    outer loop
      vertex 22.6782 -77.9506 120
      vertex 22.6531 -77.8997 120
      vertex 33.9 -62.1657 120
    endloop
  endfacet
  facet normal 0 0 -1
    outer loop
      vertex 22.6531 -77.8997 120
      vertex 22.6258 -77.85 120
      vertex 33.9 -62.1657 120
    endloop
  endfacet
  facet normal 0 0 -1
    outer loop
      vertex 33.9 -62.1657 120
      vertex 22.6258 -77.85 120
      vertex 22.5964 -77.8015 120
    endloop
  endfacet
  facet normal 0 0 -1
    outer loop
      vertex 22.4959 -77.6644 120
      vertex 22.4585 -77.6217 120
      vertex 33.9 -62.1657 120
    endloop
  endfacet
  facet normal 0 0 -1
    outer loop
      vertex 22.4585 -77.6217 120
      vertex 22.4192 -77.5808 120
      vertex 33.9 -62.1657 120
    endloop
  endfacet
  facet normal 0 0 -1
    outer loop
      vertex 33.9 -62.1657 120
      vertex 22.4192 -77.5808 120
      vertex 22.3783 -77.5415 120
    endloop
  endfacet
  facet normal 0 0 -1
    outer loop
      vertex 20.2308 -78.2186 120
      vertex 0 -62.1657 120
      vertex 20.2443 -78.1635 120
    endloop
  endfacet
  facet normal 0 0 -1
    outer loop
      vertex 0 -62.1657 120
      vertex 20.2602 -78.1091 120
      vertex 20.2443 -78.1635 120
    endloop
  endfacet
  facet normal 0 0 -1
    outer loop
      vertex 20.2308 -78.2186 120
      vertex 20.2198 -78.2743 120
      vertex 0 -62.1657 120
    endloop
  endfacet
  facet normal 0 0 -1
    outer loop
      vertex 20.2198 -78.2743 120
      vertex 20.2111 -78.3303 120
      vertex 0 -62.1657 120
    endloop
  endfacet
  facet normal 0 0 -1
    outer loop
      vertex 0 -62.1657 120
      vertex 20.2111 -78.3303 120
      vertex 20.2049 -78.3867 120
    endloop
  endfacet
  facet normal 0 0 -1
    outer loop
      vertex 22.4585 -79.3783 120
      vertex 22.4959 -79.3356 120
      vertex 33.9 -100 120
    endloop
  endfacet
  facet normal 0 0 -1
    outer loop
      vertex 22.4959 -79.3356 120
      vertex 22.5314 -79.2914 120
      vertex 33.9 -100 120
    endloop
  endfacet
  facet normal 0 0 -1
    outer loop
      vertex 33.9 -100 120
      vertex 22.5314 -79.2914 120
      vertex 22.5649 -79.2456 120
    endloop
  endfacet
  facet normal 0 0 -1
    outer loop
      vertex 22.5964 -77.8015 120
      vertex 22.5649 -77.7543 120
      vertex 33.9 -62.1657 120
    endloop
  endfacet
  facet normal 0 0 -1
    outer loop
      vertex 22.5649 -77.7543 120
      vertex 22.5314 -77.7086 120
      vertex 33.9 -62.1657 120
    endloop
  endfacet
  facet normal 0 0 -1
    outer loop
      vertex 33.9 -62.1657 120
      vertex 22.5314 -77.7086 120
      vertex 22.4959 -77.6644 120
    endloop
  endfacet
  facet normal 0 0 -1
    outer loop
      vertex 20.3218 -77.9506 120
      vertex 20.299 -78.0025 120
      vertex 0 -62.1657 120
    endloop
  endfacet
  facet normal 0 0 -1
    outer loop
      vertex 20.299 -78.0025 120
      vertex 20.2784 -78.0554 120
      vertex 0 -62.1657 120
    endloop
  endfacet
  facet normal 0 0 -1
    outer loop
      vertex 0 -62.1657 120
      vertex 20.2784 -78.0554 120
      vertex 20.2602 -78.1091 120
    endloop
  endfacet
  facet normal 0 0 -1
    outer loop
      vertex 22.5649 -79.2456 120
      vertex 22.5964 -79.1985 120
      vertex 33.9 -100 120
    endloop
  endfacet
  facet normal 0 0 -1
    outer loop
      vertex 22.5964 -79.1985 120
      vertex 22.6258 -79.15 120
      vertex 33.9 -100 120
    endloop
  endfacet
  facet normal 0 0 -1
    outer loop
      vertex 33.9 -100 120
      vertex 22.6258 -79.15 120
      vertex 22.6531 -79.1003 120
    endloop
  endfacet
  facet normal 0 0 -1
    outer loop
      vertex 22.8 -78.5 120
      vertex 22.7988 -78.4433 120
      vertex 33.9 -62.1657 120
    endloop
  endfacet
  facet normal 0 0 -1
    outer loop
      vertex 22.7988 -78.4433 120
      vertex 22.7951 -78.3867 120
      vertex 33.9 -62.1657 120
    endloop
  endfacet
  facet normal 0 0 -1
    outer loop
      vertex 33.9 -62.1657 120
      vertex 22.7951 -78.3867 120
      vertex 22.7889 -78.3303 120
    endloop
  endfacet
  facet normal 0 0 -1
    outer loop
      vertex 22.6531 -79.1003 120
      vertex 22.6782 -79.0494 120
      vertex 33.9 -100 120
    endloop
  endfacet
  facet normal 0 0 -1
    outer loop
      vertex 22.6782 -79.0494 120
      vertex 22.701 -78.9975 120
      vertex 33.9 -100 120
    endloop
  endfacet
  facet normal 0 0 -1
    outer loop
      vertex 33.9 -100 120
      vertex 22.701 -78.9975 120
      vertex 22.7216 -78.9446 120
    endloop
  endfacet
  facet normal 0 0 -1
    outer loop
      vertex 33.9 -100 120
      vertex 22.7692 -78.7814 120
      vertex 22.7803 -78.7257 120
    endloop
  endfacet
  facet normal 0 0 -1
    outer loop
      vertex 22.7803 -78.7257 120
      vertex 22.7889 -78.6697 120
      vertex 33.9 -100 120
    endloop
  endfacet
  facet normal 0 0 -1
    outer loop
      vertex 22.7889 -78.6697 120
      vertex 22.7951 -78.6133 120
      vertex 33.9 -100 120
    endloop
  endfacet
  facet normal 0 0 -1
    outer loop
      vertex 33.9 -100 120
      vertex 22.7951 -78.6133 120
      vertex 33.9 -62.1657 120
    endloop
  endfacet
  facet normal 0 0 -1
    outer loop
      vertex 22.7951 -78.6133 120
      vertex 22.7988 -78.5567 120
      vertex 33.9 -62.1657 120
    endloop
  endfacet
  facet normal 0 0 -1
    outer loop
      vertex 33.9 -62.1657 120
      vertex 22.7988 -78.5567 120
      vertex 22.8 -78.5 120
    endloop
  endfacet
  facet normal 0 0 -1
    outer loop
      vertex 22.7889 -78.3303 120
      vertex 22.7803 -78.2743 120
      vertex 33.9 -62.1657 120
    endloop
  endfacet
  facet normal 0 0 -1
    outer loop
      vertex 22.7803 -78.2743 120
      vertex 22.7692 -78.2186 120
      vertex 33.9 -62.1657 120
    endloop
  endfacet
  facet normal 0 0 -1
    outer loop
      vertex 33.9 -62.1657 120
      vertex 22.7692 -78.2186 120
      vertex 22.7557 -78.1635 120
    endloop
  endfacet
  facet normal 0 0 -1
    outer loop
      vertex 22.7216 -78.9446 120
      vertex 22.7398 -78.8909 120
      vertex 33.9 -100 120
    endloop
  endfacet
  facet normal 0 0 -1
    outer loop
      vertex 22.7398 -78.8909 120
      vertex 22.7557 -78.8365 120
      vertex 33.9 -100 120
    endloop
  endfacet
  facet normal 0 0 -1
    outer loop
      vertex 33.9 -100 120
      vertex 22.7557 -78.8365 120
      vertex 22.7692 -78.7814 120
    endloop
  endfacet
  facet normal 0 0 -1
    outer loop
      vertex 22.7557 -78.1635 120
      vertex 22.7398 -78.1091 120
      vertex 33.9 -62.1657 120
    endloop
  endfacet
  facet normal 0 0 -1
    outer loop
      vertex 22.7398 -78.1091 120
      vertex 22.7216 -78.0554 120
      vertex 33.9 -62.1657 120
    endloop
  endfacet
  facet normal 0 0 -1
    outer loop
      vertex 33.9 -62.1657 120
      vertex 22.7216 -78.0554 120
      vertex 22.701 -78.0025 120
    endloop
  endfacet
  facet normal 0 0 -1
    outer loop
      vertex -21.5567 -77.2012 120
      vertex -21.6133 -77.205 120
      vertex -65.4863 -62.1657 120
    endloop
  endfacet
  facet normal 0 0 -1
    outer loop
      vertex -21.6697 -79.7889 120
      vertex -21.6133 -79.7951 120
      vertex 0 -100 120
    endloop
  endfacet
  facet normal 0 0 -1
    outer loop
      vertex -21.6133 -79.7951 120
      vertex -21.5567 -79.7988 120
      vertex 0 -100 120
    endloop
  endfacet
  facet normal 0 0 -1
    outer loop
      vertex 0 -100 120
      vertex -21.5567 -79.7988 120
      vertex -21.5 -79.8 120
    endloop
  endfacet
  facet normal 0 0 -1
    outer loop
      vertex -21.1635 -77.2443 120
      vertex -21.2186 -77.2308 120
      vertex 0 -62.1657 120
    endloop
  endfacet
  facet normal 0 0 -1
    outer loop
      vertex -21.2186 -77.2308 120
      vertex -21.2743 -77.2197 120
      vertex 0 -62.1657 120
    endloop
  endfacet
  facet normal 0 0 -1
    outer loop
      vertex 0 -62.1657 120
      vertex -21.2743 -77.2197 120
      vertex -21.3303 -77.2111 120
    endloop
  endfacet
  facet normal 0 0 -1
    outer loop
      vertex -21.3303 -77.2111 120
      vertex -21.3867 -77.205 120
      vertex 0 -62.1657 120
    endloop
  endfacet
  facet normal 0 0 -1
    outer loop
      vertex -21.3867 -77.205 120
      vertex -21.4433 -77.2012 120
      vertex 0 -62.1657 120
    endloop
  endfacet
  facet normal 0 0 -1
    outer loop
      vertex 0 -62.1657 120
      vertex -21.4433 -77.2012 120
      vertex -65.4863 -62.1657 120
    endloop
  endfacet
  facet normal 0 0 -1
    outer loop
      vertex -21.4433 -77.2012 120
      vertex -21.5 -77.2 120
      vertex -65.4863 -62.1657 120
    endloop
  endfacet
  facet normal 0 0 -1
    outer loop
      vertex -65.4863 -62.1657 120
      vertex -21.5 -77.2 120
      vertex -21.5567 -77.2012 120
    endloop
  endfacet
  facet normal 0 0 -1
    outer loop
      vertex -21.6133 -77.205 120
      vertex -21.6697 -77.2111 120
      vertex -65.4863 -62.1657 120
    endloop
  endfacet
  facet normal 0 0 -1
    outer loop
      vertex -21.6697 -77.2111 120
      vertex -21.7257 -77.2197 120
      vertex -65.4863 -62.1657 120
    endloop
  endfacet
  facet normal 0 0 -1
    outer loop
      vertex -65.4863 -62.1657 120
      vertex -21.7257 -77.2197 120
      vertex -21.7814 -77.2308 120
    endloop
  endfacet
  facet normal 0 0 -1
    outer loop
      vertex -21.5 -79.8 120
      vertex -21.4433 -79.7988 120
      vertex 0 -100 120
    endloop
  endfacet
  facet normal 0 0 -1
    outer loop
      vertex -21.4433 -79.7988 120
      vertex -21.3867 -79.7951 120
      vertex 0 -100 120
    endloop
  endfacet
  facet normal 0 0 -1
    outer loop
      vertex 0 -100 120
      vertex -21.3867 -79.7951 120
      vertex -21.3303 -79.7889 120
    endloop
  endfacet
  facet normal 0 0 -1
    outer loop
      vertex -21.9446 -77.2784 120
      vertex -21.9975 -77.299 120
      vertex -65.4863 -62.1657 120
    endloop
  endfacet
  facet normal 0 0 -1
    outer loop
      vertex -21.9975 -77.299 120
      vertex -22.0494 -77.3218 120
      vertex -65.4863 -62.1657 120
    endloop
  endfacet
  facet normal 0 0 -1
    outer loop
      vertex -65.4863 -62.1657 120
      vertex -22.0494 -77.3218 120
      vertex -22.1003 -77.3469 120
    endloop
  endfacet
  facet normal 0 0 -1
    outer loop
      vertex -22.3356 -77.5041 120
      vertex -65.4863 -62.1657 120
      vertex -22.2914 -77.4686 120
    endloop
  endfacet
  facet normal 0 0 -1
    outer loop
      vertex -65.4863 -62.1657 120
      vertex -22.2456 -77.4351 120
      vertex -22.2914 -77.4686 120
    endloop
  endfacet
  facet normal 0 0 -1
    outer loop
      vertex -22.3356 -77.5041 120
      vertex -22.3783 -77.5415 120
      vertex -65.4863 -62.1657 120
    endloop
  endfacet
  facet normal 0 0 -1
    outer loop
      vertex -22.3783 -77.5415 120
      vertex -22.4192 -77.5808 120
      vertex -65.4863 -62.1657 120
    endloop
  endfacet
  facet normal 0 0 -1
    outer loop
      vertex -65.4863 -62.1657 120
      vertex -22.4192 -77.5808 120
      vertex -22.4585 -77.6217 120
    endloop
  endfacet
  facet normal 0 0 -1
    outer loop
      vertex -22.6531 -77.8997 120
      vertex -22.6782 -77.9506 120
      vertex -65.4863 -62.1657 120
    endloop
  endfacet
  facet normal 0 0 -1
    outer loop
      vertex -65.4863 -62.1657 120
      vertex -22.8 -78.5 120
      vertex -65.4863 -100 120
    endloop
  endfacet
  facet normal 0 0 -1
    outer loop
      vertex -22.8 -78.5 120
      vertex -22.7988 -78.5567 120
      vertex -65.4863 -100 120
    endloop
  endfacet
  facet normal 0 0 -1
    outer loop
      vertex -65.4863 -100 120
      vertex -22.7988 -78.5567 120
      vertex -22.7951 -78.6133 120
    endloop
  endfacet
  facet normal 0 0 -1
    outer loop
      vertex -22.0494 -79.6782 120
      vertex -21.9975 -79.701 120
      vertex -65.4863 -100 120
    endloop
  endfacet
  facet normal 0 0 -1
    outer loop
      vertex -21.9975 -79.701 120
      vertex -21.9446 -79.7216 120
      vertex -65.4863 -100 120
    endloop
  endfacet
  facet normal 0 0 -1
    outer loop
      vertex -65.4863 -100 120
      vertex -21.9446 -79.7216 120
      vertex -21.8909 -79.7398 120
    endloop
  endfacet
  facet normal 0 0 -1
    outer loop
      vertex -21.3303 -79.7889 120
      vertex -21.2743 -79.7803 120
      vertex 0 -100 120
    endloop
  endfacet
  facet normal 0 0 -1
    outer loop
      vertex -21.2743 -79.7803 120
      vertex -21.2186 -79.7692 120
      vertex 0 -100 120
    endloop
  endfacet
  facet normal 0 0 -1
    outer loop
      vertex 0 -100 120
      vertex -21.2186 -79.7692 120
      vertex -21.1635 -79.7557 120
    endloop
  endfacet
  facet normal 0 0 -1
    outer loop
      vertex -20.5041 -79.3356 120
      vertex 0 -100 120
      vertex -20.5415 -79.3783 120
    endloop
  endfacet
  facet normal 0 0 -1
    outer loop
      vertex 0 -100 120
      vertex -20.5808 -79.4192 120
      vertex -20.5415 -79.3783 120
    endloop
  endfacet
  facet normal 0 0 -1
    outer loop
      vertex -20.2049 -78.6133 120
      vertex -20.2012 -78.5567 120
      vertex 0 -62.1657 120
    endloop
  endfacet
  facet normal 0 0 -1
    outer loop
      vertex -20.7544 -77.4351 120
      vertex -20.8015 -77.4036 120
      vertex 0 -62.1657 120
    endloop
  endfacet
  facet normal 0 0 -1
    outer loop
      vertex -20.8015 -77.4036 120
      vertex -20.85 -77.3742 120
      vertex 0 -62.1657 120
    endloop
  endfacet
  facet normal 0 0 -1
    outer loop
      vertex -20.85 -77.3742 120
      vertex -20.8997 -77.3469 120
      vertex 0 -62.1657 120
    endloop
  endfacet
  facet normal 0 0 -1
    outer loop
      vertex -20.8997 -77.3469 120
      vertex -20.9506 -77.3218 120
      vertex 0 -62.1657 120
    endloop
  endfacet
  facet normal 0 0 -1
    outer loop
      vertex 0 -62.1657 120
      vertex -20.9506 -77.3218 120
      vertex -21.0025 -77.299 120
    endloop
  endfacet
  facet normal 0 0 -1
    outer loop
      vertex -21.7814 -77.2308 120
      vertex -21.8365 -77.2443 120
      vertex -65.4863 -62.1657 120
    endloop
  endfacet
  facet normal 0 0 -1
    outer loop
      vertex -21.8365 -77.2443 120
      vertex -21.8909 -77.2602 120
      vertex -65.4863 -62.1657 120
    endloop
  endfacet
  facet normal 0 0 -1
    outer loop
      vertex -65.4863 -62.1657 120
      vertex -21.8909 -77.2602 120
      vertex -21.9446 -77.2784 120
    endloop
  endfacet
  facet normal 0 0 -1
    outer loop
      vertex -22.6782 -77.9506 120
      vertex -22.701 -78.0025 120
      vertex -65.4863 -62.1657 120
    endloop
  endfacet
  facet normal 0 0 -1
    outer loop
      vertex -22.701 -78.0025 120
      vertex -22.7216 -78.0554 120
      vertex -65.4863 -62.1657 120
    endloop
  endfacet
  facet normal 0 0 -1
    outer loop
      vertex -65.4863 -62.1657 120
      vertex -22.7216 -78.0554 120
      vertex -22.7398 -78.1091 120
    endloop
  endfacet
  facet normal 0 0 -1
    outer loop
      vertex -22.7398 -78.1091 120
      vertex -22.7557 -78.1635 120
      vertex -65.4863 -62.1657 120
    endloop
  endfacet
  facet normal 0 0 -1
    outer loop
      vertex -22.7557 -78.1635 120
      vertex -22.7692 -78.2186 120
      vertex -65.4863 -62.1657 120
    endloop
  endfacet
  facet normal 0 0 -1
    outer loop
      vertex -65.4863 -62.1657 120
      vertex -22.7692 -78.2186 120
      vertex -22.7803 -78.2743 120
    endloop
  endfacet
  facet normal 0 0 -1
    outer loop
      vertex -22.7803 -78.2743 120
      vertex -22.7889 -78.3303 120
      vertex -65.4863 -62.1657 120
    endloop
  endfacet
  facet normal 0 0 -1
    outer loop
      vertex -22.7889 -78.3303 120
      vertex -22.7951 -78.3867 120
      vertex -65.4863 -62.1657 120
    endloop
  endfacet
  facet normal 0 0 -1
    outer loop
      vertex -65.4863 -62.1657 120
      vertex -22.7951 -78.3867 120
      vertex -22.7988 -78.4433 120
    endloop
  endfacet
  facet normal 0 0 -1
    outer loop
      vertex -22.7951 -78.6133 120
      vertex -22.7889 -78.6697 120
      vertex -65.4863 -100 120
    endloop
  endfacet
  facet normal 0 0 -1
    outer loop
      vertex -22.7889 -78.6697 120
      vertex -22.7803 -78.7257 120
      vertex -65.4863 -100 120
    endloop
  endfacet
  facet normal 0 0 -1
    outer loop
      vertex -65.4863 -100 120
      vertex -22.7803 -78.7257 120
      vertex -22.7692 -78.7814 120
    endloop
  endfacet
  facet normal 0 0 -1
    outer loop
      vertex -22.5649 -79.2456 120
      vertex -22.5314 -79.2914 120
      vertex -65.4863 -100 120
    endloop
  endfacet
  facet normal 0 0 -1
    outer loop
      vertex -22.5314 -79.2914 120
      vertex -22.4959 -79.3356 120
      vertex -65.4863 -100 120
    endloop
  endfacet
  facet normal 0 0 -1
    outer loop
      vertex -65.4863 -100 120
      vertex -22.4959 -79.3356 120
      vertex -22.4585 -79.3783 120
    endloop
  endfacet
  facet normal 0 0 -1
    outer loop
      vertex -21.8909 -79.7398 120
      vertex -21.8365 -79.7557 120
      vertex -65.4863 -100 120
    endloop
  endfacet
  facet normal 0 0 -1
    outer loop
      vertex -21.8365 -79.7557 120
      vertex -21.7814 -79.7692 120
      vertex -65.4863 -100 120
    endloop
  endfacet
  facet normal 0 0 -1
    outer loop
      vertex -65.4863 -100 120
      vertex -21.7814 -79.7692 120
      vertex 0 -100 120
    endloop
  endfacet
  facet normal 0 0 -1
    outer loop
      vertex -21.7814 -79.7692 120
      vertex -21.7257 -79.7803 120
      vertex 0 -100 120
    endloop
  endfacet
  facet normal 0 0 -1
    outer loop
      vertex 0 -100 120
      vertex -21.7257 -79.7803 120
      vertex -21.6697 -79.7889 120
    endloop
  endfacet
  facet normal 0 0 -1
    outer loop
      vertex -21.0025 -79.701 120
      vertex -20.9506 -79.6782 120
      vertex 0 -100 120
    endloop
  endfacet
  facet normal 0 0 -1
    outer loop
      vertex -20.9506 -79.6782 120
      vertex -20.8997 -79.6531 120
      vertex 0 -100 120
    endloop
  endfacet
  facet normal 0 0 -1
    outer loop
      vertex 0 -100 120
      vertex -20.8997 -79.6531 120
      vertex -20.85 -79.6258 120
    endloop
  endfacet
  facet normal 0 0 -1
    outer loop
      vertex -20.85 -79.6258 120
      vertex -20.8015 -79.5964 120
      vertex 0 -100 120
    endloop
  endfacet
  facet normal 0 0 -1
    outer loop
      vertex -20.8015 -79.5964 120
      vertex -20.7544 -79.5649 120
      vertex 0 -100 120
    endloop
  endfacet
  facet normal 0 0 -1
    outer loop
      vertex 0 -100 120
      vertex -20.7544 -79.5649 120
      vertex -20.7086 -79.5314 120
    endloop
  endfacet
  facet normal 0 0 -1
    outer loop
      vertex -21.0025 -77.299 120
      vertex -21.0554 -77.2784 120
      vertex 0 -62.1657 120
    endloop
  endfacet
  facet normal 0 0 -1
    outer loop
      vertex -21.0554 -77.2784 120
      vertex -21.1091 -77.2602 120
      vertex 0 -62.1657 120
    endloop
  endfacet
  facet normal 0 0 -1
    outer loop
      vertex 0 -62.1657 120
      vertex -21.1091 -77.2602 120
      vertex -21.1635 -77.2443 120
    endloop
  endfacet
  facet normal 0 0 -1
    outer loop
      vertex -22.1003 -77.3469 120
      vertex -22.15 -77.3742 120
      vertex -65.4863 -62.1657 120
    endloop
  endfacet
  facet normal 0 0 -1
    outer loop
      vertex -22.15 -77.3742 120
      vertex -22.1985 -77.4036 120
      vertex -65.4863 -62.1657 120
    endloop
  endfacet
  facet normal 0 0 -1
    outer loop
      vertex -65.4863 -62.1657 120
      vertex -22.1985 -77.4036 120
      vertex -22.2456 -77.4351 120
    endloop
  endfacet
  facet normal 0 0 -1
    outer loop
      vertex -22.7692 -78.7814 120
      vertex -22.7557 -78.8365 120
      vertex -65.4863 -100 120
    endloop
  endfacet
  facet normal 0 0 -1
    outer loop
      vertex -22.7557 -78.8365 120
      vertex -22.7398 -78.8909 120
      vertex -65.4863 -100 120
    endloop
  endfacet
  facet normal 0 0 -1
    outer loop
      vertex -65.4863 -100 120
      vertex -22.7398 -78.8909 120
      vertex -22.7216 -78.9446 120
    endloop
  endfacet
  facet normal 0 0 -1
    outer loop
      vertex -22.4585 -79.3783 120
      vertex -22.4192 -79.4192 120
      vertex -65.4863 -100 120
    endloop
  endfacet
  facet normal 0 0 -1
    outer loop
      vertex -22.4192 -79.4192 120
      vertex -22.3783 -79.4585 120
      vertex -65.4863 -100 120
    endloop
  endfacet
  facet normal 0 0 -1
    outer loop
      vertex -65.4863 -100 120
      vertex -22.3783 -79.4585 120
      vertex -22.3356 -79.4959 120
    endloop
  endfacet
  facet normal 0 0 -1
    outer loop
      vertex -22.3356 -79.4959 120
      vertex -22.2914 -79.5314 120
      vertex -65.4863 -100 120
    endloop
  endfacet
  facet normal 0 0 -1
    outer loop
      vertex -22.2914 -79.5314 120
      vertex -22.2456 -79.5649 120
      vertex -65.4863 -100 120
    endloop
  endfacet
  facet normal 0 0 -1
    outer loop
      vertex -65.4863 -100 120
      vertex -22.2456 -79.5649 120
      vertex -22.1985 -79.5964 120
    endloop
  endfacet
  facet normal 0 0 -1
    outer loop
      vertex -21.1635 -79.7557 120
      vertex -21.1091 -79.7398 120
      vertex 0 -100 120
    endloop
  endfacet
  facet normal 0 0 -1
    outer loop
      vertex -21.1091 -79.7398 120
      vertex -21.0554 -79.7216 120
      vertex 0 -100 120
    endloop
  endfacet
  facet normal 0 0 -1
    outer loop
      vertex 0 -100 120
      vertex -21.0554 -79.7216 120
      vertex -21.0025 -79.701 120
    endloop
  endfacet
  facet normal 0 0 -1
    outer loop
      vertex -20.7086 -79.5314 120
      vertex -20.6644 -79.4959 120
      vertex 0 -100 120
    endloop
  endfacet
  facet normal 0 0 -1
    outer loop
      vertex -20.6644 -79.4959 120
      vertex -20.6217 -79.4585 120
      vertex 0 -100 120
    endloop
  endfacet
  facet normal 0 0 -1
    outer loop
      vertex 0 -100 120
      vertex -20.6217 -79.4585 120
      vertex -20.5808 -79.4192 120
    endloop
  endfacet
  facet normal 0 0 -1
    outer loop
      vertex -20.5041 -79.3356 120
      vertex -20.4686 -79.2914 120
      vertex 0 -100 120
    endloop
  endfacet
  facet normal 0 0 -1
    outer loop
      vertex -20.4686 -79.2914 120
      vertex -20.4351 -79.2456 120
      vertex 0 -100 120
    endloop
  endfacet
  facet normal 0 0 -1
    outer loop
      vertex 0 -100 120
      vertex -20.4351 -79.2456 120
      vertex -20.4036 -79.1985 120
    endloop
  endfacet
  facet normal 0 0 -1
    outer loop
      vertex 0 -100 120
      vertex -20.3218 -79.0494 120
      vertex -20.299 -78.9975 120
    endloop
  endfacet
  facet normal 0 0 -1
    outer loop
      vertex -20.299 -78.9975 120
      vertex -20.2784 -78.9446 120
      vertex 0 -100 120
    endloop
  endfacet
  facet normal 0 0 -1
    outer loop
      vertex -20.2784 -78.9446 120
      vertex -20.2602 -78.8909 120
      vertex 0 -100 120
    endloop
  endfacet
  facet normal 0 0 -1
    outer loop
      vertex 0 -100 120
      vertex -20.2602 -78.8909 120
      vertex -20.2443 -78.8365 120
    endloop
  endfacet
  facet normal 0 0 -1
    outer loop
      vertex -20.2198 -78.2743 120
      vertex 0 -62.1657 120
      vertex -20.2111 -78.3303 120
    endloop
  endfacet
  facet normal 0 0 -1
    outer loop
      vertex 0 -62.1657 120
      vertex -20.2049 -78.3867 120
      vertex -20.2111 -78.3303 120
    endloop
  endfacet
  facet normal 0 0 -1
    outer loop
      vertex -22.4585 -77.6217 120
      vertex -22.4959 -77.6644 120
      vertex -65.4863 -62.1657 120
    endloop
  endfacet
  facet normal 0 0 -1
    outer loop
      vertex -22.4959 -77.6644 120
      vertex -22.5314 -77.7086 120
      vertex -65.4863 -62.1657 120
    endloop
  endfacet
  facet normal 0 0 -1
    outer loop
      vertex -65.4863 -62.1657 120
      vertex -22.5314 -77.7086 120
      vertex -22.5649 -77.7543 120
    endloop
  endfacet
  facet normal 0 0 -1
    outer loop
      vertex -22.7216 -78.9446 120
      vertex -22.701 -78.9975 120
      vertex -65.4863 -100 120
    endloop
  endfacet
  facet normal 0 0 -1
    outer loop
      vertex -22.701 -78.9975 120
      vertex -22.6782 -79.0494 120
      vertex -65.4863 -100 120
    endloop
  endfacet
  facet normal 0 0 -1
    outer loop
      vertex -65.4863 -100 120
      vertex -22.6782 -79.0494 120
      vertex -22.6531 -79.1003 120
    endloop
  endfacet
  facet normal 0 0 -1
    outer loop
      vertex -22.1985 -79.5964 120
      vertex -22.15 -79.6258 120
      vertex -65.4863 -100 120
    endloop
  endfacet
  facet normal 0 0 -1
    outer loop
      vertex -22.15 -79.6258 120
      vertex -22.1003 -79.6531 120
      vertex -65.4863 -100 120
    endloop
  endfacet
  facet normal 0 0 -1
    outer loop
      vertex -65.4863 -100 120
      vertex -22.1003 -79.6531 120
      vertex -22.0494 -79.6782 120
    endloop
  endfacet
  facet normal 0 0 -1
    outer loop
      vertex -20.4036 -79.1985 120
      vertex -20.3742 -79.15 120
      vertex 0 -100 120
    endloop
  endfacet
  facet normal 0 0 -1
    outer loop
      vertex -20.3742 -79.15 120
      vertex -20.3469 -79.1003 120
      vertex 0 -100 120
    endloop
  endfacet
  facet normal 0 0 -1
    outer loop
      vertex 0 -100 120
      vertex -20.3469 -79.1003 120
      vertex -20.3218 -79.0494 120
    endloop
  endfacet
  facet normal 0 0 -1
    outer loop
      vertex -20.2443 -78.8365 120
      vertex -20.2308 -78.7814 120
      vertex 0 -100 120
    endloop
  endfacet
  facet normal 0 0 -1
    outer loop
      vertex -20.2308 -78.7814 120
      vertex -20.2198 -78.7257 120
      vertex 0 -100 120
    endloop
  endfacet
  facet normal 0 0 -1
    outer loop
      vertex 0 -100 120
      vertex -20.2198 -78.7257 120
      vertex 0 -62.1657 120
    endloop
  endfacet
  facet normal 0 0 -1
    outer loop
      vertex -20.2198 -78.7257 120
      vertex -20.2111 -78.6697 120
      vertex 0 -62.1657 120
    endloop
  endfacet
  facet normal 0 0 -1
    outer loop
      vertex 0 -62.1657 120
      vertex -20.2111 -78.6697 120
      vertex -20.2049 -78.6133 120
    endloop
  endfacet
  facet normal 0 0 -1
    outer loop
      vertex -20.2012 -78.5567 120
      vertex -20.2 -78.5 120
      vertex 0 -62.1657 120
    endloop
  endfacet
  facet normal 0 0 -1
    outer loop
      vertex -20.2 -78.5 120
      vertex -20.2012 -78.4433 120
      vertex 0 -62.1657 120
    endloop
  endfacet
  facet normal 0 0 -1
    outer loop
      vertex 0 -62.1657 120
      vertex -20.2012 -78.4433 120
      vertex -20.2049 -78.3867 120
    endloop
  endfacet
  facet normal 0 0 -1
    outer loop
      vertex -20.2198 -78.2743 120
      vertex -20.2308 -78.2186 120
      vertex 0 -62.1657 120
    endloop
  endfacet
  facet normal 0 0 -1
    outer loop
      vertex -20.2308 -78.2186 120
      vertex -20.2443 -78.1635 120
      vertex 0 -62.1657 120
    endloop
  endfacet
  facet normal 0 0 -1
    outer loop
      vertex 0 -62.1657 120
      vertex -20.2443 -78.1635 120
      vertex -20.2602 -78.1091 120
    endloop
  endfacet
  facet normal 0 0 -1
    outer loop
      vertex -22.5649 -77.7543 120
      vertex -22.5964 -77.8015 120
      vertex -65.4863 -62.1657 120
    endloop
  endfacet
  facet normal 0 0 -1
    outer loop
      vertex -22.5964 -77.8015 120
      vertex -22.6258 -77.85 120
      vertex -65.4863 -62.1657 120
    endloop
  endfacet
  facet normal 0 0 -1
    outer loop
      vertex -65.4863 -62.1657 120
      vertex -22.6258 -77.85 120
      vertex -22.6531 -77.8997 120
    endloop
  endfacet
  facet normal 0 0 -1
    outer loop
      vertex -22.6531 -79.1003 120
      vertex -22.6258 -79.15 120
      vertex -65.4863 -100 120
    endloop
  endfacet
  facet normal 0 0 -1
    outer loop
      vertex -22.6258 -79.15 120
      vertex -22.5964 -79.1985 120
      vertex -65.4863 -100 120
    endloop
  endfacet
  facet normal 0 0 -1
    outer loop
      vertex -65.4863 -100 120
      vertex -22.5964 -79.1985 120
      vertex -22.5649 -79.2456 120
    endloop
  endfacet
  facet normal 0 0 -1
    outer loop
      vertex -20.6217 -77.5415 120
      vertex -20.6644 -77.5041 120
      vertex 0 -62.1657 120
    endloop
  endfacet
  facet normal 0 0 -1
    outer loop
      vertex -20.6644 -77.5041 120
      vertex -20.7086 -77.4686 120
      vertex 0 -62.1657 120
    endloop
  endfacet
  facet normal 0 0 -1
    outer loop
      vertex 0 -62.1657 120
      vertex -20.7086 -77.4686 120
      vertex -20.7544 -77.4351 120
    endloop
  endfacet
  facet normal 0 0 -1
    outer loop
      vertex -20.2602 -78.1091 120
      vertex -20.2784 -78.0554 120
      vertex 0 -62.1657 120
    endloop
  endfacet
  facet normal 0 0 -1
    outer loop
      vertex -20.2784 -78.0554 120
      vertex -20.299 -78.0025 120
      vertex 0 -62.1657 120
    endloop
  endfacet
  facet normal 0 0 -1
    outer loop
      vertex 0 -62.1657 120
      vertex -20.299 -78.0025 120
      vertex -20.3218 -77.9506 120
    endloop
  endfacet
  facet normal 0 0 -1
    outer loop
      vertex -20.4036 -77.8015 120
      vertex -20.4351 -77.7543 120
      vertex 0 -62.1657 120
    endloop
  endfacet
  facet normal 0 0 -1
    outer loop
      vertex -20.4351 -77.7543 120
      vertex -20.4686 -77.7086 120
      vertex 0 -62.1657 120
    endloop
  endfacet
  facet normal 0 0 -1
    outer loop
      vertex 0 -62.1657 120
      vertex -20.4686 -77.7086 120
      vertex -20.5041 -77.6644 120
    endloop
  endfacet
  facet normal 0 0 -1
    outer loop
      vertex -20.5041 -77.6644 120
      vertex -20.5415 -77.6217 120
      vertex 0 -62.1657 120
    endloop
  endfacet
  facet normal 0 0 -1
    outer loop
      vertex -20.5415 -77.6217 120
      vertex -20.5808 -77.5808 120
      vertex 0 -62.1657 120
    endloop
  endfacet
  facet normal 0 0 -1
    outer loop
      vertex 0 -62.1657 120
      vertex -20.5808 -77.5808 120
      vertex -20.6217 -77.5415 120
    endloop
  endfacet
  facet normal 0 0 -1
    outer loop
      vertex -20.3218 -77.9506 120
      vertex -20.3469 -77.8997 120
      vertex 0 -62.1657 120
    endloop
  endfacet
  facet normal 0 0 -1
    outer loop
      vertex -20.3469 -77.8997 120
      vertex -20.3742 -77.85 120
      vertex 0 -62.1657 120
    endloop
  endfacet
  facet normal 0 0 -1
    outer loop
      vertex 0 -62.1657 120
      vertex -20.3742 -77.85 120
      vertex -20.4036 -77.8015 120
    endloop
  endfacet
  facet normal 0 0 -1
    outer loop
      vertex 86.5526 125.208 120
      vertex 90 53.9343 120
      vertex 85.9384 53.9343 120
    endloop
  endfacet
  facet normal 0 0 -1
    outer loop
      vertex 90 53.9343 120
      vertex 90 -62.1657 120
      vertex 85.9384 53.9343 120
    endloop
  endfacet
  facet normal 0 0 -1
    outer loop
      vertex 85.9384 53.9343 120
      vertex 90 -62.1657 120
      vertex 85.9384 -62.1657 120
    endloop
  endfacet
  facet normal 0 0 -1
    outer loop
      vertex 90 -62.1657 120
      vertex 90 -100 120
      vertex 85.9384 -62.1657 120
    endloop
  endfacet
  facet normal 0 0 -1
    outer loop
      vertex 85.9384 -62.1657 120
      vertex 90 -100 120
      vertex 85.9384 -100 120
    endloop
  endfacet
  facet normal 0 0 -1
    outer loop
      vertex 90 -100 120
      vertex 90 -124.286 120
      vertex 85.9384 -100 120
    endloop
  endfacet
  facet normal 0 0 -1
    outer loop
      vertex 85.9384 -100 120
      vertex 90 -124.286 120
      vertex 85.9384 -124.286 120
    endloop
  endfacet
  facet normal 0 0 -1
    outer loop
      vertex 90 -124.286 120
      vertex 87.7842 -125.778 120
      vertex 85.9384 -124.286 120
    endloop
  endfacet
  facet normal 0 0 -1
    outer loop
      vertex 85.9384 -124.286 120
      vertex 87.7842 -125.778 120
      vertex 87.7167 -125.773 120
    endloop
  endfacet
  facet normal 0 0 -1
    outer loop
      vertex 85.9527 125.834 120
      vertex 85.9384 53.9343 120
      vertex 65.3888 53.9343 120
    endloop
  endfacet
  facet normal 0 0 -1
    outer loop
      vertex 85.9384 53.9343 120
      vertex 85.9384 -62.1657 120
      vertex 65.3888 53.9343 120
    endloop
  endfacet
  facet normal 0 0 -1
    outer loop
      vertex 65.3888 53.9343 120
      vertex 85.9384 -62.1657 120
      vertex 65.3888 -62.1657 120
    endloop
  endfacet
  facet normal 0 0 -1
    outer loop
      vertex 85.9384 -62.1657 120
      vertex 85.9384 -100 120
      vertex 65.3888 -62.1657 120
    endloop
  endfacet
  facet normal 0 0 -1
    outer loop
      vertex 65.3888 -62.1657 120
      vertex 85.9384 -100 120
      vertex 65.3888 -100 120
    endloop
  endfacet
  facet normal 0 0 -1
    outer loop
      vertex 85.9384 -100 120
      vertex 85.9384 -124.286 120
      vertex 65.3888 -100 120
    endloop
  endfacet
  facet normal 0 0 -1
    outer loop
      vertex 65.3888 -100 120
      vertex 85.9384 -124.286 120
      vertex 65.3888 -124.286 120
    endloop
  endfacet
  facet normal 0 0 -1
    outer loop
      vertex 85.9384 -124.286 120
      vertex 85.9384 -129.436 120
      vertex 65.3888 -124.286 120
    endloop
  endfacet
  facet normal 0 0 -1
    outer loop
      vertex 65.3888 -124.286 120
      vertex 85.9384 -129.436 120
      vertex 65.3888 -129.436 120
    endloop
  endfacet
  facet normal 0 0 -1
    outer loop
      vertex 85.9384 -129.436 120
      vertex 85.9384 -130 120
      vertex 65.3888 -129.436 120
    endloop
  endfacet
  facet normal 0 0 -1
    outer loop
      vertex 65.3888 -129.436 120
      vertex 85.9384 -130 120
      vertex 65.3888 -130 120
    endloop
  endfacet
  facet normal 0 0 -1
    outer loop
      vertex -65.4863 53.9343 120
      vertex -65.4863 130 120
      vertex 0 53.9343 120
    endloop
  endfacet
  facet normal 0 0 -1
    outer loop
      vertex -65.4863 130 120
      vertex -6.93889e-15 130 120
      vertex 0 53.9343 120
    endloop
  endfacet
  facet normal 0 0 -1
    outer loop
      vertex 0 53.9343 120
      vertex -6.93889e-15 130 120
      vertex 33.9 53.9343 120
    endloop
  endfacet
  facet normal 0 0 -1
    outer loop
      vertex -6.93889e-15 130 120
      vertex 33.9 130 120
      vertex 33.9 53.9343 120
    endloop
  endfacet
  facet normal 0 0 -1
    outer loop
      vertex 33.9 53.9343 120
      vertex 33.9 130 120
      vertex 65.3888 53.9343 120
    endloop
  endfacet
  facet normal 0 0 -1
    outer loop
      vertex 33.9 130 120
      vertex 65.3888 130 120
      vertex 65.3888 53.9343 120
    endloop
  endfacet
  facet normal 0 0 -1
    outer loop
      vertex 65.3888 53.9343 120
      vertex 65.3888 130 120
      vertex 85.9527 125.834 120
    endloop
  endfacet
  facet normal 0 0 -1
    outer loop
      vertex 65.3888 130 120
      vertex 85.9228 125.895 120
      vertex 85.9527 125.834 120
    endloop
  endfacet
  facet normal 0 0 -1
    outer loop
      vertex -88.3554 125.243 120
      vertex -88.2976 125.208 120
      vertex -89.5363 53.9343 120
    endloop
  endfacet
  facet normal 0 0 -1
    outer loop
      vertex -88.3554 125.243 120
      vertex -89.5363 53.9343 120
      vertex -88.4116 125.28 120
    endloop
  endfacet
  facet normal 0 0 -1
    outer loop
      vertex -88.2383 125.175 120
      vertex -88.1776 125.145 120
      vertex -65.4863 53.9343 120
    endloop
  endfacet
  facet normal 0 0 -1
    outer loop
      vertex -86.6897 127.857 120
      vertex -86.7476 127.892 120
      vertex -65.4863 130 120
    endloop
  endfacet
  facet normal 0 0 -1
    outer loop
      vertex -86.7476 127.892 120
      vertex -86.8068 127.925 120
      vertex -65.4863 130 120
    endloop
  endfacet
  facet normal 0 0 -1
    outer loop
      vertex -65.4863 130 120
      vertex -86.8068 127.925 120
      vertex -86.8675 127.955 120
    endloop
  endfacet
  facet normal 0 0 -1
    outer loop
      vertex -88.7922 127.439 120
      vertex -88.8298 127.383 120
      vertex -89.5363 130 120
    endloop
  endfacet
  facet normal 0 0 -1
    outer loop
      vertex -86.8675 125.145 120
      vertex -86.8068 125.175 120
      vertex -65.4863 53.9343 120
    endloop
  endfacet
  facet normal 0 0 -1
    outer loop
      vertex -86.8068 125.175 120
      vertex -86.7476 125.208 120
      vertex -65.4863 53.9343 120
    endloop
  endfacet
  facet normal 0 0 -1
    outer loop
      vertex -65.4863 53.9343 120
      vertex -86.7476 125.208 120
      vertex -86.6897 125.243 120
    endloop
  endfacet
  facet normal 0 0 -1
    outer loop
      vertex -86.9924 -125.865 120
      vertex -89.5363 -124.286 120
      vertex -65.4863 -124.286 120
    endloop
  endfacet
  facet normal 0 0 -1
    outer loop
      vertex -89.5363 -124.286 120
      vertex -89.5363 -100 120
      vertex -65.4863 -124.286 120
    endloop
  endfacet
  facet normal 0 0 -1
    outer loop
      vertex -65.4863 -124.286 120
      vertex -89.5363 -100 120
      vertex -65.4863 -100 120
    endloop
  endfacet
  facet normal 0 0 -1
    outer loop
      vertex -89.5363 -100 120
      vertex -89.5363 -62.1657 120
      vertex -65.4863 -100 120
    endloop
  endfacet
  facet normal 0 0 -1
    outer loop
      vertex -65.4863 -100 120
      vertex -89.5363 -62.1657 120
      vertex -65.4863 -62.1657 120
    endloop
  endfacet
  facet normal 0 0 -1
    outer loop
      vertex -89.5363 -62.1657 120
      vertex -89.5363 53.9343 120
      vertex -65.4863 -62.1657 120
    endloop
  endfacet
  facet normal 0 0 -1
    outer loop
      vertex -65.4863 -62.1657 120
      vertex -89.5363 53.9343 120
      vertex -65.4863 53.9343 120
    endloop
  endfacet
  facet normal 0 0 -1
    outer loop
      vertex -89.5363 53.9343 120
      vertex -88.2976 125.208 120
      vertex -65.4863 53.9343 120
    endloop
  endfacet
  facet normal 0 0 -1
    outer loop
      vertex -65.4863 53.9343 120
      vertex -88.2976 125.208 120
      vertex -88.2383 125.175 120
    endloop
  endfacet
  facet normal 0 0 -1
    outer loop
      vertex -86.6897 125.243 120
      vertex -86.6335 125.28 120
      vertex -65.4863 53.9343 120
    endloop
  endfacet
  facet normal 0 0 -1
    outer loop
      vertex -86.6335 125.28 120
      vertex -86.579 125.32 120
      vertex -65.4863 53.9343 120
    endloop
  endfacet
  facet normal 0 0 -1
    outer loop
      vertex -65.4863 53.9343 120
      vertex -86.579 125.32 120
      vertex -65.4863 130 120
    endloop
  endfacet
  facet normal 0 0 -1
    outer loop
      vertex -86.579 125.32 120
      vertex -86.5262 125.363 120
      vertex -65.4863 130 120
    endloop
  endfacet
  facet normal 0 0 -1
    outer loop
      vertex -65.4863 130 120
      vertex -86.5262 125.363 120
      vertex -86.4754 125.407 120
    endloop
  endfacet
  facet normal 0 0 -1
    outer loop
      vertex -85.9961 126.819 120
      vertex -86.0093 126.885 120
      vertex -65.4863 130 120
    endloop
  endfacet
  facet normal 0 0 -1
    outer loop
      vertex -87.2534 128.076 120
      vertex -89.5363 130 120
      vertex -87.1871 128.063 120
    endloop
  endfacet
  facet normal 0 0 -1
    outer loop
      vertex -89.5363 130 120
      vertex -87.1214 128.047 120
      vertex -87.1871 128.063 120
    endloop
  endfacet
  facet normal 0 0 -1
    outer loop
      vertex -87.858 128.063 120
      vertex -87.9237 128.047 120
      vertex -89.5363 130 120
    endloop
  endfacet
  facet normal 0 0 -1
    outer loop
      vertex -87.9237 128.047 120
      vertex -87.9887 128.028 120
      vertex -89.5363 130 120
    endloop
  endfacet
  facet normal 0 0 -1
    outer loop
      vertex -89.0711 126.618 120
      vertex -89.0726 126.55 120
      vertex -89.5363 130 120
    endloop
  endfacet
  facet normal 0 0 -1
    outer loop
      vertex -89.0726 126.55 120
      vertex -89.0711 126.482 120
      vertex -89.5363 130 120
    endloop
  endfacet
  facet normal 0 0 -1
    outer loop
      vertex -89.5363 130 120
      vertex -89.0711 126.482 120
      vertex -89.5363 53.9343 120
    endloop
  endfacet
  facet normal 0 0 -1
    outer loop
      vertex -89.0711 126.482 120
      vertex -89.0667 126.415 120
      vertex -89.5363 53.9343 120
    endloop
  endfacet
  facet normal 0 0 -1
    outer loop
      vertex -88.7922 125.661 120
      vertex -88.7523 125.606 120
      vertex -89.5363 53.9343 120
    endloop
  endfacet
  facet normal 0 0 -1
    outer loop
      vertex -88.7523 125.606 120
      vertex -88.7099 125.554 120
      vertex -89.5363 53.9343 120
    endloop
  endfacet
  facet normal 0 0 -1
    outer loop
      vertex -88.7099 125.554 120
      vertex -88.6653 125.503 120
      vertex -89.5363 53.9343 120
    endloop
  endfacet
  facet normal 0 0 -1
    outer loop
      vertex -88.6653 125.503 120
      vertex -88.6186 125.454 120
      vertex -89.5363 53.9343 120
    endloop
  endfacet
  facet normal 0 0 -1
    outer loop
      vertex -89.5363 53.9343 120
      vertex -88.6186 125.454 120
      vertex -88.5697 125.407 120
    endloop
  endfacet
  facet normal 0 0 -1
    outer loop
      vertex -88.5697 125.407 120
      vertex -88.5189 125.363 120
      vertex -89.5363 53.9343 120
    endloop
  endfacet
  facet normal 0 0 -1
    outer loop
      vertex -88.5189 125.363 120
      vertex -88.4661 125.32 120
      vertex -89.5363 53.9343 120
    endloop
  endfacet
  facet normal 0 0 -1
    outer loop
      vertex -89.5363 53.9343 120
      vertex -88.4661 125.32 120
      vertex -88.4116 125.28 120
    endloop
  endfacet
  facet normal 0 0 -1
    outer loop
      vertex -88.1776 125.145 120
      vertex -88.1157 125.118 120
      vertex -65.4863 53.9343 120
    endloop
  endfacet
  facet normal 0 0 -1
    outer loop
      vertex -88.1157 125.118 120
      vertex -88.0527 125.093 120
      vertex -65.4863 53.9343 120
    endloop
  endfacet
  facet normal 0 0 -1
    outer loop
      vertex -65.4863 53.9343 120
      vertex -88.0527 125.093 120
      vertex -87.9887 125.072 120
    endloop
  endfacet
  facet normal 0 0 -1
    outer loop
      vertex -87.9887 125.072 120
      vertex -87.9237 125.053 120
      vertex -65.4863 53.9343 120
    endloop
  endfacet
  facet normal 0 0 -1
    outer loop
      vertex -87.9237 125.053 120
      vertex -87.858 125.037 120
      vertex -65.4863 53.9343 120
    endloop
  endfacet
  facet normal 0 0 -1
    outer loop
      vertex -65.4863 53.9343 120
      vertex -87.858 125.037 120
      vertex -87.7917 125.024 120
    endloop
  endfacet
  facet normal 0 0 -1
    outer loop
      vertex -87.7917 125.024 120
      vertex -87.7249 125.013 120
      vertex -65.4863 53.9343 120
    endloop
  endfacet
  facet normal 0 0 -1
    outer loop
      vertex -87.7249 125.013 120
      vertex -87.6577 125.006 120
      vertex -65.4863 53.9343 120
    endloop
  endfacet
  facet normal 0 0 -1
    outer loop
      vertex -65.4863 53.9343 120
      vertex -87.6577 125.006 120
      vertex -87.5902 125.001 120
    endloop
  endfacet
  facet normal 0 0 -1
    outer loop
      vertex -87.1871 125.037 120
      vertex -87.1214 125.053 120
      vertex -65.4863 53.9343 120
    endloop
  endfacet
  facet normal 0 0 -1
    outer loop
      vertex -87.1214 125.053 120
      vertex -87.0565 125.072 120
      vertex -65.4863 53.9343 120
    endloop
  endfacet
  facet normal 0 0 -1
    outer loop
      vertex -86.0093 126.885 120
      vertex -86.0254 126.951 120
      vertex -65.4863 130 120
    endloop
  endfacet
  facet normal 0 0 -1
    outer loop
      vertex -86.0254 126.951 120
      vertex -86.0443 127.016 120
      vertex -65.4863 130 120
    endloop
  endfacet
  facet normal 0 0 -1
    outer loop
      vertex -65.4863 130 120
      vertex -86.0443 127.016 120
      vertex -86.066 127.08 120
    endloop
  endfacet
  facet normal 0 0 -1
    outer loop
      vertex -86.066 127.08 120
      vertex -86.0905 127.143 120
      vertex -65.4863 130 120
    endloop
  endfacet
  facet normal 0 0 -1
    outer loop
      vertex -86.0905 127.143 120
      vertex -86.1178 127.205 120
      vertex -65.4863 130 120
    endloop
  endfacet
  facet normal 0 0 -1
    outer loop
      vertex -65.4863 130 120
      vertex -86.1178 127.205 120
      vertex -86.1477 127.266 120
    endloop
  endfacet
  facet normal 0 0 -1
    outer loop
      vertex -86.1477 127.266 120
      vertex -86.1802 127.325 120
      vertex -65.4863 130 120
    endloop
  endfacet
  facet normal 0 0 -1
    outer loop
      vertex -86.1802 127.325 120
      vertex -86.2153 127.383 120
      vertex -65.4863 130 120
    endloop
  endfacet
  facet normal 0 0 -1
    outer loop
      vertex -65.4863 130 120
      vertex -86.2153 127.383 120
      vertex -86.2529 127.439 120
    endloop
  endfacet
  facet normal 0 0 -1
    outer loop
      vertex -86.2529 127.439 120
      vertex -86.2929 127.494 120
      vertex -65.4863 130 120
    endloop
  endfacet
  facet normal 0 0 -1
    outer loop
      vertex -86.2929 127.494 120
      vertex -86.3352 127.546 120
      vertex -65.4863 130 120
    endloop
  endfacet
  facet normal 0 0 -1
    outer loop
      vertex -65.4863 130 120
      vertex -86.3352 127.546 120
      vertex -86.3798 127.597 120
    endloop
  endfacet
  facet normal 0 0 -1
    outer loop
      vertex -86.8675 127.955 120
      vertex -86.9294 127.982 120
      vertex -65.4863 130 120
    endloop
  endfacet
  facet normal 0 0 -1
    outer loop
      vertex -86.9294 127.982 120
      vertex -86.9924 128.007 120
      vertex -65.4863 130 120
    endloop
  endfacet
  facet normal 0 0 -1
    outer loop
      vertex -65.4863 130 120
      vertex -86.9924 128.007 120
      vertex -89.5363 130 120
    endloop
  endfacet
  facet normal 0 0 -1
    outer loop
      vertex -86.9924 128.007 120
      vertex -87.0565 128.028 120
      vertex -89.5363 130 120
    endloop
  endfacet
  facet normal 0 0 -1
    outer loop
      vertex -89.5363 130 120
      vertex -87.0565 128.028 120
      vertex -87.1214 128.047 120
    endloop
  endfacet
  facet normal 0 0 -1
    outer loop
      vertex -87.2534 128.076 120
      vertex -87.3202 128.087 120
      vertex -89.5363 130 120
    endloop
  endfacet
  facet normal 0 0 -1
    outer loop
      vertex -87.3202 128.087 120
      vertex -87.3875 128.094 120
      vertex -89.5363 130 120
    endloop
  endfacet
  facet normal 0 0 -1
    outer loop
      vertex -89.5363 130 120
      vertex -87.3875 128.094 120
      vertex -87.455 128.099 120
    endloop
  endfacet
  facet normal 0 0 -1
    outer loop
      vertex -87.455 128.099 120
      vertex -87.5226 128.1 120
      vertex -89.5363 130 120
    endloop
  endfacet
  facet normal 0 0 -1
    outer loop
      vertex -87.5226 128.1 120
      vertex -87.5902 128.099 120
      vertex -89.5363 130 120
    endloop
  endfacet
  facet normal 0 0 -1
    outer loop
      vertex -89.5363 130 120
      vertex -87.5902 128.099 120
      vertex -87.6577 128.094 120
    endloop
  endfacet
  facet normal 0 0 -1
    outer loop
      vertex -87.9887 128.028 120
      vertex -88.0527 128.007 120
      vertex -89.5363 130 120
    endloop
  endfacet
  facet normal 0 0 -1
    outer loop
      vertex -88.0527 128.007 120
      vertex -88.1157 127.982 120
      vertex -89.5363 130 120
    endloop
  endfacet
  facet normal 0 0 -1
    outer loop
      vertex -89.5363 130 120
      vertex -88.1157 127.982 120
      vertex -88.1776 127.955 120
    endloop
  endfacet
  facet normal 0 0 -1
    outer loop
      vertex -88.1776 127.955 120
      vertex -88.2383 127.925 120
      vertex -89.5363 130 120
    endloop
  endfacet
  facet normal 0 0 -1
    outer loop
      vertex -88.2383 127.925 120
      vertex -88.2976 127.892 120
      vertex -89.5363 130 120
    endloop
  endfacet
  facet normal 0 0 -1
    outer loop
      vertex -89.5363 130 120
      vertex -88.2976 127.892 120
      vertex -88.3554 127.857 120
    endloop
  endfacet
  facet normal 0 0 -1
    outer loop
      vertex -88.6653 127.597 120
      vertex -88.7099 127.546 120
      vertex -89.5363 130 120
    endloop
  endfacet
  facet normal 0 0 -1
    outer loop
      vertex -88.7099 127.546 120
      vertex -88.7523 127.494 120
      vertex -89.5363 130 120
    endloop
  endfacet
  facet normal 0 0 -1
    outer loop
      vertex -89.5363 130 120
      vertex -88.7523 127.494 120
      vertex -88.7922 127.439 120
    endloop
  endfacet
  facet normal 0 0 -1
    outer loop
      vertex -88.8974 125.834 120
      vertex -88.8649 125.775 120
      vertex -89.5363 53.9343 120
    endloop
  endfacet
  facet normal 0 0 -1
    outer loop
      vertex -88.8649 125.775 120
      vertex -88.8298 125.717 120
      vertex -89.5363 53.9343 120
    endloop
  endfacet
  facet normal 0 0 -1
    outer loop
      vertex -89.5363 53.9343 120
      vertex -88.8298 125.717 120
      vertex -88.7922 125.661 120
    endloop
  endfacet
  facet normal 0 0 -1
    outer loop
      vertex -87.5902 125.001 120
      vertex -87.5226 125 120
      vertex -65.4863 53.9343 120
    endloop
  endfacet
  facet normal 0 0 -1
    outer loop
      vertex -87.5226 125 120
      vertex -87.455 125.001 120
      vertex -65.4863 53.9343 120
    endloop
  endfacet
  facet normal 0 0 -1
    outer loop
      vertex -65.4863 53.9343 120
      vertex -87.455 125.001 120
      vertex -87.3875 125.006 120
    endloop
  endfacet
  facet normal 0 0 -1
    outer loop
      vertex -87.0565 125.072 120
      vertex -86.9924 125.093 120
      vertex -65.4863 53.9343 120
    endloop
  endfacet
  facet normal 0 0 -1
    outer loop
      vertex -86.9924 125.093 120
      vertex -86.9294 125.118 120
      vertex -65.4863 53.9343 120
    endloop
  endfacet
  facet normal 0 0 -1
    outer loop
      vertex -65.4863 53.9343 120
      vertex -86.9294 125.118 120
      vertex -86.8675 125.145 120
    endloop
  endfacet
  facet normal 0 0 -1
    outer loop
      vertex -87.6577 128.094 120
      vertex -87.7249 128.087 120
      vertex -89.5363 130 120
    endloop
  endfacet
  facet normal 0 0 -1
    outer loop
      vertex -87.7249 128.087 120
      vertex -87.7917 128.076 120
      vertex -89.5363 130 120
    endloop
  endfacet
  facet normal 0 0 -1
    outer loop
      vertex -89.5363 130 120
      vertex -87.7917 128.076 120
      vertex -87.858 128.063 120
    endloop
  endfacet
  facet normal 0 0 -1
    outer loop
      vertex -88.8298 127.383 120
      vertex -88.8649 127.325 120
      vertex -89.5363 130 120
    endloop
  endfacet
  facet normal 0 0 -1
    outer loop
      vertex -88.8649 127.325 120
      vertex -88.8974 127.266 120
      vertex -89.5363 130 120
    endloop
  endfacet
  facet normal 0 0 -1
    outer loop
      vertex -89.5363 130 120
      vertex -88.8974 127.266 120
      vertex -88.9273 127.205 120
    endloop
  endfacet
  facet normal 0 0 -1
    outer loop
      vertex -89.0667 126.415 120
      vertex -89.0593 126.348 120
      vertex -89.5363 53.9343 120
    endloop
  endfacet
  facet normal 0 0 -1
    outer loop
      vertex -89.0593 126.348 120
      vertex -89.049 126.281 120
      vertex -89.5363 53.9343 120
    endloop
  endfacet
  facet normal 0 0 -1
    outer loop
      vertex -89.5363 53.9343 120
      vertex -89.049 126.281 120
      vertex -89.0358 126.215 120
    endloop
  endfacet
  facet normal 0 0 -1
    outer loop
      vertex -89.0358 126.215 120
      vertex -89.0197 126.149 120
      vertex -89.5363 53.9343 120
    endloop
  endfacet
  facet normal 0 0 -1
    outer loop
      vertex -89.0197 126.149 120
      vertex -89.0008 126.084 120
      vertex -89.5363 53.9343 120
    endloop
  endfacet
  facet normal 0 0 -1
    outer loop
      vertex -89.5363 53.9343 120
      vertex -89.0008 126.084 120
      vertex -88.9791 126.02 120
    endloop
  endfacet
  facet normal 0 0 -1
    outer loop
      vertex -88.9791 126.02 120
      vertex -88.9546 125.957 120
      vertex -89.5363 53.9343 120
    endloop
  endfacet
  facet normal 0 0 -1
    outer loop
      vertex -88.9546 125.957 120
      vertex -88.9273 125.895 120
      vertex -89.5363 53.9343 120
    endloop
  endfacet
  facet normal 0 0 -1
    outer loop
      vertex -89.5363 53.9343 120
      vertex -88.9273 125.895 120
      vertex -88.8974 125.834 120
    endloop
  endfacet
  facet normal 0 0 -1
    outer loop
      vertex -87.3875 125.006 120
      vertex -87.3202 125.013 120
      vertex -65.4863 53.9343 120
    endloop
  endfacet
  facet normal 0 0 -1
    outer loop
      vertex -87.3202 125.013 120
      vertex -87.2534 125.024 120
      vertex -65.4863 53.9343 120
    endloop
  endfacet
  facet normal 0 0 -1
    outer loop
      vertex -65.4863 53.9343 120
      vertex -87.2534 125.024 120
      vertex -87.1871 125.037 120
    endloop
  endfacet
  facet normal 0 0 -1
    outer loop
      vertex -86.3352 125.554 120
      vertex -86.2929 125.606 120
      vertex -65.4863 130 120
    endloop
  endfacet
  facet normal 0 0 -1
    outer loop
      vertex -86.2929 125.606 120
      vertex -86.2529 125.661 120
      vertex -65.4863 130 120
    endloop
  endfacet
  facet normal 0 0 -1
    outer loop
      vertex -65.4863 130 120
      vertex -86.2529 125.661 120
      vertex -86.2153 125.717 120
    endloop
  endfacet
  facet normal 0 0 -1
    outer loop
      vertex -86.1178 125.895 120
      vertex -86.0905 125.957 120
      vertex -65.4863 130 120
    endloop
  endfacet
  facet normal 0 0 -1
    outer loop
      vertex -86.0905 125.957 120
      vertex -86.066 126.02 120
      vertex -65.4863 130 120
    endloop
  endfacet
  facet normal 0 0 -1
    outer loop
      vertex -65.4863 130 120
      vertex -86.066 126.02 120
      vertex -86.0443 126.084 120
    endloop
  endfacet
  facet normal 0 0 -1
    outer loop
      vertex -85.974 126.618 120
      vertex -65.4863 130 120
      vertex -85.9726 126.55 120
    endloop
  endfacet
  facet normal 0 0 -1
    outer loop
      vertex -65.4863 130 120
      vertex -85.974 126.482 120
      vertex -85.9726 126.55 120
    endloop
  endfacet
  facet normal 0 0 -1
    outer loop
      vertex -85.974 126.618 120
      vertex -85.9785 126.685 120
      vertex -65.4863 130 120
    endloop
  endfacet
  facet normal 0 0 -1
    outer loop
      vertex -85.9785 126.685 120
      vertex -85.9858 126.752 120
      vertex -65.4863 130 120
    endloop
  endfacet
  facet normal 0 0 -1
    outer loop
      vertex -65.4863 130 120
      vertex -85.9858 126.752 120
      vertex -85.9961 126.819 120
    endloop
  endfacet
  facet normal 0 0 -1
    outer loop
      vertex -86.3798 127.597 120
      vertex -86.4265 127.646 120
      vertex -65.4863 130 120
    endloop
  endfacet
  facet normal 0 0 -1
    outer loop
      vertex -86.4265 127.646 120
      vertex -86.4754 127.693 120
      vertex -65.4863 130 120
    endloop
  endfacet
  facet normal 0 0 -1
    outer loop
      vertex -65.4863 130 120
      vertex -86.4754 127.693 120
      vertex -86.5262 127.737 120
    endloop
  endfacet
  facet normal 0 0 -1
    outer loop
      vertex -88.9273 127.205 120
      vertex -88.9546 127.143 120
      vertex -89.5363 130 120
    endloop
  endfacet
  facet normal 0 0 -1
    outer loop
      vertex -88.9546 127.143 120
      vertex -88.9791 127.08 120
      vertex -89.5363 130 120
    endloop
  endfacet
  facet normal 0 0 -1
    outer loop
      vertex -89.5363 130 120
      vertex -88.9791 127.08 120
      vertex -89.0008 127.016 120
    endloop
  endfacet
  facet normal 0 0 -1
    outer loop
      vertex -89.0008 127.016 120
      vertex -89.0197 126.951 120
      vertex -89.5363 130 120
    endloop
  endfacet
  facet normal 0 0 -1
    outer loop
      vertex -89.0197 126.951 120
      vertex -89.0358 126.885 120
      vertex -89.5363 130 120
    endloop
  endfacet
  facet normal 0 0 -1
    outer loop
      vertex -89.5363 130 120
      vertex -89.0358 126.885 120
      vertex -89.049 126.819 120
    endloop
  endfacet
  facet normal 0 0 -1
    outer loop
      vertex -86.2153 125.717 120
      vertex -86.1802 125.775 120
      vertex -65.4863 130 120
    endloop
  endfacet
  facet normal 0 0 -1
    outer loop
      vertex -86.1802 125.775 120
      vertex -86.1477 125.834 120
      vertex -65.4863 130 120
    endloop
  endfacet
  facet normal 0 0 -1
    outer loop
      vertex -65.4863 130 120
      vertex -86.1477 125.834 120
      vertex -86.1178 125.895 120
    endloop
  endfacet
  facet normal 0 0 -1
    outer loop
      vertex -86.0443 126.084 120
      vertex -86.0254 126.149 120
      vertex -65.4863 130 120
    endloop
  endfacet
  facet normal 0 0 -1
    outer loop
      vertex -86.0254 126.149 120
      vertex -86.0093 126.215 120
      vertex -65.4863 130 120
    endloop
  endfacet
  facet normal 0 0 -1
    outer loop
      vertex -65.4863 130 120
      vertex -86.0093 126.215 120
      vertex -85.9961 126.281 120
    endloop
  endfacet
  facet normal 0 0 -1
    outer loop
      vertex -86.5262 127.737 120
      vertex -86.579 127.78 120
      vertex -65.4863 130 120
    endloop
  endfacet
  facet normal 0 0 -1
    outer loop
      vertex -86.579 127.78 120
      vertex -86.6335 127.82 120
      vertex -65.4863 130 120
    endloop
  endfacet
  facet normal 0 0 -1
    outer loop
      vertex -65.4863 130 120
      vertex -86.6335 127.82 120
      vertex -86.6897 127.857 120
    endloop
  endfacet
  facet normal 0 0 -1
    outer loop
      vertex -86.4754 125.407 120
      vertex -86.4265 125.454 120
      vertex -65.4863 130 120
    endloop
  endfacet
  facet normal 0 0 -1
    outer loop
      vertex -86.4265 125.454 120
      vertex -86.3798 125.503 120
      vertex -65.4863 130 120
    endloop
  endfacet
  facet normal 0 0 -1
    outer loop
      vertex -65.4863 130 120
      vertex -86.3798 125.503 120
      vertex -86.3352 125.554 120
    endloop
  endfacet
  facet normal 0 0 -1
    outer loop
      vertex -85.9961 126.281 120
      vertex -85.9858 126.348 120
      vertex -65.4863 130 120
    endloop
  endfacet
  facet normal 0 0 -1
    outer loop
      vertex -85.9858 126.348 120
      vertex -85.9785 126.415 120
      vertex -65.4863 130 120
    endloop
  endfacet
  facet normal 0 0 -1
    outer loop
      vertex -65.4863 130 120
      vertex -85.9785 126.415 120
      vertex -85.974 126.482 120
    endloop
  endfacet
  facet normal 0 0 -1
    outer loop
      vertex -88.3554 127.857 120
      vertex -88.4116 127.82 120
      vertex -89.5363 130 120
    endloop
  endfacet
  facet normal 0 0 -1
    outer loop
      vertex -88.4116 127.82 120
      vertex -88.4661 127.78 120
      vertex -89.5363 130 120
    endloop
  endfacet
  facet normal 0 0 -1
    outer loop
      vertex -89.5363 130 120
      vertex -88.4661 127.78 120
      vertex -88.5189 127.737 120
    endloop
  endfacet
  facet normal 0 0 -1
    outer loop
      vertex -88.5189 127.737 120
      vertex -88.5697 127.693 120
      vertex -89.5363 130 120
    endloop
  endfacet
  facet normal 0 0 -1
    outer loop
      vertex -88.5697 127.693 120
      vertex -88.6186 127.646 120
      vertex -89.5363 130 120
    endloop
  endfacet
  facet normal 0 0 -1
    outer loop
      vertex -89.5363 130 120
      vertex -88.6186 127.646 120
      vertex -88.6653 127.597 120
    endloop
  endfacet
  facet normal 0 0 -1
    outer loop
      vertex -89.049 126.819 120
      vertex -89.0593 126.752 120
      vertex -89.5363 130 120
    endloop
  endfacet
  facet normal 0 0 -1
    outer loop
      vertex -89.0593 126.752 120
      vertex -89.0667 126.685 120
      vertex -89.5363 130 120
    endloop
  endfacet
  facet normal 0 0 -1
    outer loop
      vertex -89.5363 130 120
      vertex -89.0667 126.685 120
      vertex -89.0711 126.618 120
    endloop
  endfacet
  facet normal 0 0 -1
    outer loop
      vertex -89.5363 -130 120
      vertex -90 -129.436 120
      vertex -89.5363 -129.436 120
    endloop
  endfacet
  facet normal 0 0 -1
    outer loop
      vertex -90 -129.436 120
      vertex -90 -124.286 120
      vertex -89.5363 -129.436 120
    endloop
  endfacet
  facet normal 0 0 -1
    outer loop
      vertex -89.5363 -129.436 120
      vertex -90 -124.286 120
      vertex -89.5363 -124.286 120
    endloop
  endfacet
  facet normal 0 0 -1
    outer loop
      vertex -90 -124.286 120
      vertex -90 -100 120
      vertex -89.5363 -124.286 120
    endloop
  endfacet
  facet normal 0 0 -1
    outer loop
      vertex -89.5363 -124.286 120
      vertex -90 -100 120
      vertex -89.5363 -100 120
    endloop
  endfacet
  facet normal 0 0 -1
    outer loop
      vertex -90 -100 120
      vertex -90 -62.1657 120
      vertex -89.5363 -100 120
    endloop
  endfacet
  facet normal 0 0 -1
    outer loop
      vertex -89.5363 -100 120
      vertex -90 -62.1657 120
      vertex -89.5363 -62.1657 120
    endloop
  endfacet
  facet normal 0 0 -1
    outer loop
      vertex -90 -62.1657 120
      vertex -90 53.9343 120
      vertex -89.5363 -62.1657 120
    endloop
  endfacet
  facet normal 0 0 -1
    outer loop
      vertex -89.5363 -62.1657 120
      vertex -90 53.9343 120
      vertex -89.5363 53.9343 120
    endloop
  endfacet
  facet normal 0 0 -1
    outer loop
      vertex -90 53.9343 120
      vertex -90 130 120
      vertex -89.5363 53.9343 120
    endloop
  endfacet
  facet normal 0 0 -1
    outer loop
      vertex -89.5363 53.9343 120
      vertex -90 130 120
      vertex -89.5363 130 120
    endloop
  endfacet
  facet normal 0 -1 0
    outer loop
      vertex 90 -130 120
      vertex 90 -130 125
      vertex 85.9384 -130 120
    endloop
  endfacet
  facet normal 0 -1 0
    outer loop
      vertex 90 -130 125
      vertex 85.9384 -130 125
      vertex 85.9384 -130 120
    endloop
  endfacet
  facet normal 0 -1 0
    outer loop
      vertex 85.9384 -130 120
      vertex 85.9384 -130 125
      vertex 65.3888 -130 120
    endloop
  endfacet
  facet normal 0 -1 0
    outer loop
      vertex 85.9384 -130 125
      vertex 65.3888 -130 125
      vertex 65.3888 -130 120
    endloop
  endfacet
  facet normal 0 -1 0
    outer loop
      vertex 65.3888 -130 120
      vertex 65.3888 -130 125
      vertex 33.9 -130 120
    endloop
  endfacet
  facet normal 0 -1 0
    outer loop
      vertex 65.3888 -130 125
      vertex 33.9 -130 125
      vertex 33.9 -130 120
    endloop
  endfacet
  facet normal 0 -1 0
    outer loop
      vertex 33.9 -130 120
      vertex 33.9 -130 125
      vertex -6.93889e-15 -130 120
    endloop
  endfacet
  facet normal 0 -1 0
    outer loop
      vertex 33.9 -130 125
      vertex 1.04083e-14 -130 125
      vertex -6.93889e-15 -130 120
    endloop
  endfacet
  facet normal 0 -1 0
    outer loop
      vertex -6.93889e-15 -130 120
      vertex 1.04083e-14 -130 125
      vertex -65.4863 -130 120
    endloop
  endfacet
  facet normal 0 -1 0
    outer loop
      vertex 1.04083e-14 -130 125
      vertex -65.4863 -130 125
      vertex -65.4863 -130 120
    endloop
  endfacet
  facet normal 0 -1 0
    outer loop
      vertex -65.4863 -130 120
      vertex -65.4863 -130 125
      vertex -89.5363 -130 120
    endloop
  endfacet
  facet normal 0 -1 0
    outer loop
      vertex -65.4863 -130 125
      vertex -89.5363 -130 125
      vertex -89.5363 -130 120
    endloop
  endfacet
  facet normal 0 -1 0
    outer loop
      vertex -89.5363 -130 120
      vertex -89.5363 -130 125
      vertex -90 -130 120
    endloop
  endfacet
  facet normal 0 -1 0
    outer loop
      vertex -89.5363 -130 125
      vertex -90 -130 125
      vertex -90 -130 120
    endloop
  endfacet
  facet normal 0 1 0
    outer loop
      vertex -90 130 120
      vertex -90 130 125
      vertex -89.5363 130 120
    endloop
  endfacet
  facet normal 0 1 0
    outer loop
      vertex -90 130 125
      vertex -89.5363 130 125
      vertex -89.5363 130 120
    endloop
  endfacet
  facet normal 0 1 0
    outer loop
      vertex -89.5363 130 120
      vertex -89.5363 130 125
      vertex -65.4863 130 120
    endloop
  endfacet
  facet normal 0 1 0
    outer loop
      vertex -89.5363 130 125
      vertex -65.4863 130 125
      vertex -65.4863 130 120
    endloop
  endfacet
  facet normal 0 1 0
    outer loop
      vertex -65.4863 130 120
      vertex -65.4863 130 125
      vertex -6.93889e-15 130 120
    endloop
  endfacet
  facet normal 0 1 0
    outer loop
      vertex -65.4863 130 125
      vertex 1.04083e-14 130 125
      vertex -6.93889e-15 130 120
    endloop
  endfacet
  facet normal 0 1 0
    outer loop
      vertex -6.93889e-15 130 120
      vertex 1.04083e-14 130 125
      vertex 33.9 130 120
    endloop
  endfacet
  facet normal 0 1 0
    outer loop
      vertex 1.04083e-14 130 125
      vertex 33.9 130 125
      vertex 33.9 130 120
    endloop
  endfacet
  facet normal 0 1 0
    outer loop
      vertex 33.9 130 120
      vertex 33.9 130 125
      vertex 65.3888 130 120
    endloop
  endfacet
  facet normal 0 1 0
    outer loop
      vertex 33.9 130 125
      vertex 65.3888 130 125
      vertex 65.3888 130 120
    endloop
  endfacet
  facet normal 0 1 0
    outer loop
      vertex 65.3888 130 120
      vertex 65.3888 130 125
      vertex 85.9384 130 120
    endloop
  endfacet
  facet normal 0 1 0
    outer loop
      vertex 65.3888 130 125
      vertex 85.9384 130 125
      vertex 85.9384 130 120
    endloop
  endfacet
  facet normal 0 1 0
    outer loop
      vertex 85.9384 130 120
      vertex 85.9384 130 125
      vertex 90 130 120
    endloop
  endfacet
  facet normal 0 1 0
    outer loop
      vertex 85.9384 130 125
      vertex 90 130 125
      vertex 90 130 120
    endloop
  endfacet
  facet normal -0.999762 -0.0218154 0
    outer loop
      vertex 89.1991 -127.322 120
      vertex 89.1991 -127.322 125
      vertex 89.1977 -127.254 120
    endloop
  endfacet
  facet normal -0.999762 -0.0218154 0
    outer loop
      vertex 89.1991 -127.322 125
      vertex 89.1977 -127.254 125
      vertex 89.1977 -127.254 120
    endloop
  endfacet
  facet normal -0.997864 -0.0653271 0
    outer loop
      vertex 89.1977 -127.254 120
      vertex 89.1977 -127.254 125
      vertex 89.1932 -127.187 120
    endloop
  endfacet
  facet normal -0.997864 -0.0653271 0
    outer loop
      vertex 89.1977 -127.254 125
      vertex 89.1932 -127.187 125
      vertex 89.1932 -127.187 120
    endloop
  endfacet
  facet normal -0.994057 -0.108859 0
    outer loop
      vertex 89.1932 -127.187 120
      vertex 89.1932 -127.187 125
      vertex 89.1859 -127.12 120
    endloop
  endfacet
  facet normal -0.994057 -0.108859 0
    outer loop
      vertex 89.1932 -127.187 125
      vertex 89.1859 -127.12 125
      vertex 89.1859 -127.12 120
    endloop
  endfacet
  facet normal -0.98836 -0.152132 0
    outer loop
      vertex 89.1859 -127.12 120
      vertex 89.1859 -127.12 125
      vertex 89.1756 -127.053 120
    endloop
  endfacet
  facet normal -0.98836 -0.152132 0
    outer loop
      vertex 89.1859 -127.12 125
      vertex 89.1756 -127.053 125
      vertex 89.1756 -127.053 120
    endloop
  endfacet
  facet normal -0.980779 -0.19512 0
    outer loop
      vertex 89.1756 -127.053 120
      vertex 89.1756 -127.053 125
      vertex 89.1624 -126.986 120
    endloop
  endfacet
  facet normal -0.980779 -0.19512 0
    outer loop
      vertex 89.1756 -127.053 125
      vertex 89.1624 -126.986 125
      vertex 89.1624 -126.986 120
    endloop
  endfacet
  facet normal -0.971349 -0.237659 0
    outer loop
      vertex 89.1624 -126.986 120
      vertex 89.1624 -126.986 125
      vertex 89.1463 -126.921 120
    endloop
  endfacet
  facet normal -0.971349 -0.237659 0
    outer loop
      vertex 89.1624 -126.986 125
      vertex 89.1463 -126.921 125
      vertex 89.1463 -126.921 120
    endloop
  endfacet
  facet normal -0.960047 -0.279839 0
    outer loop
      vertex 89.1463 -126.921 120
      vertex 89.1463 -126.921 125
      vertex 89.1274 -126.856 120
    endloop
  endfacet
  facet normal -0.960047 -0.279839 0
    outer loop
      vertex 89.1463 -126.921 125
      vertex 89.1274 -126.856 125
      vertex 89.1274 -126.856 120
    endloop
  endfacet
  facet normal -0.946928 -0.321445 0
    outer loop
      vertex 89.1274 -126.856 120
      vertex 89.1274 -126.856 125
      vertex 89.1057 -126.792 120
    endloop
  endfacet
  facet normal -0.946928 -0.321445 0
    outer loop
      vertex 89.1274 -126.856 125
      vertex 89.1057 -126.792 125
      vertex 89.1057 -126.792 120
    endloop
  endfacet
  facet normal -0.931976 -0.362521 0
    outer loop
      vertex 89.1057 -126.792 120
      vertex 89.1057 -126.792 125
      vertex 89.0811 -126.729 120
    endloop
  endfacet
  facet normal -0.931976 -0.362521 0
    outer loop
      vertex 89.1057 -126.792 125
      vertex 89.0811 -126.729 125
      vertex 89.0811 -126.729 120
    endloop
  endfacet
  facet normal -0.915336 -0.402691 0
    outer loop
      vertex 89.0811 -126.729 120
      vertex 89.0811 -126.729 125
      vertex 89.0539 -126.667 120
    endloop
  endfacet
  facet normal -0.915336 -0.402691 0
    outer loop
      vertex 89.0811 -126.729 125
      vertex 89.0539 -126.667 125
      vertex 89.0539 -126.667 120
    endloop
  endfacet
  facet normal -0.896881 -0.442272 0
    outer loop
      vertex 89.0539 -126.667 120
      vertex 89.0539 -126.667 125
      vertex 89.024 -126.606 120
    endloop
  endfacet
  facet normal -0.896881 -0.442272 0
    outer loop
      vertex 89.0539 -126.667 125
      vertex 89.024 -126.606 125
      vertex 89.024 -126.606 120
    endloop
  endfacet
  facet normal -0.876769 -0.480912 0
    outer loop
      vertex 89.024 -126.606 120
      vertex 89.024 -126.606 125
      vertex 88.9915 -126.547 120
    endloop
  endfacet
  facet normal -0.876769 -0.480912 0
    outer loop
      vertex 89.024 -126.606 125
      vertex 88.9915 -126.547 125
      vertex 88.9915 -126.547 120
    endloop
  endfacet
  facet normal -0.854847 -0.51888 0
    outer loop
      vertex 88.9915 -126.547 120
      vertex 88.9915 -126.547 125
      vertex 88.9564 -126.489 120
    endloop
  endfacet
  facet normal -0.854847 -0.51888 0
    outer loop
      vertex 88.9915 -126.547 125
      vertex 88.9564 -126.489 125
      vertex 88.9564 -126.489 120
    endloop
  endfacet
  facet normal -0.831491 -0.555539 0
    outer loop
      vertex 88.9564 -126.489 120
      vertex 88.9564 -126.489 125
      vertex 88.9188 -126.433 120
    endloop
  endfacet
  facet normal -0.831491 -0.555539 0
    outer loop
      vertex 88.9564 -126.489 125
      vertex 88.9188 -126.433 125
      vertex 88.9188 -126.433 120
    endloop
  endfacet
  facet normal -0.806458 -0.591292 0
    outer loop
      vertex 88.9188 -126.433 120
      vertex 88.9188 -126.433 125
      vertex 88.8788 -126.378 120
    endloop
  endfacet
  facet normal -0.806458 -0.591292 0
    outer loop
      vertex 88.9188 -126.433 125
      vertex 88.8788 -126.378 125
      vertex 88.8788 -126.378 120
    endloop
  endfacet
  facet normal -0.779868 -0.625944 0
    outer loop
      vertex 88.8788 -126.378 120
      vertex 88.8788 -126.378 125
      vertex 88.8365 -126.326 120
    endloop
  endfacet
  facet normal -0.779868 -0.625944 0
    outer loop
      vertex 88.8788 -126.378 125
      vertex 88.8365 -126.326 125
      vertex 88.8365 -126.326 120
    endloop
  endfacet
  facet normal -0.751812 -0.659378 0
    outer loop
      vertex 88.8365 -126.326 120
      vertex 88.8365 -126.326 125
      vertex 88.7919 -126.275 120
    endloop
  endfacet
  facet normal -0.751812 -0.659378 0
    outer loop
      vertex 88.8365 -126.326 125
      vertex 88.7919 -126.275 125
      vertex 88.7919 -126.275 120
    endloop
  endfacet
  facet normal -0.72247 -0.691403 0
    outer loop
      vertex 88.7919 -126.275 120
      vertex 88.7919 -126.275 125
      vertex 88.7451 -126.226 120
    endloop
  endfacet
  facet normal -0.72247 -0.691403 0
    outer loop
      vertex 88.7919 -126.275 125
      vertex 88.7451 -126.226 125
      vertex 88.7451 -126.226 120
    endloop
  endfacet
  facet normal -0.691458 -0.722417 0
    outer loop
      vertex 88.7451 -126.226 120
      vertex 88.7451 -126.226 125
      vertex 88.6963 -126.179 120
    endloop
  endfacet
  facet normal -0.691458 -0.722417 0
    outer loop
      vertex 88.7451 -126.226 125
      vertex 88.6963 -126.179 125
      vertex 88.6963 -126.179 120
    endloop
  endfacet
  facet normal -0.659315 -0.751866 0
    outer loop
      vertex 88.6963 -126.179 120
      vertex 88.6963 -126.179 125
      vertex 88.6455 -126.134 120
    endloop
  endfacet
  facet normal -0.659315 -0.751866 0
    outer loop
      vertex 88.6963 -126.179 125
      vertex 88.6455 -126.134 125
      vertex 88.6455 -126.134 120
    endloop
  endfacet
  facet normal -0.625957 -0.779857 0
    outer loop
      vertex 88.6455 -126.134 120
      vertex 88.6455 -126.134 125
      vertex 88.5927 -126.092 120
    endloop
  endfacet
  facet normal -0.625957 -0.779857 0
    outer loop
      vertex 88.6455 -126.134 125
      vertex 88.5927 -126.092 125
      vertex 88.5927 -126.092 120
    endloop
  endfacet
  facet normal -0.59122 -0.80651 0
    outer loop
      vertex 88.5927 -126.092 120
      vertex 88.5927 -126.092 125
      vertex 88.5382 -126.052 120
    endloop
  endfacet
  facet normal -0.59122 -0.80651 0
    outer loop
      vertex 88.5927 -126.092 125
      vertex 88.5382 -126.052 125
      vertex 88.5382 -126.052 120
    endloop
  endfacet
  facet normal -0.555666 -0.831406 0
    outer loop
      vertex 88.5382 -126.052 120
      vertex 88.5382 -126.052 125
      vertex 88.4819 -126.015 120
    endloop
  endfacet
  facet normal -0.555666 -0.831406 0
    outer loop
      vertex 88.5382 -126.052 125
      vertex 88.4819 -126.015 125
      vertex 88.4819 -126.015 120
    endloop
  endfacet
  facet normal -0.518751 -0.854925 0
    outer loop
      vertex 88.4819 -126.015 120
      vertex 88.4819 -126.015 125
      vertex 88.4241 -125.98 120
    endloop
  endfacet
  facet normal -0.518751 -0.854925 0
    outer loop
      vertex 88.4819 -126.015 125
      vertex 88.4241 -125.98 125
      vertex 88.4241 -125.98 120
    endloop
  endfacet
  facet normal -0.480997 -0.876722 0
    outer loop
      vertex 88.4241 -125.98 120
      vertex 88.4241 -125.98 125
      vertex 88.3648 -125.947 120
    endloop
  endfacet
  facet normal -0.480997 -0.876722 0
    outer loop
      vertex 88.4241 -125.98 125
      vertex 88.3648 -125.947 125
      vertex 88.3648 -125.947 120
    endloop
  endfacet
  facet normal -0.442227 -0.896903 0
    outer loop
      vertex 88.3648 -125.947 120
      vertex 88.3648 -125.947 125
      vertex 88.3042 -125.917 120
    endloop
  endfacet
  facet normal -0.442227 -0.896903 0
    outer loop
      vertex 88.3648 -125.947 125
      vertex 88.3042 -125.917 125
      vertex 88.3042 -125.917 120
    endloop
  endfacet
  facet normal -0.402783 -0.915296 0
    outer loop
      vertex 88.3042 -125.917 120
      vertex 88.3042 -125.917 125
      vertex 88.2423 -125.89 120
    endloop
  endfacet
  facet normal -0.402783 -0.915296 0
    outer loop
      vertex 88.3042 -125.917 125
      vertex 88.2423 -125.89 125
      vertex 88.2423 -125.89 120
    endloop
  endfacet
  facet normal -0.362483 -0.93199 0
    outer loop
      vertex 88.2423 -125.89 120
      vertex 88.2423 -125.89 125
      vertex 88.1793 -125.865 120
    endloop
  endfacet
  facet normal -0.362483 -0.93199 0
    outer loop
      vertex 88.2423 -125.89 125
      vertex 88.1793 -125.865 125
      vertex 88.1793 -125.865 120
    endloop
  endfacet
  facet normal -0.321478 -0.946917 0
    outer loop
      vertex 88.1793 -125.865 120
      vertex 88.1793 -125.865 125
      vertex 88.1152 -125.844 120
    endloop
  endfacet
  facet normal -0.321478 -0.946917 0
    outer loop
      vertex 88.1793 -125.865 125
      vertex 88.1152 -125.844 125
      vertex 88.1152 -125.844 120
    endloop
  endfacet
  facet normal -0.279839 -0.960047 0
    outer loop
      vertex 88.1152 -125.844 120
      vertex 88.1152 -125.844 125
      vertex 88.0503 -125.825 120
    endloop
  endfacet
  facet normal -0.279839 -0.960047 0
    outer loop
      vertex 88.1152 -125.844 125
      vertex 88.0503 -125.825 125
      vertex 88.0503 -125.825 120
    endloop
  endfacet
  facet normal -0.237529 -0.97138 0
    outer loop
      vertex 88.0503 -125.825 120
      vertex 88.0503 -125.825 125
      vertex 87.9846 -125.809 120
    endloop
  endfacet
  facet normal -0.237529 -0.97138 0
    outer loop
      vertex 88.0503 -125.825 125
      vertex 87.9846 -125.809 125
      vertex 87.9846 -125.809 120
    endloop
  endfacet
  facet normal -0.195226 -0.980758 0
    outer loop
      vertex 87.9846 -125.809 120
      vertex 87.9846 -125.809 125
      vertex 87.9183 -125.795 120
    endloop
  endfacet
  facet normal -0.195226 -0.980758 0
    outer loop
      vertex 87.9846 -125.809 125
      vertex 87.9183 -125.795 125
      vertex 87.9183 -125.795 120
    endloop
  endfacet
  facet normal -0.152041 -0.988374 0
    outer loop
      vertex 87.9183 -125.795 120
      vertex 87.9183 -125.795 125
      vertex 87.8514 -125.785 120
    endloop
  endfacet
  facet normal -0.152041 -0.988374 0
    outer loop
      vertex 87.9183 -125.795 125
      vertex 87.8514 -125.785 125
      vertex 87.8514 -125.785 120
    endloop
  endfacet
  facet normal -0.108859 -0.994057 0
    outer loop
      vertex 87.8514 -125.785 120
      vertex 87.8514 -125.785 125
      vertex 87.7842 -125.778 120
    endloop
  endfacet
  facet normal -0.108859 -0.994057 0
    outer loop
      vertex 87.8514 -125.785 125
      vertex 87.7842 -125.778 125
      vertex 87.7842 -125.778 120
    endloop
  endfacet
  facet normal -0.0654368 -0.997857 0
    outer loop
      vertex 87.7842 -125.778 120
      vertex 87.7842 -125.778 125
      vertex 87.7167 -125.773 120
    endloop
  endfacet
  facet normal -0.0654368 -0.997857 0
    outer loop
      vertex 87.7842 -125.778 125
      vertex 87.7167 -125.773 125
      vertex 87.7167 -125.773 120
    endloop
  endfacet
  facet normal -0.0218154 -0.999762 0
    outer loop
      vertex 87.7167 -125.773 120
      vertex 87.7167 -125.773 125
      vertex 87.6491 -125.772 120
    endloop
  endfacet
  facet normal -0.0218154 -0.999762 0
    outer loop
      vertex 87.7167 -125.773 125
      vertex 87.6491 -125.772 125
      vertex 87.6491 -125.772 120
    endloop
  endfacet
  facet normal 0.021813 -0.999762 0
    outer loop
      vertex 87.6491 -125.772 120
      vertex 87.6491 -125.772 125
      vertex 87.5815 -125.773 120
    endloop
  endfacet
  facet normal 0.021813 -0.999762 0
    outer loop
      vertex 87.6491 -125.772 125
      vertex 87.5815 -125.773 125
      vertex 87.5815 -125.773 120
    endloop
  endfacet
  facet normal 0.065444 -0.997856 0
    outer loop
      vertex 87.5815 -125.773 120
      vertex 87.5815 -125.773 125
      vertex 87.514 -125.778 120
    endloop
  endfacet
  facet normal 0.065444 -0.997856 0
    outer loop
      vertex 87.5815 -125.773 125
      vertex 87.514 -125.778 125
      vertex 87.514 -125.778 120
    endloop
  endfacet
  facet normal 0.108859 -0.994057 0
    outer loop
      vertex 87.514 -125.778 120
      vertex 87.514 -125.778 125
      vertex 87.4468 -125.785 120
    endloop
  endfacet
  facet normal 0.108859 -0.994057 0
    outer loop
      vertex 87.514 -125.778 125
      vertex 87.4468 -125.785 125
      vertex 87.4468 -125.785 120
    endloop
  endfacet
  facet normal 0.152041 -0.988374 0
    outer loop
      vertex 87.4468 -125.785 120
      vertex 87.4468 -125.785 125
      vertex 87.38 -125.795 120
    endloop
  endfacet
  facet normal 0.152041 -0.988374 0
    outer loop
      vertex 87.4468 -125.785 125
      vertex 87.38 -125.795 125
      vertex 87.38 -125.795 120
    endloop
  endfacet
  facet normal 0.195205 -0.980762 0
    outer loop
      vertex 87.38 -125.795 120
      vertex 87.38 -125.795 125
      vertex 87.3136 -125.809 120
    endloop
  endfacet
  facet normal 0.195205 -0.980762 0
    outer loop
      vertex 87.38 -125.795 125
      vertex 87.3136 -125.809 125
      vertex 87.3136 -125.809 120
    endloop
  endfacet
  facet normal 0.237555 -0.971374 0
    outer loop
      vertex 87.3136 -125.809 120
      vertex 87.3136 -125.809 125
      vertex 87.248 -125.825 120
    endloop
  endfacet
  facet normal 0.237555 -0.971374 0
    outer loop
      vertex 87.3136 -125.809 125
      vertex 87.248 -125.825 125
      vertex 87.248 -125.825 120
    endloop
  endfacet
  facet normal 0.279839 -0.960047 0
    outer loop
      vertex 87.248 -125.825 120
      vertex 87.248 -125.825 125
      vertex 87.183 -125.844 120
    endloop
  endfacet
  facet normal 0.279839 -0.960047 0
    outer loop
      vertex 87.248 -125.825 125
      vertex 87.183 -125.844 125
      vertex 87.183 -125.844 120
    endloop
  endfacet
  facet normal 0.321478 -0.946917 0
    outer loop
      vertex 87.183 -125.844 120
      vertex 87.183 -125.844 125
      vertex 87.119 -125.865 120
    endloop
  endfacet
  facet normal 0.321478 -0.946917 0
    outer loop
      vertex 87.183 -125.844 125
      vertex 87.119 -125.865 125
      vertex 87.119 -125.865 120
    endloop
  endfacet
  facet normal 0.362446 -0.932005 0
    outer loop
      vertex 87.119 -125.865 120
      vertex 87.119 -125.865 125
      vertex 87.056 -125.89 120
    endloop
  endfacet
  facet normal 0.362446 -0.932005 0
    outer loop
      vertex 87.119 -125.865 125
      vertex 87.056 -125.89 125
      vertex 87.056 -125.89 120
    endloop
  endfacet
  facet normal 0.402783 -0.915296 0
    outer loop
      vertex 87.056 -125.89 120
      vertex 87.056 -125.89 125
      vertex 86.9941 -125.917 120
    endloop
  endfacet
  facet normal 0.402783 -0.915296 0
    outer loop
      vertex 87.056 -125.89 125
      vertex 86.9941 -125.917 125
      vertex 86.9941 -125.917 120
    endloop
  endfacet
  facet normal 0.442271 -0.896882 0
    outer loop
      vertex 86.9941 -125.917 120
      vertex 86.9941 -125.917 125
      vertex 86.9334 -125.947 120
    endloop
  endfacet
  facet normal 0.442271 -0.896882 0
    outer loop
      vertex 86.9941 -125.917 125
      vertex 86.9334 -125.947 125
      vertex 86.9334 -125.947 120
    endloop
  endfacet
  facet normal 0.480997 -0.876722 0
    outer loop
      vertex 86.9334 -125.947 120
      vertex 86.9334 -125.947 125
      vertex 86.8741 -125.98 120
    endloop
  endfacet
  facet normal 0.480997 -0.876722 0
    outer loop
      vertex 86.9334 -125.947 125
      vertex 86.8741 -125.98 125
      vertex 86.8741 -125.98 120
    endloop
  endfacet
  facet normal 0.518702 -0.854955 0
    outer loop
      vertex 86.8741 -125.98 120
      vertex 86.8741 -125.98 125
      vertex 86.8163 -126.015 120
    endloop
  endfacet
  facet normal 0.518702 -0.854955 0
    outer loop
      vertex 86.8741 -125.98 125
      vertex 86.8163 -126.015 125
      vertex 86.8163 -126.015 120
    endloop
  endfacet
  facet normal 0.555666 -0.831406 0
    outer loop
      vertex 86.8163 -126.015 120
      vertex 86.8163 -126.015 125
      vertex 86.7601 -126.052 120
    endloop
  endfacet
  facet normal 0.555666 -0.831406 0
    outer loop
      vertex 86.8163 -126.015 125
      vertex 86.7601 -126.052 125
      vertex 86.7601 -126.052 120
    endloop
  endfacet
  facet normal 0.591273 -0.806472 0
    outer loop
      vertex 86.7601 -126.052 120
      vertex 86.7601 -126.052 125
      vertex 86.7056 -126.092 120
    endloop
  endfacet
  facet normal 0.591273 -0.806472 0
    outer loop
      vertex 86.7601 -126.052 125
      vertex 86.7056 -126.092 125
      vertex 86.7056 -126.092 120
    endloop
  endfacet
  facet normal 0.625957 -0.779857 0
    outer loop
      vertex 86.7056 -126.092 120
      vertex 86.7056 -126.092 125
      vertex 86.6528 -126.134 120
    endloop
  endfacet
  facet normal 0.625957 -0.779857 0
    outer loop
      vertex 86.7056 -126.092 125
      vertex 86.6528 -126.134 125
      vertex 86.6528 -126.134 120
    endloop
  endfacet
  facet normal 0.659315 -0.751866 0
    outer loop
      vertex 86.6528 -126.134 120
      vertex 86.6528 -126.134 125
      vertex 86.602 -126.179 120
    endloop
  endfacet
  facet normal 0.659315 -0.751866 0
    outer loop
      vertex 86.6528 -126.134 125
      vertex 86.602 -126.179 125
      vertex 86.602 -126.179 120
    endloop
  endfacet
  facet normal 0.691458 -0.722417 0
    outer loop
      vertex 86.602 -126.179 120
      vertex 86.602 -126.179 125
      vertex 86.5531 -126.226 120
    endloop
  endfacet
  facet normal 0.691458 -0.722417 0
    outer loop
      vertex 86.602 -126.179 125
      vertex 86.5531 -126.226 125
      vertex 86.5531 -126.226 120
    endloop
  endfacet
  facet normal 0.72247 -0.691403 0
    outer loop
      vertex 86.5531 -126.226 120
      vertex 86.5531 -126.226 125
      vertex 86.5064 -126.275 120
    endloop
  endfacet
  facet normal 0.72247 -0.691403 0
    outer loop
      vertex 86.5531 -126.226 125
      vertex 86.5064 -126.275 125
      vertex 86.5064 -126.275 120
    endloop
  endfacet
  facet normal 0.751812 -0.659378 0
    outer loop
      vertex 86.5064 -126.275 120
      vertex 86.5064 -126.275 125
      vertex 86.4618 -126.326 120
    endloop
  endfacet
  facet normal 0.751812 -0.659378 0
    outer loop
      vertex 86.5064 -126.275 125
      vertex 86.4618 -126.326 125
      vertex 86.4618 -126.326 120
    endloop
  endfacet
  facet normal 0.779868 -0.625944 0
    outer loop
      vertex 86.4618 -126.326 120
      vertex 86.4618 -126.326 125
      vertex 86.4194 -126.378 120
    endloop
  endfacet
  facet normal 0.779868 -0.625944 0
    outer loop
      vertex 86.4618 -126.326 125
      vertex 86.4194 -126.378 125
      vertex 86.4194 -126.378 120
    endloop
  endfacet
  facet normal 0.806458 -0.591292 0
    outer loop
      vertex 86.4194 -126.378 120
      vertex 86.4194 -126.378 125
      vertex 86.3794 -126.433 120
    endloop
  endfacet
  facet normal 0.806458 -0.591292 0
    outer loop
      vertex 86.4194 -126.378 125
      vertex 86.3794 -126.433 125
      vertex 86.3794 -126.433 120
    endloop
  endfacet
  facet normal 0.831491 -0.555539 0
    outer loop
      vertex 86.3794 -126.433 120
      vertex 86.3794 -126.433 125
      vertex 86.3419 -126.489 120
    endloop
  endfacet
  facet normal 0.831491 -0.555539 0
    outer loop
      vertex 86.3794 -126.433 125
      vertex 86.3419 -126.489 125
      vertex 86.3419 -126.489 120
    endloop
  endfacet
  facet normal 0.854847 -0.51888 0
    outer loop
      vertex 86.3419 -126.489 120
      vertex 86.3419 -126.489 125
      vertex 86.3068 -126.547 120
    endloop
  endfacet
  facet normal 0.854847 -0.51888 0
    outer loop
      vertex 86.3419 -126.489 125
      vertex 86.3068 -126.547 125
      vertex 86.3068 -126.547 120
    endloop
  endfacet
  facet normal 0.876722 -0.480997 0
    outer loop
      vertex 86.3068 -126.547 120
      vertex 86.3068 -126.547 125
      vertex 86.2743 -126.606 120
    endloop
  endfacet
  facet normal 0.876722 -0.480997 0
    outer loop
      vertex 86.3068 -126.547 125
      vertex 86.2743 -126.606 125
      vertex 86.2743 -126.606 120
    endloop
  endfacet
  facet normal 0.896925 -0.442183 0
    outer loop
      vertex 86.2743 -126.606 120
      vertex 86.2743 -126.606 125
      vertex 86.2444 -126.667 120
    endloop
  endfacet
  facet normal 0.896925 -0.442183 0
    outer loop
      vertex 86.2743 -126.606 125
      vertex 86.2444 -126.667 125
      vertex 86.2444 -126.667 120
    endloop
  endfacet
  facet normal 0.915296 -0.402783 0
    outer loop
      vertex 86.2444 -126.667 120
      vertex 86.2444 -126.667 125
      vertex 86.2171 -126.729 120
    endloop
  endfacet
  facet normal 0.915296 -0.402783 0
    outer loop
      vertex 86.2444 -126.667 125
      vertex 86.2171 -126.729 125
      vertex 86.2171 -126.729 120
    endloop
  endfacet
  facet normal 0.932013 -0.362425 0
    outer loop
      vertex 86.2171 -126.729 120
      vertex 86.2171 -126.729 125
      vertex 86.1926 -126.792 120
    endloop
  endfacet
  facet normal 0.932013 -0.362425 0
    outer loop
      vertex 86.2171 -126.729 125
      vertex 86.1926 -126.792 125
      vertex 86.1926 -126.792 120
    endloop
  endfacet
  facet normal 0.946928 -0.321445 0
    outer loop
      vertex 86.1926 -126.792 120
      vertex 86.1926 -126.792 125
      vertex 86.1709 -126.856 120
    endloop
  endfacet
  facet normal 0.946928 -0.321445 0
    outer loop
      vertex 86.1926 -126.792 125
      vertex 86.1709 -126.856 125
      vertex 86.1709 -126.856 120
    endloop
  endfacet
  facet normal 0.960047 -0.279839 0
    outer loop
      vertex 86.1709 -126.856 120
      vertex 86.1709 -126.856 125
      vertex 86.1519 -126.921 120
    endloop
  endfacet
  facet normal 0.960047 -0.279839 0
    outer loop
      vertex 86.1709 -126.856 125
      vertex 86.1519 -126.921 125
      vertex 86.1519 -126.921 120
    endloop
  endfacet
  facet normal 0.971349 -0.237659 0
    outer loop
      vertex 86.1519 -126.921 120
      vertex 86.1519 -126.921 125
      vertex 86.1359 -126.986 120
    endloop
  endfacet
  facet normal 0.971349 -0.237659 0
    outer loop
      vertex 86.1519 -126.921 125
      vertex 86.1359 -126.986 125
      vertex 86.1359 -126.986 120
    endloop
  endfacet
  facet normal 0.980779 -0.19512 0
    outer loop
      vertex 86.1359 -126.986 120
      vertex 86.1359 -126.986 125
      vertex 86.1227 -127.053 120
    endloop
  endfacet
  facet normal 0.980779 -0.19512 0
    outer loop
      vertex 86.1359 -126.986 125
      vertex 86.1227 -127.053 125
      vertex 86.1227 -127.053 120
    endloop
  endfacet
  facet normal 0.98836 -0.152132 0
    outer loop
      vertex 86.1227 -127.053 120
      vertex 86.1227 -127.053 125
      vertex 86.1124 -127.12 120
    endloop
  endfacet
  facet normal 0.98836 -0.152132 0
    outer loop
      vertex 86.1227 -127.053 125
      vertex 86.1124 -127.12 125
      vertex 86.1124 -127.12 120
    endloop
  endfacet
  facet normal 0.994057 -0.108859 0
    outer loop
      vertex 86.1124 -127.12 120
      vertex 86.1124 -127.12 125
      vertex 86.105 -127.187 120
    endloop
  endfacet
  facet normal 0.994057 -0.108859 0
    outer loop
      vertex 86.1124 -127.12 125
      vertex 86.105 -127.187 125
      vertex 86.105 -127.187 120
    endloop
  endfacet
  facet normal 0.997857 -0.0654368 0
    outer loop
      vertex 86.105 -127.187 120
      vertex 86.105 -127.187 125
      vertex 86.1006 -127.254 120
    endloop
  endfacet
  facet normal 0.997857 -0.0654368 0
    outer loop
      vertex 86.105 -127.187 125
      vertex 86.1006 -127.254 125
      vertex 86.1006 -127.254 120
    endloop
  endfacet
  facet normal 0.999762 -0.0218154 0
    outer loop
      vertex 86.1006 -127.254 120
      vertex 86.1006 -127.254 125
      vertex 86.0991 -127.322 120
    endloop
  endfacet
  facet normal 0.999762 -0.0218154 0
    outer loop
      vertex 86.1006 -127.254 125
      vertex 86.0991 -127.322 125
      vertex 86.0991 -127.322 120
    endloop
  endfacet
  facet normal 0.999762 0.0218154 0
    outer loop
      vertex 86.0991 -127.322 120
      vertex 86.0991 -127.322 125
      vertex 86.1006 -127.389 120
    endloop
  endfacet
  facet normal 0.999762 0.0218154 0
    outer loop
      vertex 86.0991 -127.322 125
      vertex 86.1006 -127.389 125
      vertex 86.1006 -127.389 120
    endloop
  endfacet
  facet normal 0.997857 0.0654368 0
    outer loop
      vertex 86.1006 -127.389 120
      vertex 86.1006 -127.389 125
      vertex 86.105 -127.457 120
    endloop
  endfacet
  facet normal 0.997857 0.0654368 0
    outer loop
      vertex 86.1006 -127.389 125
      vertex 86.105 -127.457 125
      vertex 86.105 -127.457 120
    endloop
  endfacet
  facet normal 0.994057 0.108859 0
    outer loop
      vertex 86.105 -127.457 120
      vertex 86.105 -127.457 125
      vertex 86.1124 -127.524 120
    endloop
  endfacet
  facet normal 0.994057 0.108859 0
    outer loop
      vertex 86.105 -127.457 125
      vertex 86.1124 -127.524 125
      vertex 86.1124 -127.524 120
    endloop
  endfacet
  facet normal 0.988355 0.152165 0
    outer loop
      vertex 86.1124 -127.524 120
      vertex 86.1124 -127.524 125
      vertex 86.1227 -127.591 120
    endloop
  endfacet
  facet normal 0.988355 0.152165 0
    outer loop
      vertex 86.1124 -127.524 125
      vertex 86.1227 -127.591 125
      vertex 86.1227 -127.591 120
    endloop
  endfacet
  facet normal 0.980788 0.195078 0
    outer loop
      vertex 86.1227 -127.591 120
      vertex 86.1227 -127.591 125
      vertex 86.1359 -127.657 120
    endloop
  endfacet
  facet normal 0.980788 0.195078 0
    outer loop
      vertex 86.1227 -127.591 125
      vertex 86.1359 -127.657 125
      vertex 86.1359 -127.657 120
    endloop
  endfacet
  facet normal 0.971349 0.237659 0
    outer loop
      vertex 86.1359 -127.657 120
      vertex 86.1359 -127.657 125
      vertex 86.1519 -127.723 120
    endloop
  endfacet
  facet normal 0.971349 0.237659 0
    outer loop
      vertex 86.1359 -127.657 125
      vertex 86.1519 -127.723 125
      vertex 86.1519 -127.723 120
    endloop
  endfacet
  facet normal 0.960047 0.279839 0
    outer loop
      vertex 86.1519 -127.723 120
      vertex 86.1519 -127.723 125
      vertex 86.1709 -127.788 120
    endloop
  endfacet
  facet normal 0.960047 0.279839 0
    outer loop
      vertex 86.1519 -127.723 125
      vertex 86.1709 -127.788 125
      vertex 86.1709 -127.788 120
    endloop
  endfacet
  facet normal 0.946906 0.321512 0
    outer loop
      vertex 86.1709 -127.788 120
      vertex 86.1709 -127.788 125
      vertex 86.1926 -127.852 120
    endloop
  endfacet
  facet normal 0.946906 0.321512 0
    outer loop
      vertex 86.1709 -127.788 125
      vertex 86.1926 -127.852 125
      vertex 86.1926 -127.852 120
    endloop
  endfacet
  facet normal 0.932042 0.362351 0
    outer loop
      vertex 86.1926 -127.852 120
      vertex 86.1926 -127.852 125
      vertex 86.2171 -127.915 120
    endloop
  endfacet
  facet normal 0.932042 0.362351 0
    outer loop
      vertex 86.1926 -127.852 125
      vertex 86.2171 -127.915 125
      vertex 86.2171 -127.915 120
    endloop
  endfacet
  facet normal 0.915296 0.402783 0
    outer loop
      vertex 86.2171 -127.915 120
      vertex 86.2171 -127.915 125
      vertex 86.2444 -127.977 120
    endloop
  endfacet
  facet normal 0.915296 0.402783 0
    outer loop
      vertex 86.2171 -127.915 125
      vertex 86.2444 -127.977 125
      vertex 86.2444 -127.977 120
    endloop
  endfacet
  facet normal 0.896882 0.442271 0
    outer loop
      vertex 86.2444 -127.977 120
      vertex 86.2444 -127.977 125
      vertex 86.2743 -128.038 120
    endloop
  endfacet
  facet normal 0.896882 0.442271 0
    outer loop
      vertex 86.2444 -127.977 125
      vertex 86.2743 -128.038 125
      vertex 86.2743 -128.038 120
    endloop
  endfacet
  facet normal 0.876722 0.480997 0
    outer loop
      vertex 86.2743 -128.038 120
      vertex 86.2743 -128.038 125
      vertex 86.3068 -128.097 120
    endloop
  endfacet
  facet normal 0.876722 0.480997 0
    outer loop
      vertex 86.2743 -128.038 125
      vertex 86.3068 -128.097 125
      vertex 86.3068 -128.097 120
    endloop
  endfacet
  facet normal 0.854906 0.518783 0
    outer loop
      vertex 86.3068 -128.097 120
      vertex 86.3068 -128.097 125
      vertex 86.3419 -128.155 120
    endloop
  endfacet
  facet normal 0.854906 0.518783 0
    outer loop
      vertex 86.3068 -128.097 125
      vertex 86.3419 -128.155 125
      vertex 86.3419 -128.155 120
    endloop
  endfacet
  facet normal 0.831423 0.555641 0
    outer loop
      vertex 86.3419 -128.155 120
      vertex 86.3419 -128.155 125
      vertex 86.3794 -128.211 120
    endloop
  endfacet
  facet normal 0.831423 0.555641 0
    outer loop
      vertex 86.3419 -128.155 125
      vertex 86.3794 -128.211 125
      vertex 86.3794 -128.211 120
    endloop
  endfacet
  facet normal 0.806458 0.591292 0
    outer loop
      vertex 86.3794 -128.211 120
      vertex 86.3794 -128.211 125
      vertex 86.4194 -128.265 120
    endloop
  endfacet
  facet normal 0.806458 0.591292 0
    outer loop
      vertex 86.3794 -128.211 125
      vertex 86.4194 -128.265 125
      vertex 86.4194 -128.265 120
    endloop
  endfacet
  facet normal 0.779954 0.625836 0
    outer loop
      vertex 86.4194 -128.265 120
      vertex 86.4194 -128.265 125
      vertex 86.4618 -128.318 120
    endloop
  endfacet
  facet normal 0.779954 0.625836 0
    outer loop
      vertex 86.4194 -128.265 125
      vertex 86.4618 -128.318 125
      vertex 86.4618 -128.318 120
    endloop
  endfacet
  facet normal 0.751812 0.659378 0
    outer loop
      vertex 86.4618 -128.318 120
      vertex 86.4618 -128.318 125
      vertex 86.5064 -128.369 120
    endloop
  endfacet
  facet normal 0.751812 0.659378 0
    outer loop
      vertex 86.4618 -128.318 125
      vertex 86.5064 -128.369 125
      vertex 86.5064 -128.369 120
    endloop
  endfacet
  facet normal 0.722364 0.691513 0
    outer loop
      vertex 86.5064 -128.369 120
      vertex 86.5064 -128.369 125
      vertex 86.5531 -128.418 120
    endloop
  endfacet
  facet normal 0.722364 0.691513 0
    outer loop
      vertex 86.5064 -128.369 125
      vertex 86.5531 -128.418 125
      vertex 86.5531 -128.418 120
    endloop
  endfacet
  facet normal 0.691458 0.722417 0
    outer loop
      vertex 86.5531 -128.418 120
      vertex 86.5531 -128.418 125
      vertex 86.602 -128.465 120
    endloop
  endfacet
  facet normal 0.691458 0.722417 0
    outer loop
      vertex 86.5531 -128.418 125
      vertex 86.602 -128.465 125
      vertex 86.602 -128.465 120
    endloop
  endfacet
  facet normal 0.65944 0.751757 0
    outer loop
      vertex 86.602 -128.465 120
      vertex 86.602 -128.465 125
      vertex 86.6528 -128.509 120
    endloop
  endfacet
  facet normal 0.65944 0.751757 0
    outer loop
      vertex 86.602 -128.465 125
      vertex 86.6528 -128.509 125
      vertex 86.6528 -128.509 120
    endloop
  endfacet
  facet normal 0.625823 0.779965 0
    outer loop
      vertex 86.6528 -128.509 120
      vertex 86.6528 -128.509 125
      vertex 86.7056 -128.552 120
    endloop
  endfacet
  facet normal 0.625823 0.779965 0
    outer loop
      vertex 86.6528 -128.509 125
      vertex 86.7056 -128.552 125
      vertex 86.7056 -128.552 120
    endloop
  endfacet
  facet normal 0.591416 0.806366 0
    outer loop
      vertex 86.7056 -128.552 120
      vertex 86.7056 -128.552 125
      vertex 86.7601 -128.592 120
    endloop
  endfacet
  facet normal 0.591416 0.806366 0
    outer loop
      vertex 86.7056 -128.552 125
      vertex 86.7601 -128.592 125
      vertex 86.7601 -128.592 120
    endloop
  endfacet
  facet normal 0.555514 0.831507 0
    outer loop
      vertex 86.7601 -128.592 120
      vertex 86.7601 -128.592 125
      vertex 86.8163 -128.629 120
    endloop
  endfacet
  facet normal 0.555514 0.831507 0
    outer loop
      vertex 86.7601 -128.592 125
      vertex 86.8163 -128.629 125
      vertex 86.8163 -128.629 120
    endloop
  endfacet
  facet normal 0.518863 0.854857 0
    outer loop
      vertex 86.8163 -128.629 120
      vertex 86.8163 -128.629 125
      vertex 86.8741 -128.664 120
    endloop
  endfacet
  facet normal 0.518863 0.854857 0
    outer loop
      vertex 86.8163 -128.629 125
      vertex 86.8741 -128.664 125
      vertex 86.8741 -128.664 120
    endloop
  endfacet
  facet normal 0.480997 0.876722 0
    outer loop
      vertex 86.8741 -128.664 120
      vertex 86.8741 -128.664 125
      vertex 86.9334 -128.697 120
    endloop
  endfacet
  facet normal 0.480997 0.876722 0
    outer loop
      vertex 86.8741 -128.664 125
      vertex 86.9334 -128.697 125
      vertex 86.9334 -128.697 120
    endloop
  endfacet
  facet normal 0.442271 0.896882 0
    outer loop
      vertex 86.9334 -128.697 120
      vertex 86.9334 -128.697 125
      vertex 86.9941 -128.727 120
    endloop
  endfacet
  facet normal 0.442271 0.896882 0
    outer loop
      vertex 86.9334 -128.697 125
      vertex 86.9941 -128.727 125
      vertex 86.9941 -128.727 120
    endloop
  endfacet
  facet normal 0.402783 0.915296 0
    outer loop
      vertex 86.9941 -128.727 120
      vertex 86.9941 -128.727 125
      vertex 87.056 -128.754 120
    endloop
  endfacet
  facet normal 0.402783 0.915296 0
    outer loop
      vertex 86.9941 -128.727 125
      vertex 87.056 -128.754 125
      vertex 87.056 -128.754 120
    endloop
  endfacet
  facet normal 0.362255 0.932079 0
    outer loop
      vertex 87.056 -128.754 120
      vertex 87.056 -128.754 125
      vertex 87.119 -128.778 120
    endloop
  endfacet
  facet normal 0.362255 0.932079 0
    outer loop
      vertex 87.056 -128.754 125
      vertex 87.119 -128.778 125
      vertex 87.119 -128.778 120
    endloop
  endfacet
  facet normal 0.321478 0.946917 0
    outer loop
      vertex 87.119 -128.778 120
      vertex 87.119 -128.778 125
      vertex 87.183 -128.8 120
    endloop
  endfacet
  facet normal 0.321478 0.946917 0
    outer loop
      vertex 87.119 -128.778 125
      vertex 87.183 -128.8 125
      vertex 87.183 -128.8 120
    endloop
  endfacet
  facet normal 0.279839 0.960047 0
    outer loop
      vertex 87.183 -128.8 120
      vertex 87.183 -128.8 125
      vertex 87.248 -128.819 120
    endloop
  endfacet
  facet normal 0.279839 0.960047 0
    outer loop
      vertex 87.183 -128.8 125
      vertex 87.248 -128.819 125
      vertex 87.248 -128.819 120
    endloop
  endfacet
  facet normal 0.237763 0.971323 0
    outer loop
      vertex 87.248 -128.819 120
      vertex 87.248 -128.819 125
      vertex 87.3136 -128.835 120
    endloop
  endfacet
  facet normal 0.237763 0.971323 0
    outer loop
      vertex 87.248 -128.819 125
      vertex 87.3136 -128.835 125
      vertex 87.3136 -128.835 120
    endloop
  endfacet
  facet normal 0.194993 0.980805 0
    outer loop
      vertex 87.3136 -128.835 120
      vertex 87.3136 -128.835 125
      vertex 87.38 -128.848 120
    endloop
  endfacet
  facet normal 0.194993 0.980805 0
    outer loop
      vertex 87.3136 -128.835 125
      vertex 87.38 -128.848 125
      vertex 87.38 -128.848 120
    endloop
  endfacet
  facet normal 0.152256 0.988341 0
    outer loop
      vertex 87.38 -128.848 120
      vertex 87.38 -128.848 125
      vertex 87.4468 -128.859 120
    endloop
  endfacet
  facet normal 0.152256 0.988341 0
    outer loop
      vertex 87.38 -128.848 125
      vertex 87.4468 -128.859 125
      vertex 87.4468 -128.859 120
    endloop
  endfacet
  facet normal 0.108859 0.994057 0
    outer loop
      vertex 87.4468 -128.859 120
      vertex 87.4468 -128.859 125
      vertex 87.514 -128.866 120
    endloop
  endfacet
  facet normal 0.108859 0.994057 0
    outer loop
      vertex 87.4468 -128.859 125
      vertex 87.514 -128.866 125
      vertex 87.514 -128.866 120
    endloop
  endfacet
  facet normal 0.065444 0.997856 0
    outer loop
      vertex 87.514 -128.866 120
      vertex 87.514 -128.866 125
      vertex 87.5815 -128.87 120
    endloop
  endfacet
  facet normal 0.065444 0.997856 0
    outer loop
      vertex 87.514 -128.866 125
      vertex 87.5815 -128.87 125
      vertex 87.5815 -128.87 120
    endloop
  endfacet
  facet normal 0.021813 0.999762 0
    outer loop
      vertex 87.5815 -128.87 120
      vertex 87.5815 -128.87 125
      vertex 87.6491 -128.872 120
    endloop
  endfacet
  facet normal 0.021813 0.999762 0
    outer loop
      vertex 87.5815 -128.87 125
      vertex 87.6491 -128.872 125
      vertex 87.6491 -128.872 120
    endloop
  endfacet
  facet normal -0.0218154 0.999762 0
    outer loop
      vertex 87.6491 -128.872 120
      vertex 87.6491 -128.872 125
      vertex 87.7167 -128.87 120
    endloop
  endfacet
  facet normal -0.0218154 0.999762 0
    outer loop
      vertex 87.6491 -128.872 125
      vertex 87.7167 -128.87 125
      vertex 87.7167 -128.87 120
    endloop
  endfacet
  facet normal -0.0654368 0.997857 0
    outer loop
      vertex 87.7167 -128.87 120
      vertex 87.7167 -128.87 125
      vertex 87.7842 -128.866 120
    endloop
  endfacet
  facet normal -0.0654368 0.997857 0
    outer loop
      vertex 87.7167 -128.87 125
      vertex 87.7842 -128.866 125
      vertex 87.7842 -128.866 120
    endloop
  endfacet
  facet normal -0.108859 0.994057 0
    outer loop
      vertex 87.7842 -128.866 120
      vertex 87.7842 -128.866 125
      vertex 87.8514 -128.859 120
    endloop
  endfacet
  facet normal -0.108859 0.994057 0
    outer loop
      vertex 87.7842 -128.866 125
      vertex 87.8514 -128.859 125
      vertex 87.8514 -128.859 120
    endloop
  endfacet
  facet normal -0.152256 0.988341 0
    outer loop
      vertex 87.8514 -128.859 120
      vertex 87.8514 -128.859 125
      vertex 87.9183 -128.848 120
    endloop
  endfacet
  facet normal -0.152256 0.988341 0
    outer loop
      vertex 87.8514 -128.859 125
      vertex 87.9183 -128.848 125
      vertex 87.9183 -128.848 120
    endloop
  endfacet
  facet normal -0.195014 0.9808 0
    outer loop
      vertex 87.9183 -128.848 120
      vertex 87.9183 -128.848 125
      vertex 87.9846 -128.835 120
    endloop
  endfacet
  facet normal -0.195014 0.9808 0
    outer loop
      vertex 87.9183 -128.848 125
      vertex 87.9846 -128.835 125
      vertex 87.9846 -128.835 120
    endloop
  endfacet
  facet normal -0.237737 0.97133 0
    outer loop
      vertex 87.9846 -128.835 120
      vertex 87.9846 -128.835 125
      vertex 88.0503 -128.819 120
    endloop
  endfacet
  facet normal -0.237737 0.97133 0
    outer loop
      vertex 87.9846 -128.835 125
      vertex 88.0503 -128.819 125
      vertex 88.0503 -128.819 120
    endloop
  endfacet
  facet normal -0.279839 0.960047 0
    outer loop
      vertex 88.0503 -128.819 120
      vertex 88.0503 -128.819 125
      vertex 88.1152 -128.8 120
    endloop
  endfacet
  facet normal -0.279839 0.960047 0
    outer loop
      vertex 88.0503 -128.819 125
      vertex 88.1152 -128.8 125
      vertex 88.1152 -128.8 120
    endloop
  endfacet
  facet normal -0.321478 0.946917 0
    outer loop
      vertex 88.1152 -128.8 120
      vertex 88.1152 -128.8 125
      vertex 88.1793 -128.778 120
    endloop
  endfacet
  facet normal -0.321478 0.946917 0
    outer loop
      vertex 88.1152 -128.8 125
      vertex 88.1793 -128.778 125
      vertex 88.1793 -128.778 120
    endloop
  endfacet
  facet normal -0.362292 0.932065 0
    outer loop
      vertex 88.1793 -128.778 120
      vertex 88.1793 -128.778 125
      vertex 88.2423 -128.754 120
    endloop
  endfacet
  facet normal -0.362292 0.932065 0
    outer loop
      vertex 88.1793 -128.778 125
      vertex 88.2423 -128.754 125
      vertex 88.2423 -128.754 120
    endloop
  endfacet
  facet normal -0.402783 0.915296 0
    outer loop
      vertex 88.2423 -128.754 120
      vertex 88.2423 -128.754 125
      vertex 88.3042 -128.727 120
    endloop
  endfacet
  facet normal -0.402783 0.915296 0
    outer loop
      vertex 88.2423 -128.754 125
      vertex 88.3042 -128.727 125
      vertex 88.3042 -128.727 120
    endloop
  endfacet
  facet normal -0.442227 0.896903 0
    outer loop
      vertex 88.3042 -128.727 120
      vertex 88.3042 -128.727 125
      vertex 88.3648 -128.697 120
    endloop
  endfacet
  facet normal -0.442227 0.896903 0
    outer loop
      vertex 88.3042 -128.727 125
      vertex 88.3648 -128.697 125
      vertex 88.3648 -128.697 120
    endloop
  endfacet
  facet normal -0.480997 0.876722 0
    outer loop
      vertex 88.3648 -128.697 120
      vertex 88.3648 -128.697 125
      vertex 88.4241 -128.664 120
    endloop
  endfacet
  facet normal -0.480997 0.876722 0
    outer loop
      vertex 88.3648 -128.697 125
      vertex 88.4241 -128.664 125
      vertex 88.4241 -128.664 120
    endloop
  endfacet
  facet normal -0.518912 0.854828 0
    outer loop
      vertex 88.4241 -128.664 120
      vertex 88.4241 -128.664 125
      vertex 88.4819 -128.629 120
    endloop
  endfacet
  facet normal -0.518912 0.854828 0
    outer loop
      vertex 88.4241 -128.664 125
      vertex 88.4819 -128.629 125
      vertex 88.4819 -128.629 120
    endloop
  endfacet
  facet normal -0.555514 0.831507 0
    outer loop
      vertex 88.4819 -128.629 120
      vertex 88.4819 -128.629 125
      vertex 88.5382 -128.592 120
    endloop
  endfacet
  facet normal -0.555514 0.831507 0
    outer loop
      vertex 88.4819 -128.629 125
      vertex 88.5382 -128.592 125
      vertex 88.5382 -128.592 120
    endloop
  endfacet
  facet normal -0.591364 0.806405 0
    outer loop
      vertex 88.5382 -128.592 120
      vertex 88.5382 -128.592 125
      vertex 88.5927 -128.552 120
    endloop
  endfacet
  facet normal -0.591364 0.806405 0
    outer loop
      vertex 88.5382 -128.592 125
      vertex 88.5927 -128.552 125
      vertex 88.5927 -128.552 120
    endloop
  endfacet
  facet normal -0.625823 0.779965 0
    outer loop
      vertex 88.5927 -128.552 120
      vertex 88.5927 -128.552 125
      vertex 88.6455 -128.509 120
    endloop
  endfacet
  facet normal -0.625823 0.779965 0
    outer loop
      vertex 88.5927 -128.552 125
      vertex 88.6455 -128.509 125
      vertex 88.6455 -128.509 120
    endloop
  endfacet
  facet normal -0.65944 0.751757 0
    outer loop
      vertex 88.6455 -128.509 120
      vertex 88.6455 -128.509 125
      vertex 88.6963 -128.465 120
    endloop
  endfacet
  facet normal -0.65944 0.751757 0
    outer loop
      vertex 88.6455 -128.509 125
      vertex 88.6963 -128.465 125
      vertex 88.6963 -128.465 120
    endloop
  endfacet
  facet normal -0.691458 0.722417 0
    outer loop
      vertex 88.6963 -128.465 120
      vertex 88.6963 -128.465 125
      vertex 88.7451 -128.418 120
    endloop
  endfacet
  facet normal -0.691458 0.722417 0
    outer loop
      vertex 88.6963 -128.465 125
      vertex 88.7451 -128.418 125
      vertex 88.7451 -128.418 120
    endloop
  endfacet
  facet normal -0.722364 0.691513 0
    outer loop
      vertex 88.7451 -128.418 120
      vertex 88.7451 -128.418 125
      vertex 88.7919 -128.369 120
    endloop
  endfacet
  facet normal -0.722364 0.691513 0
    outer loop
      vertex 88.7451 -128.418 125
      vertex 88.7919 -128.369 125
      vertex 88.7919 -128.369 120
    endloop
  endfacet
  facet normal -0.751812 0.659378 0
    outer loop
      vertex 88.7919 -128.369 120
      vertex 88.7919 -128.369 125
      vertex 88.8365 -128.318 120
    endloop
  endfacet
  facet normal -0.751812 0.659378 0
    outer loop
      vertex 88.7919 -128.369 125
      vertex 88.8365 -128.318 125
      vertex 88.8365 -128.318 120
    endloop
  endfacet
  facet normal -0.779954 0.625836 0
    outer loop
      vertex 88.8365 -128.318 120
      vertex 88.8365 -128.318 125
      vertex 88.8788 -128.265 120
    endloop
  endfacet
  facet normal -0.779954 0.625836 0
    outer loop
      vertex 88.8365 -128.318 125
      vertex 88.8788 -128.265 125
      vertex 88.8788 -128.265 120
    endloop
  endfacet
  facet normal -0.806458 0.591292 0
    outer loop
      vertex 88.8788 -128.265 120
      vertex 88.8788 -128.265 125
      vertex 88.9188 -128.211 120
    endloop
  endfacet
  facet normal -0.806458 0.591292 0
    outer loop
      vertex 88.8788 -128.265 125
      vertex 88.9188 -128.211 125
      vertex 88.9188 -128.211 120
    endloop
  endfacet
  facet normal -0.831423 0.555641 0
    outer loop
      vertex 88.9188 -128.211 120
      vertex 88.9188 -128.211 125
      vertex 88.9564 -128.155 120
    endloop
  endfacet
  facet normal -0.831423 0.555641 0
    outer loop
      vertex 88.9188 -128.211 125
      vertex 88.9564 -128.155 125
      vertex 88.9564 -128.155 120
    endloop
  endfacet
  facet normal -0.854906 0.518783 0
    outer loop
      vertex 88.9564 -128.155 120
      vertex 88.9564 -128.155 125
      vertex 88.9915 -128.097 120
    endloop
  endfacet
  facet normal -0.854906 0.518783 0
    outer loop
      vertex 88.9564 -128.155 125
      vertex 88.9915 -128.097 125
      vertex 88.9915 -128.097 120
    endloop
  endfacet
  facet normal -0.876769 0.480912 0
    outer loop
      vertex 88.9915 -128.097 120
      vertex 88.9915 -128.097 125
      vertex 89.024 -128.038 120
    endloop
  endfacet
  facet normal -0.876769 0.480912 0
    outer loop
      vertex 88.9915 -128.097 125
      vertex 89.024 -128.038 125
      vertex 89.024 -128.038 120
    endloop
  endfacet
  facet normal -0.896838 0.442359 0
    outer loop
      vertex 89.024 -128.038 120
      vertex 89.024 -128.038 125
      vertex 89.0539 -127.977 120
    endloop
  endfacet
  facet normal -0.896838 0.442359 0
    outer loop
      vertex 89.024 -128.038 125
      vertex 89.0539 -127.977 125
      vertex 89.0539 -127.977 120
    endloop
  endfacet
  facet normal -0.915336 0.402691 0
    outer loop
      vertex 89.0539 -127.977 120
      vertex 89.0539 -127.977 125
      vertex 89.0811 -127.915 120
    endloop
  endfacet
  facet normal -0.915336 0.402691 0
    outer loop
      vertex 89.0539 -127.977 125
      vertex 89.0811 -127.915 125
      vertex 89.0811 -127.915 120
    endloop
  endfacet
  facet normal -0.932005 0.362446 0
    outer loop
      vertex 89.0811 -127.915 120
      vertex 89.0811 -127.915 125
      vertex 89.1057 -127.852 120
    endloop
  endfacet
  facet normal -0.932005 0.362446 0
    outer loop
      vertex 89.0811 -127.915 125
      vertex 89.1057 -127.852 125
      vertex 89.1057 -127.852 120
    endloop
  endfacet
  facet normal -0.946906 0.321512 0
    outer loop
      vertex 89.1057 -127.852 120
      vertex 89.1057 -127.852 125
      vertex 89.1274 -127.788 120
    endloop
  endfacet
  facet normal -0.946906 0.321512 0
    outer loop
      vertex 89.1057 -127.852 125
      vertex 89.1274 -127.788 125
      vertex 89.1274 -127.788 120
    endloop
  endfacet
  facet normal -0.960047 0.279839 0
    outer loop
      vertex 89.1274 -127.788 120
      vertex 89.1274 -127.788 125
      vertex 89.1463 -127.723 120
    endloop
  endfacet
  facet normal -0.960047 0.279839 0
    outer loop
      vertex 89.1274 -127.788 125
      vertex 89.1463 -127.723 125
      vertex 89.1463 -127.723 120
    endloop
  endfacet
  facet normal -0.971349 0.237659 0
    outer loop
      vertex 89.1463 -127.723 120
      vertex 89.1463 -127.723 125
      vertex 89.1624 -127.657 120
    endloop
  endfacet
  facet normal -0.971349 0.237659 0
    outer loop
      vertex 89.1463 -127.723 125
      vertex 89.1624 -127.657 125
      vertex 89.1624 -127.657 120
    endloop
  endfacet
  facet normal -0.980788 0.195078 0
    outer loop
      vertex 89.1624 -127.657 120
      vertex 89.1624 -127.657 125
      vertex 89.1756 -127.591 120
    endloop
  endfacet
  facet normal -0.980788 0.195078 0
    outer loop
      vertex 89.1624 -127.657 125
      vertex 89.1756 -127.591 125
      vertex 89.1756 -127.591 120
    endloop
  endfacet
  facet normal -0.988355 0.152165 0
    outer loop
      vertex 89.1756 -127.591 120
      vertex 89.1756 -127.591 125
      vertex 89.1859 -127.524 120
    endloop
  endfacet
  facet normal -0.988355 0.152165 0
    outer loop
      vertex 89.1756 -127.591 125
      vertex 89.1859 -127.524 125
      vertex 89.1859 -127.524 120
    endloop
  endfacet
  facet normal -0.994057 0.108859 0
    outer loop
      vertex 89.1859 -127.524 120
      vertex 89.1859 -127.524 125
      vertex 89.1932 -127.457 120
    endloop
  endfacet
  facet normal -0.994057 0.108859 0
    outer loop
      vertex 89.1859 -127.524 125
      vertex 89.1932 -127.457 125
      vertex 89.1932 -127.457 120
    endloop
  endfacet
  facet normal -0.997864 0.0653271 0
    outer loop
      vertex 89.1932 -127.457 120
      vertex 89.1932 -127.457 125
      vertex 89.1977 -127.389 120
    endloop
  endfacet
  facet normal -0.997864 0.0653271 0
    outer loop
      vertex 89.1932 -127.457 125
      vertex 89.1977 -127.389 125
      vertex 89.1977 -127.389 120
    endloop
  endfacet
  facet normal -0.999762 0.0218154 0
    outer loop
      vertex 89.1977 -127.389 120
      vertex 89.1977 -127.389 125
      vertex 89.1991 -127.322 120
    endloop
  endfacet
  facet normal -0.999762 0.0218154 0
    outer loop
      vertex 89.1977 -127.389 125
      vertex 89.1991 -127.322 125
      vertex 89.1991 -127.322 120
    endloop
  endfacet
  facet normal 1 0 0
    outer loop
      vertex 90 130 120
      vertex 90 130 125
      vertex 90 53.9343 120
    endloop
  endfacet
  facet normal 1 0 0
    outer loop
      vertex 90 130 125
      vertex 90 53.9343 125
      vertex 90 53.9343 120
    endloop
  endfacet
  facet normal 1 0 0
    outer loop
      vertex 90 53.9343 120
      vertex 90 53.9343 125
      vertex 90 -62.1657 120
    endloop
  endfacet
  facet normal 1 0 0
    outer loop
      vertex 90 53.9343 125
      vertex 90 -62.1657 125
      vertex 90 -62.1657 120
    endloop
  endfacet
  facet normal 1 0 0
    outer loop
      vertex 90 -62.1657 120
      vertex 90 -62.1657 125
      vertex 90 -100 120
    endloop
  endfacet
  facet normal 1 0 0
    outer loop
      vertex 90 -62.1657 125
      vertex 90 -100 125
      vertex 90 -100 120
    endloop
  endfacet
  facet normal 1 0 0
    outer loop
      vertex 90 -100 120
      vertex 90 -100 125
      vertex 90 -124.286 120
    endloop
  endfacet
  facet normal 1 0 0
    outer loop
      vertex 90 -100 125
      vertex 90 -124.286 125
      vertex 90 -124.286 120
    endloop
  endfacet
  facet normal 1 0 0
    outer loop
      vertex 90 -124.286 120
      vertex 90 -124.286 125
      vertex 90 -129.436 120
    endloop
  endfacet
  facet normal 1 0 0
    outer loop
      vertex 90 -124.286 125
      vertex 90 -129.436 125
      vertex 90 -129.436 120
    endloop
  endfacet
  facet normal 1 0 0
    outer loop
      vertex 90 -129.436 120
      vertex 90 -129.436 125
      vertex 90 -130 120
    endloop
  endfacet
  facet normal 1 0 0
    outer loop
      vertex 90 -129.436 125
      vertex 90 -130 125
      vertex 90 -130 120
    endloop
  endfacet
  facet normal -0.999762 -0.0218154 0
    outer loop
      vertex 88.8776 126.55 120
      vertex 88.8776 126.55 125
      vertex 88.8761 126.618 120
    endloop
  endfacet
  facet normal -0.999762 -0.0218154 0
    outer loop
      vertex 88.8776 126.55 125
      vertex 88.8761 126.618 125
      vertex 88.8761 126.618 120
    endloop
  endfacet
  facet normal -0.997857 -0.0654368 0
    outer loop
      vertex 88.8761 126.618 120
      vertex 88.8761 126.618 125
      vertex 88.8717 126.685 120
    endloop
  endfacet
  facet normal -0.997857 -0.0654368 0
    outer loop
      vertex 88.8761 126.618 125
      vertex 88.8717 126.685 125
      vertex 88.8717 126.685 120
    endloop
  endfacet
  facet normal -0.994057 -0.108859 0
    outer loop
      vertex 88.8717 126.685 120
      vertex 88.8717 126.685 125
      vertex 88.8643 126.752 120
    endloop
  endfacet
  facet normal -0.994057 -0.108859 0
    outer loop
      vertex 88.8717 126.685 125
      vertex 88.8643 126.752 125
      vertex 88.8643 126.752 120
    endloop
  endfacet
  facet normal -0.988355 -0.152165 0
    outer loop
      vertex 88.8643 126.752 120
      vertex 88.8643 126.752 125
      vertex 88.854 126.819 120
    endloop
  endfacet
  facet normal -0.988355 -0.152165 0
    outer loop
      vertex 88.8643 126.752 125
      vertex 88.854 126.819 125
      vertex 88.854 126.819 120
    endloop
  endfacet
  facet normal -0.980809 -0.194972 0
    outer loop
      vertex 88.854 126.819 120
      vertex 88.854 126.819 125
      vertex 88.8408 126.885 120
    endloop
  endfacet
  facet normal -0.980809 -0.194972 0
    outer loop
      vertex 88.854 126.819 125
      vertex 88.8408 126.885 125
      vertex 88.8408 126.885 120
    endloop
  endfacet
  facet normal -0.971323 -0.237763 0
    outer loop
      vertex 88.8408 126.885 120
      vertex 88.8408 126.885 125
      vertex 88.8248 126.951 120
    endloop
  endfacet
  facet normal -0.971323 -0.237763 0
    outer loop
      vertex 88.8408 126.885 125
      vertex 88.8248 126.951 125
      vertex 88.8248 126.951 120
    endloop
  endfacet
  facet normal -0.960047 -0.279839 0
    outer loop
      vertex 88.8248 126.951 120
      vertex 88.8248 126.951 125
      vertex 88.8058 127.016 120
    endloop
  endfacet
  facet normal -0.960047 -0.279839 0
    outer loop
      vertex 88.8248 126.951 125
      vertex 88.8058 127.016 125
      vertex 88.8058 127.016 120
    endloop
  endfacet
  facet normal -0.946939 -0.321413 0
    outer loop
      vertex 88.8058 127.016 120
      vertex 88.8058 127.016 125
      vertex 88.7841 127.08 120
    endloop
  endfacet
  facet normal -0.946939 -0.321413 0
    outer loop
      vertex 88.8058 127.016 125
      vertex 88.7841 127.08 125
      vertex 88.7841 127.08 120
    endloop
  endfacet
  facet normal -0.932005 -0.362446 0
    outer loop
      vertex 88.7841 127.08 120
      vertex 88.7841 127.08 125
      vertex 88.7596 127.143 120
    endloop
  endfacet
  facet normal -0.932005 -0.362446 0
    outer loop
      vertex 88.7841 127.08 125
      vertex 88.7596 127.143 125
      vertex 88.7596 127.143 120
    endloop
  endfacet
  facet normal -0.915296 -0.402783 0
    outer loop
      vertex 88.7596 127.143 120
      vertex 88.7596 127.143 125
      vertex 88.7324 127.205 120
    endloop
  endfacet
  facet normal -0.915296 -0.402783 0
    outer loop
      vertex 88.7596 127.143 125
      vertex 88.7324 127.205 125
      vertex 88.7324 127.205 120
    endloop
  endfacet
  facet normal -0.896882 -0.442271 0
    outer loop
      vertex 88.7324 127.205 120
      vertex 88.7324 127.205 125
      vertex 88.7025 127.266 120
    endloop
  endfacet
  facet normal -0.896882 -0.442271 0
    outer loop
      vertex 88.7324 127.205 125
      vertex 88.7025 127.266 125
      vertex 88.7025 127.266 120
    endloop
  endfacet
  facet normal -0.876722 -0.480997 0
    outer loop
      vertex 88.7025 127.266 120
      vertex 88.7025 127.266 125
      vertex 88.6699 127.325 120
    endloop
  endfacet
  facet normal -0.876722 -0.480997 0
    outer loop
      vertex 88.7025 127.266 125
      vertex 88.6699 127.325 125
      vertex 88.6699 127.325 120
    endloop
  endfacet
  facet normal -0.854906 -0.518783 0
    outer loop
      vertex 88.6699 127.325 120
      vertex 88.6699 127.325 125
      vertex 88.6348 127.383 120
    endloop
  endfacet
  facet normal -0.854906 -0.518783 0
    outer loop
      vertex 88.6699 127.325 125
      vertex 88.6348 127.383 125
      vertex 88.6348 127.383 120
    endloop
  endfacet
  facet normal -0.831473 -0.555564 0
    outer loop
      vertex 88.6348 127.383 120
      vertex 88.6348 127.383 125
      vertex 88.5973 127.439 120
    endloop
  endfacet
  facet normal -0.831473 -0.555564 0
    outer loop
      vertex 88.6348 127.383 125
      vertex 88.5973 127.439 125
      vertex 88.5973 127.439 120
    endloop
  endfacet
  facet normal -0.806458 -0.591292 0
    outer loop
      vertex 88.5973 127.439 120
      vertex 88.5973 127.439 125
      vertex 88.5573 127.494 120
    endloop
  endfacet
  facet normal -0.806458 -0.591292 0
    outer loop
      vertex 88.5973 127.439 125
      vertex 88.5573 127.494 125
      vertex 88.5573 127.494 120
    endloop
  endfacet
  facet normal -0.779901 -0.625903 0
    outer loop
      vertex 88.5573 127.494 120
      vertex 88.5573 127.494 125
      vertex 88.515 127.546 120
    endloop
  endfacet
  facet normal -0.779901 -0.625903 0
    outer loop
      vertex 88.5573 127.494 125
      vertex 88.515 127.546 125
      vertex 88.515 127.546 120
    endloop
  endfacet
  facet normal -0.751866 -0.659315 0
    outer loop
      vertex 88.515 127.546 120
      vertex 88.515 127.546 125
      vertex 88.4704 127.597 120
    endloop
  endfacet
  facet normal -0.751866 -0.659315 0
    outer loop
      vertex 88.515 127.546 125
      vertex 88.4704 127.597 125
      vertex 88.4704 127.597 120
    endloop
  endfacet
  facet normal -0.722309 -0.69157 0
    outer loop
      vertex 88.4704 127.597 120
      vertex 88.4704 127.597 125
      vertex 88.4236 127.646 120
    endloop
  endfacet
  facet normal -0.722309 -0.69157 0
    outer loop
      vertex 88.4704 127.597 125
      vertex 88.4236 127.646 125
      vertex 88.4236 127.646 120
    endloop
  endfacet
  facet normal -0.691458 -0.722417 0
    outer loop
      vertex 88.4236 127.646 120
      vertex 88.4236 127.646 125
      vertex 88.3747 127.693 120
    endloop
  endfacet
  facet normal -0.691458 -0.722417 0
    outer loop
      vertex 88.4236 127.646 125
      vertex 88.3747 127.693 125
      vertex 88.3747 127.693 120
    endloop
  endfacet
  facet normal -0.65944 -0.751757 0
    outer loop
      vertex 88.3747 127.693 120
      vertex 88.3747 127.693 125
      vertex 88.3239 127.737 120
    endloop
  endfacet
  facet normal -0.65944 -0.751757 0
    outer loop
      vertex 88.3747 127.693 125
      vertex 88.3239 127.737 125
      vertex 88.3239 127.737 120
    endloop
  endfacet
  facet normal -0.625877 -0.779922 0
    outer loop
      vertex 88.3239 127.737 120
      vertex 88.3239 127.737 125
      vertex 88.2712 127.78 120
    endloop
  endfacet
  facet normal -0.625877 -0.779922 0
    outer loop
      vertex 88.3239 127.737 125
      vertex 88.2712 127.78 125
      vertex 88.2712 127.78 120
    endloop
  endfacet
  facet normal -0.591364 -0.806405 0
    outer loop
      vertex 88.2712 127.78 120
      vertex 88.2712 127.78 125
      vertex 88.2166 127.82 120
    endloop
  endfacet
  facet normal -0.591364 -0.806405 0
    outer loop
      vertex 88.2712 127.78 125
      vertex 88.2166 127.82 125
      vertex 88.2166 127.82 120
    endloop
  endfacet
  facet normal -0.555514 -0.831507 0
    outer loop
      vertex 88.2166 127.82 120
      vertex 88.2166 127.82 125
      vertex 88.1604 127.857 120
    endloop
  endfacet
  facet normal -0.555514 -0.831507 0
    outer loop
      vertex 88.2166 127.82 125
      vertex 88.1604 127.857 125
      vertex 88.1604 127.857 120
    endloop
  endfacet
  facet normal -0.518863 -0.854857 0
    outer loop
      vertex 88.1604 127.857 120
      vertex 88.1604 127.857 125
      vertex 88.1026 127.892 120
    endloop
  endfacet
  facet normal -0.518863 -0.854857 0
    outer loop
      vertex 88.1604 127.857 125
      vertex 88.1026 127.892 125
      vertex 88.1026 127.892 120
    endloop
  endfacet
  facet normal -0.480827 -0.876815 0
    outer loop
      vertex 88.1026 127.892 120
      vertex 88.1026 127.892 125
      vertex 88.0433 127.925 120
    endloop
  endfacet
  facet normal -0.480827 -0.876815 0
    outer loop
      vertex 88.1026 127.892 125
      vertex 88.0433 127.925 125
      vertex 88.0433 127.925 120
    endloop
  endfacet
  facet normal -0.442448 -0.896794 0
    outer loop
      vertex 88.0433 127.925 120
      vertex 88.0433 127.925 125
      vertex 87.9826 127.955 120
    endloop
  endfacet
  facet normal -0.442448 -0.896794 0
    outer loop
      vertex 88.0433 127.925 125
      vertex 87.9826 127.955 125
      vertex 87.9826 127.955 120
    endloop
  endfacet
  facet normal -0.402783 -0.915296 0
    outer loop
      vertex 87.9826 127.955 120
      vertex 87.9826 127.955 125
      vertex 87.9207 127.982 120
    endloop
  endfacet
  facet normal -0.402783 -0.915296 0
    outer loop
      vertex 87.9826 127.955 125
      vertex 87.9207 127.982 125
      vertex 87.9207 127.982 120
    endloop
  endfacet
  facet normal -0.362255 -0.932079 0
    outer loop
      vertex 87.9207 127.982 120
      vertex 87.9207 127.982 125
      vertex 87.8577 128.007 120
    endloop
  endfacet
  facet normal -0.362255 -0.932079 0
    outer loop
      vertex 87.9207 127.982 125
      vertex 87.8577 128.007 125
      vertex 87.8577 128.007 120
    endloop
  endfacet
  facet normal -0.321478 -0.946917 0
    outer loop
      vertex 87.8577 128.007 120
      vertex 87.8577 128.007 125
      vertex 87.7937 128.028 120
    endloop
  endfacet
  facet normal -0.321478 -0.946917 0
    outer loop
      vertex 87.8577 128.007 125
      vertex 87.7937 128.028 125
      vertex 87.7937 128.028 120
    endloop
  endfacet
  facet normal -0.279839 -0.960047 0
    outer loop
      vertex 87.7937 128.028 120
      vertex 87.7937 128.028 125
      vertex 87.7288 128.047 120
    endloop
  endfacet
  facet normal -0.279839 -0.960047 0
    outer loop
      vertex 87.7937 128.028 125
      vertex 87.7288 128.047 125
      vertex 87.7288 128.047 120
    endloop
  endfacet
  facet normal -0.237763 -0.971323 0
    outer loop
      vertex 87.7288 128.047 120
      vertex 87.7288 128.047 125
      vertex 87.6631 128.063 120
    endloop
  endfacet
  facet normal -0.237763 -0.971323 0
    outer loop
      vertex 87.7288 128.047 125
      vertex 87.6631 128.063 125
      vertex 87.6631 128.063 120
    endloop
  endfacet
  facet normal -0.195014 -0.9808 0
    outer loop
      vertex 87.6631 128.063 120
      vertex 87.6631 128.063 125
      vertex 87.5967 128.076 120
    endloop
  endfacet
  facet normal -0.195014 -0.9808 0
    outer loop
      vertex 87.6631 128.063 125
      vertex 87.5967 128.076 125
      vertex 87.5967 128.076 120
    endloop
  endfacet
  facet normal -0.152256 -0.988341 0
    outer loop
      vertex 87.5967 128.076 120
      vertex 87.5967 128.076 125
      vertex 87.5299 128.087 120
    endloop
  endfacet
  facet normal -0.152256 -0.988341 0
    outer loop
      vertex 87.5967 128.076 125
      vertex 87.5299 128.087 125
      vertex 87.5299 128.087 120
    endloop
  endfacet
  facet normal -0.108847 -0.994058 0
    outer loop
      vertex 87.5299 128.087 120
      vertex 87.5299 128.087 125
      vertex 87.4627 128.094 120
    endloop
  endfacet
  facet normal -0.108847 -0.994058 0
    outer loop
      vertex 87.5299 128.087 125
      vertex 87.4627 128.094 125
      vertex 87.4627 128.094 120
    endloop
  endfacet
  facet normal -0.0652246 -0.997871 0
    outer loop
      vertex 87.4627 128.094 120
      vertex 87.4627 128.094 125
      vertex 87.3952 128.099 120
    endloop
  endfacet
  facet normal -0.0652246 -0.997871 0
    outer loop
      vertex 87.4627 128.094 125
      vertex 87.3952 128.099 125
      vertex 87.3952 128.099 120
    endloop
  endfacet
  facet normal -0.021813 -0.999762 0
    outer loop
      vertex 87.3952 128.099 120
      vertex 87.3952 128.099 125
      vertex 87.3276 128.1 120
    endloop
  endfacet
  facet normal -0.021813 -0.999762 0
    outer loop
      vertex 87.3952 128.099 125
      vertex 87.3276 128.1 125
      vertex 87.3276 128.1 120
    endloop
  endfacet
  facet normal 0.0218154 -0.999762 0
    outer loop
      vertex 87.3276 128.1 120
      vertex 87.3276 128.1 125
      vertex 87.26 128.099 120
    endloop
  endfacet
  facet normal 0.0218154 -0.999762 0
    outer loop
      vertex 87.3276 128.1 125
      vertex 87.26 128.099 125
      vertex 87.26 128.099 120
    endloop
  endfacet
  facet normal 0.0652246 -0.997871 0
    outer loop
      vertex 87.26 128.099 120
      vertex 87.26 128.099 125
      vertex 87.1925 128.094 120
    endloop
  endfacet
  facet normal 0.0652246 -0.997871 0
    outer loop
      vertex 87.26 128.099 125
      vertex 87.1925 128.094 125
      vertex 87.1925 128.094 120
    endloop
  endfacet
  facet normal 0.108847 -0.994058 0
    outer loop
      vertex 87.1925 128.094 120
      vertex 87.1925 128.094 125
      vertex 87.1253 128.087 120
    endloop
  endfacet
  facet normal 0.108847 -0.994058 0
    outer loop
      vertex 87.1925 128.094 125
      vertex 87.1253 128.087 125
      vertex 87.1253 128.087 120
    endloop
  endfacet
  facet normal 0.152256 -0.988341 0
    outer loop
      vertex 87.1253 128.087 120
      vertex 87.1253 128.087 125
      vertex 87.0584 128.076 120
    endloop
  endfacet
  facet normal 0.152256 -0.988341 0
    outer loop
      vertex 87.1253 128.087 125
      vertex 87.0584 128.076 125
      vertex 87.0584 128.076 120
    endloop
  endfacet
  facet normal 0.195014 -0.9808 0
    outer loop
      vertex 87.0584 128.076 120
      vertex 87.0584 128.076 125
      vertex 86.9921 128.063 120
    endloop
  endfacet
  facet normal 0.195014 -0.9808 0
    outer loop
      vertex 87.0584 128.076 125
      vertex 86.9921 128.063 125
      vertex 86.9921 128.063 120
    endloop
  endfacet
  facet normal 0.237737 -0.97133 0
    outer loop
      vertex 86.9921 128.063 120
      vertex 86.9921 128.063 125
      vertex 86.9264 128.047 120
    endloop
  endfacet
  facet normal 0.237737 -0.97133 0
    outer loop
      vertex 86.9921 128.063 125
      vertex 86.9264 128.047 125
      vertex 86.9264 128.047 120
    endloop
  endfacet
  facet normal 0.279839 -0.960047 0
    outer loop
      vertex 86.9264 128.047 120
      vertex 86.9264 128.047 125
      vertex 86.8615 128.028 120
    endloop
  endfacet
  facet normal 0.279839 -0.960047 0
    outer loop
      vertex 86.9264 128.047 125
      vertex 86.8615 128.028 125
      vertex 86.8615 128.028 120
    endloop
  endfacet
  facet normal 0.321478 -0.946917 0
    outer loop
      vertex 86.8615 128.028 120
      vertex 86.8615 128.028 125
      vertex 86.7975 128.007 120
    endloop
  endfacet
  facet normal 0.321478 -0.946917 0
    outer loop
      vertex 86.8615 128.028 125
      vertex 86.7975 128.007 125
      vertex 86.7975 128.007 120
    endloop
  endfacet
  facet normal 0.362292 -0.932065 0
    outer loop
      vertex 86.7975 128.007 120
      vertex 86.7975 128.007 125
      vertex 86.7344 127.982 120
    endloop
  endfacet
  facet normal 0.362292 -0.932065 0
    outer loop
      vertex 86.7975 128.007 125
      vertex 86.7344 127.982 125
      vertex 86.7344 127.982 120
    endloop
  endfacet
  facet normal 0.402783 -0.915296 0
    outer loop
      vertex 86.7344 127.982 120
      vertex 86.7344 127.982 125
      vertex 86.6725 127.955 120
    endloop
  endfacet
  facet normal 0.402783 -0.915296 0
    outer loop
      vertex 86.7344 127.982 125
      vertex 86.6725 127.955 125
      vertex 86.6725 127.955 120
    endloop
  endfacet
  facet normal 0.442404 -0.896816 0
    outer loop
      vertex 86.6725 127.955 120
      vertex 86.6725 127.955 125
      vertex 86.6119 127.925 120
    endloop
  endfacet
  facet normal 0.442404 -0.896816 0
    outer loop
      vertex 86.6725 127.955 125
      vertex 86.6119 127.925 125
      vertex 86.6119 127.925 120
    endloop
  endfacet
  facet normal 0.480874 -0.87679 0
    outer loop
      vertex 86.6119 127.925 120
      vertex 86.6119 127.925 125
      vertex 86.5526 127.892 120
    endloop
  endfacet
  facet normal 0.480874 -0.87679 0
    outer loop
      vertex 86.6119 127.925 125
      vertex 86.5526 127.892 125
      vertex 86.5526 127.892 120
    endloop
  endfacet
  facet normal 0.518863 -0.854857 0
    outer loop
      vertex 86.5526 127.892 120
      vertex 86.5526 127.892 125
      vertex 86.4948 127.857 120
    endloop
  endfacet
  facet normal 0.518863 -0.854857 0
    outer loop
      vertex 86.5526 127.892 125
      vertex 86.4948 127.857 125
      vertex 86.4948 127.857 120
    endloop
  endfacet
  facet normal 0.555514 -0.831507 0
    outer loop
      vertex 86.4948 127.857 120
      vertex 86.4948 127.857 125
      vertex 86.4385 127.82 120
    endloop
  endfacet
  facet normal 0.555514 -0.831507 0
    outer loop
      vertex 86.4948 127.857 125
      vertex 86.4385 127.82 125
      vertex 86.4385 127.82 120
    endloop
  endfacet
  facet normal 0.591364 -0.806405 0
    outer loop
      vertex 86.4385 127.82 120
      vertex 86.4385 127.82 125
      vertex 86.384 127.78 120
    endloop
  endfacet
  facet normal 0.591364 -0.806405 0
    outer loop
      vertex 86.4385 127.82 125
      vertex 86.384 127.78 125
      vertex 86.384 127.78 120
    endloop
  endfacet
  facet normal 0.625823 -0.779965 0
    outer loop
      vertex 86.384 127.78 120
      vertex 86.384 127.78 125
      vertex 86.3313 127.737 120
    endloop
  endfacet
  facet normal 0.625823 -0.779965 0
    outer loop
      vertex 86.384 127.78 125
      vertex 86.3313 127.737 125
      vertex 86.3313 127.737 120
    endloop
  endfacet
  facet normal 0.65944 -0.751757 0
    outer loop
      vertex 86.3313 127.737 120
      vertex 86.3313 127.737 125
      vertex 86.2804 127.693 120
    endloop
  endfacet
  facet normal 0.65944 -0.751757 0
    outer loop
      vertex 86.3313 127.737 125
      vertex 86.2804 127.693 125
      vertex 86.2804 127.693 120
    endloop
  endfacet
  facet normal 0.691513 -0.722364 0
    outer loop
      vertex 86.2804 127.693 120
      vertex 86.2804 127.693 125
      vertex 86.2316 127.646 120
    endloop
  endfacet
  facet normal 0.691513 -0.722364 0
    outer loop
      vertex 86.2804 127.693 125
      vertex 86.2316 127.646 125
      vertex 86.2316 127.646 120
    endloop
  endfacet
  facet normal 0.722309 -0.69157 0
    outer loop
      vertex 86.2316 127.646 120
      vertex 86.2316 127.646 125
      vertex 86.1848 127.597 120
    endloop
  endfacet
  facet normal 0.722309 -0.69157 0
    outer loop
      vertex 86.2316 127.646 125
      vertex 86.1848 127.597 125
      vertex 86.1848 127.597 120
    endloop
  endfacet
  facet normal 0.751812 -0.659378 0
    outer loop
      vertex 86.1848 127.597 120
      vertex 86.1848 127.597 125
      vertex 86.1402 127.546 120
    endloop
  endfacet
  facet normal 0.751812 -0.659378 0
    outer loop
      vertex 86.1848 127.597 125
      vertex 86.1402 127.546 125
      vertex 86.1402 127.546 120
    endloop
  endfacet
  facet normal 0.779954 -0.625836 0
    outer loop
      vertex 86.1402 127.546 120
      vertex 86.1402 127.546 125
      vertex 86.0979 127.494 120
    endloop
  endfacet
  facet normal 0.779954 -0.625836 0
    outer loop
      vertex 86.1402 127.546 125
      vertex 86.0979 127.494 125
      vertex 86.0979 127.494 120
    endloop
  endfacet
  facet normal 0.806458 -0.591292 0
    outer loop
      vertex 86.0979 127.494 120
      vertex 86.0979 127.494 125
      vertex 86.0579 127.439 120
    endloop
  endfacet
  facet normal 0.806458 -0.591292 0
    outer loop
      vertex 86.0979 127.494 125
      vertex 86.0579 127.439 125
      vertex 86.0579 127.439 120
    endloop
  endfacet
  facet normal 0.831423 -0.555641 0
    outer loop
      vertex 86.0579 127.439 120
      vertex 86.0579 127.439 125
      vertex 86.0203 127.383 120
    endloop
  endfacet
  facet normal 0.831423 -0.555641 0
    outer loop
      vertex 86.0579 127.439 125
      vertex 86.0203 127.383 125
      vertex 86.0203 127.383 120
    endloop
  endfacet
  facet normal 0.854955 -0.518702 0
    outer loop
      vertex 86.0203 127.383 120
      vertex 86.0203 127.383 125
      vertex 85.9853 127.325 120
    endloop
  endfacet
  facet normal 0.854955 -0.518702 0
    outer loop
      vertex 86.0203 127.383 125
      vertex 85.9853 127.325 125
      vertex 85.9853 127.325 120
    endloop
  endfacet
  facet normal 0.876722 -0.480997 0
    outer loop
      vertex 85.9853 127.325 120
      vertex 85.9853 127.325 125
      vertex 85.9527 127.266 120
    endloop
  endfacet
  facet normal 0.876722 -0.480997 0
    outer loop
      vertex 85.9853 127.325 125
      vertex 85.9527 127.266 125
      vertex 85.9527 127.266 120
    endloop
  endfacet
  facet normal 0.896838 -0.442359 0
    outer loop
      vertex 85.9527 127.266 120
      vertex 85.9527 127.266 125
      vertex 85.9228 127.205 120
    endloop
  endfacet
  facet normal 0.896838 -0.442359 0
    outer loop
      vertex 85.9527 127.266 125
      vertex 85.9228 127.205 125
      vertex 85.9228 127.205 120
    endloop
  endfacet
  facet normal 0.915336 -0.402691 0
    outer loop
      vertex 85.9228 127.205 120
      vertex 85.9228 127.205 125
      vertex 85.8956 127.143 120
    endloop
  endfacet
  facet normal 0.915336 -0.402691 0
    outer loop
      vertex 85.9228 127.205 125
      vertex 85.8956 127.143 125
      vertex 85.8956 127.143 120
    endloop
  endfacet
  facet normal 0.932005 -0.362446 0
    outer loop
      vertex 85.8956 127.143 120
      vertex 85.8956 127.143 125
      vertex 85.8711 127.08 120
    endloop
  endfacet
  facet normal 0.932005 -0.362446 0
    outer loop
      vertex 85.8956 127.143 125
      vertex 85.8711 127.08 125
      vertex 85.8711 127.08 120
    endloop
  endfacet
  facet normal 0.946939 -0.321413 0
    outer loop
      vertex 85.8711 127.08 120
      vertex 85.8711 127.08 125
      vertex 85.8493 127.016 120
    endloop
  endfacet
  facet normal 0.946939 -0.321413 0
    outer loop
      vertex 85.8711 127.08 125
      vertex 85.8493 127.016 125
      vertex 85.8493 127.016 120
    endloop
  endfacet
  facet normal 0.960047 -0.279839 0
    outer loop
      vertex 85.8493 127.016 120
      vertex 85.8493 127.016 125
      vertex 85.8304 126.951 120
    endloop
  endfacet
  facet normal 0.960047 -0.279839 0
    outer loop
      vertex 85.8493 127.016 125
      vertex 85.8304 126.951 125
      vertex 85.8304 126.951 120
    endloop
  endfacet
  facet normal 0.971323 -0.237763 0
    outer loop
      vertex 85.8304 126.951 120
      vertex 85.8304 126.951 125
      vertex 85.8143 126.885 120
    endloop
  endfacet
  facet normal 0.971323 -0.237763 0
    outer loop
      vertex 85.8304 126.951 125
      vertex 85.8143 126.885 125
      vertex 85.8143 126.885 120
    endloop
  endfacet
  facet normal 0.980788 -0.195078 0
    outer loop
      vertex 85.8143 126.885 120
      vertex 85.8143 126.885 125
      vertex 85.8011 126.819 120
    endloop
  endfacet
  facet normal 0.980788 -0.195078 0
    outer loop
      vertex 85.8143 126.885 125
      vertex 85.8011 126.819 125
      vertex 85.8011 126.819 120
    endloop
  endfacet
  facet normal 0.988372 -0.152057 0
    outer loop
      vertex 85.8011 126.819 120
      vertex 85.8011 126.819 125
      vertex 85.7909 126.752 120
    endloop
  endfacet
  facet normal 0.988372 -0.152057 0
    outer loop
      vertex 85.8011 126.819 125
      vertex 85.7909 126.752 125
      vertex 85.7909 126.752 120
    endloop
  endfacet
  facet normal 0.994057 -0.108859 0
    outer loop
      vertex 85.7909 126.752 120
      vertex 85.7909 126.752 125
      vertex 85.7835 126.685 120
    endloop
  endfacet
  facet normal 0.994057 -0.108859 0
    outer loop
      vertex 85.7909 126.752 125
      vertex 85.7835 126.685 125
      vertex 85.7835 126.685 120
    endloop
  endfacet
  facet normal 0.997857 -0.0654368 0
    outer loop
      vertex 85.7835 126.685 120
      vertex 85.7835 126.685 125
      vertex 85.7791 126.618 120
    endloop
  endfacet
  facet normal 0.997857 -0.0654368 0
    outer loop
      vertex 85.7835 126.685 125
      vertex 85.7791 126.618 125
      vertex 85.7791 126.618 120
    endloop
  endfacet
  facet normal 0.999762 -0.0218154 0
    outer loop
      vertex 85.7791 126.618 120
      vertex 85.7791 126.618 125
      vertex 85.7776 126.55 120
    endloop
  endfacet
  facet normal 0.999762 -0.0218154 0
    outer loop
      vertex 85.7791 126.618 125
      vertex 85.7776 126.55 125
      vertex 85.7776 126.55 120
    endloop
  endfacet
  facet normal 0.999762 0.0218154 0
    outer loop
      vertex 85.7776 126.55 120
      vertex 85.7776 126.55 125
      vertex 85.7791 126.482 120
    endloop
  endfacet
  facet normal 0.999762 0.0218154 0
    outer loop
      vertex 85.7776 126.55 125
      vertex 85.7791 126.482 125
      vertex 85.7791 126.482 120
    endloop
  endfacet
  facet normal 0.997857 0.0654368 0
    outer loop
      vertex 85.7791 126.482 120
      vertex 85.7791 126.482 125
      vertex 85.7835 126.415 120
    endloop
  endfacet
  facet normal 0.997857 0.0654368 0
    outer loop
      vertex 85.7791 126.482 125
      vertex 85.7835 126.415 125
      vertex 85.7835 126.415 120
    endloop
  endfacet
  facet normal 0.994057 0.108859 0
    outer loop
      vertex 85.7835 126.415 120
      vertex 85.7835 126.415 125
      vertex 85.7909 126.348 120
    endloop
  endfacet
  facet normal 0.994057 0.108859 0
    outer loop
      vertex 85.7835 126.415 125
      vertex 85.7909 126.348 125
      vertex 85.7909 126.348 120
    endloop
  endfacet
  facet normal 0.988377 0.152024 0
    outer loop
      vertex 85.7909 126.348 120
      vertex 85.7909 126.348 125
      vertex 85.8011 126.281 120
    endloop
  endfacet
  facet normal 0.988377 0.152024 0
    outer loop
      vertex 85.7909 126.348 125
      vertex 85.8011 126.281 125
      vertex 85.8011 126.281 120
    endloop
  endfacet
  facet normal 0.980779 0.19512 0
    outer loop
      vertex 85.8011 126.281 120
      vertex 85.8011 126.281 125
      vertex 85.8143 126.215 120
    endloop
  endfacet
  facet normal 0.980779 0.19512 0
    outer loop
      vertex 85.8011 126.281 125
      vertex 85.8143 126.215 125
      vertex 85.8143 126.215 120
    endloop
  endfacet
  facet normal 0.971323 0.237763 0
    outer loop
      vertex 85.8143 126.215 120
      vertex 85.8143 126.215 125
      vertex 85.8304 126.149 120
    endloop
  endfacet
  facet normal 0.971323 0.237763 0
    outer loop
      vertex 85.8143 126.215 125
      vertex 85.8304 126.149 125
      vertex 85.8304 126.149 120
    endloop
  endfacet
  facet normal 0.960047 0.279839 0
    outer loop
      vertex 85.8304 126.149 120
      vertex 85.8304 126.149 125
      vertex 85.8493 126.084 120
    endloop
  endfacet
  facet normal 0.960047 0.279839 0
    outer loop
      vertex 85.8304 126.149 125
      vertex 85.8493 126.084 125
      vertex 85.8493 126.084 120
    endloop
  endfacet
  facet normal 0.946962 0.321346 0
    outer loop
      vertex 85.8493 126.084 120
      vertex 85.8493 126.084 125
      vertex 85.8711 126.02 120
    endloop
  endfacet
  facet normal 0.946962 0.321346 0
    outer loop
      vertex 85.8493 126.084 125
      vertex 85.8711 126.02 125
      vertex 85.8711 126.02 120
    endloop
  endfacet
  facet normal 0.932005 0.362446 0
    outer loop
      vertex 85.8711 126.02 120
      vertex 85.8711 126.02 125
      vertex 85.8956 125.957 120
    endloop
  endfacet
  facet normal 0.932005 0.362446 0
    outer loop
      vertex 85.8711 126.02 125
      vertex 85.8956 125.957 125
      vertex 85.8956 125.957 120
    endloop
  endfacet
  facet normal 0.9153 0.402772 0
    outer loop
      vertex 85.8956 125.957 120
      vertex 85.8956 125.957 125
      vertex 85.9228 125.895 120
    endloop
  endfacet
  facet normal 0.9153 0.402772 0
    outer loop
      vertex 85.8956 125.957 125
      vertex 85.9228 125.895 125
      vertex 85.9228 125.895 120
    endloop
  endfacet
  facet normal 0.896881 0.442272 0
    outer loop
      vertex 85.9228 125.895 120
      vertex 85.9228 125.895 125
      vertex 85.9527 125.834 120
    endloop
  endfacet
  facet normal 0.896881 0.442272 0
    outer loop
      vertex 85.9228 125.895 125
      vertex 85.9527 125.834 125
      vertex 85.9527 125.834 120
    endloop
  endfacet
  facet normal 0.876722 0.480997 0
    outer loop
      vertex 85.9527 125.834 120
      vertex 85.9527 125.834 125
      vertex 85.9853 125.775 120
    endloop
  endfacet
  facet normal 0.876722 0.480997 0
    outer loop
      vertex 85.9527 125.834 125
      vertex 85.9853 125.775 125
      vertex 85.9853 125.775 120
    endloop
  endfacet
  facet normal 0.854896 0.5188 0
    outer loop
      vertex 85.9853 125.775 120
      vertex 85.9853 125.775 125
      vertex 86.0203 125.717 120
    endloop
  endfacet
  facet normal 0.854896 0.5188 0
    outer loop
      vertex 85.9853 125.775 125
      vertex 86.0203 125.717 125
      vertex 86.0203 125.717 120
    endloop
  endfacet
  facet normal 0.831491 0.555539 0
    outer loop
      vertex 86.0203 125.717 120
      vertex 86.0203 125.717 125
      vertex 86.0579 125.661 120
    endloop
  endfacet
  facet normal 0.831491 0.555539 0
    outer loop
      vertex 86.0203 125.717 125
      vertex 86.0579 125.661 125
      vertex 86.0579 125.661 120
    endloop
  endfacet
  facet normal 0.806458 0.591292 0
    outer loop
      vertex 86.0579 125.661 120
      vertex 86.0579 125.661 125
      vertex 86.0979 125.606 120
    endloop
  endfacet
  facet normal 0.806458 0.591292 0
    outer loop
      vertex 86.0579 125.661 125
      vertex 86.0979 125.606 125
      vertex 86.0979 125.606 120
    endloop
  endfacet
  facet normal 0.779868 0.625944 0
    outer loop
      vertex 86.0979 125.606 120
      vertex 86.0979 125.606 125
      vertex 86.1402 125.554 120
    endloop
  endfacet
  facet normal 0.779868 0.625944 0
    outer loop
      vertex 86.0979 125.606 125
      vertex 86.1402 125.554 125
      vertex 86.1402 125.554 120
    endloop
  endfacet
  facet normal 0.751812 0.659378 0
    outer loop
      vertex 86.1402 125.554 120
      vertex 86.1402 125.554 125
      vertex 86.1848 125.503 120
    endloop
  endfacet
  facet normal 0.751812 0.659378 0
    outer loop
      vertex 86.1402 125.554 125
      vertex 86.1848 125.503 125
      vertex 86.1848 125.503 120
    endloop
  endfacet
  facet normal 0.722415 0.69146 0
    outer loop
      vertex 86.1848 125.503 120
      vertex 86.1848 125.503 125
      vertex 86.2316 125.454 120
    endloop
  endfacet
  facet normal 0.722415 0.69146 0
    outer loop
      vertex 86.1848 125.503 125
      vertex 86.2316 125.454 125
      vertex 86.2316 125.454 120
    endloop
  endfacet
  facet normal 0.691513 0.722364 0
    outer loop
      vertex 86.2316 125.454 120
      vertex 86.2316 125.454 125
      vertex 86.2804 125.407 120
    endloop
  endfacet
  facet normal 0.691513 0.722364 0
    outer loop
      vertex 86.2316 125.454 125
      vertex 86.2804 125.407 125
      vertex 86.2804 125.407 120
    endloop
  endfacet
  facet normal 0.659315 0.751866 0
    outer loop
      vertex 86.2804 125.407 120
      vertex 86.2804 125.407 125
      vertex 86.3313 125.363 120
    endloop
  endfacet
  facet normal 0.659315 0.751866 0
    outer loop
      vertex 86.2804 125.407 125
      vertex 86.3313 125.363 125
      vertex 86.3313 125.363 120
    endloop
  endfacet
  facet normal 0.625957 0.779857 0
    outer loop
      vertex 86.3313 125.363 120
      vertex 86.3313 125.363 125
      vertex 86.384 125.32 120
    endloop
  endfacet
  facet normal 0.625957 0.779857 0
    outer loop
      vertex 86.3313 125.363 125
      vertex 86.384 125.32 125
      vertex 86.384 125.32 120
    endloop
  endfacet
  facet normal 0.59122 0.80651 0
    outer loop
      vertex 86.384 125.32 120
      vertex 86.384 125.32 125
      vertex 86.4385 125.28 120
    endloop
  endfacet
  facet normal 0.59122 0.80651 0
    outer loop
      vertex 86.384 125.32 125
      vertex 86.4385 125.28 125
      vertex 86.4385 125.28 120
    endloop
  endfacet
  facet normal 0.555666 0.831406 0
    outer loop
      vertex 86.4385 125.28 120
      vertex 86.4385 125.28 125
      vertex 86.4948 125.243 120
    endloop
  endfacet
  facet normal 0.555666 0.831406 0
    outer loop
      vertex 86.4385 125.28 125
      vertex 86.4948 125.243 125
      vertex 86.4948 125.243 120
    endloop
  endfacet
  facet normal 0.518702 0.854955 0
    outer loop
      vertex 86.4948 125.243 120
      vertex 86.4948 125.243 125
      vertex 86.5526 125.208 120
    endloop
  endfacet
  facet normal 0.518702 0.854955 0
    outer loop
      vertex 86.4948 125.243 125
      vertex 86.5526 125.208 125
      vertex 86.5526 125.208 120
    endloop
  endfacet
  facet normal 0.481043 0.876697 0
    outer loop
      vertex 86.5526 125.208 120
      vertex 86.5526 125.208 125
      vertex 86.6119 125.175 120
    endloop
  endfacet
  facet normal 0.481043 0.876697 0
    outer loop
      vertex 86.5526 125.208 125
      vertex 86.6119 125.175 125
      vertex 86.6119 125.175 120
    endloop
  endfacet
  facet normal 0.442227 0.896903 0
    outer loop
      vertex 86.6119 125.175 120
      vertex 86.6119 125.175 125
      vertex 86.6725 125.145 120
    endloop
  endfacet
  facet normal 0.442227 0.896903 0
    outer loop
      vertex 86.6119 125.175 125
      vertex 86.6725 125.145 125
      vertex 86.6725 125.145 120
    endloop
  endfacet
  facet normal 0.402783 0.915296 0
    outer loop
      vertex 86.6725 125.145 120
      vertex 86.6725 125.145 125
      vertex 86.7344 125.118 120
    endloop
  endfacet
  facet normal 0.402783 0.915296 0
    outer loop
      vertex 86.6725 125.145 125
      vertex 86.7344 125.118 125
      vertex 86.7344 125.118 120
    endloop
  endfacet
  facet normal 0.362483 0.93199 0
    outer loop
      vertex 86.7344 125.118 120
      vertex 86.7344 125.118 125
      vertex 86.7975 125.093 120
    endloop
  endfacet
  facet normal 0.362483 0.93199 0
    outer loop
      vertex 86.7344 125.118 125
      vertex 86.7975 125.093 125
      vertex 86.7975 125.093 120
    endloop
  endfacet
  facet normal 0.321478 0.946917 0
    outer loop
      vertex 86.7975 125.093 120
      vertex 86.7975 125.093 125
      vertex 86.8615 125.072 120
    endloop
  endfacet
  facet normal 0.321478 0.946917 0
    outer loop
      vertex 86.7975 125.093 125
      vertex 86.8615 125.072 125
      vertex 86.8615 125.072 120
    endloop
  endfacet
  facet normal 0.279839 0.960047 0
    outer loop
      vertex 86.8615 125.072 120
      vertex 86.8615 125.072 125
      vertex 86.9264 125.053 120
    endloop
  endfacet
  facet normal 0.279839 0.960047 0
    outer loop
      vertex 86.8615 125.072 125
      vertex 86.9264 125.053 125
      vertex 86.9264 125.053 120
    endloop
  endfacet
  facet normal 0.237529 0.97138 0
    outer loop
      vertex 86.9264 125.053 120
      vertex 86.9264 125.053 125
      vertex 86.9921 125.037 120
    endloop
  endfacet
  facet normal 0.237529 0.97138 0
    outer loop
      vertex 86.9264 125.053 125
      vertex 86.9921 125.037 125
      vertex 86.9921 125.037 120
    endloop
  endfacet
  facet normal 0.195226 0.980758 0
    outer loop
      vertex 86.9921 125.037 120
      vertex 86.9921 125.037 125
      vertex 87.0584 125.024 120
    endloop
  endfacet
  facet normal 0.195226 0.980758 0
    outer loop
      vertex 86.9921 125.037 125
      vertex 87.0584 125.024 125
      vertex 87.0584 125.024 120
    endloop
  endfacet
  facet normal 0.152041 0.988374 0
    outer loop
      vertex 87.0584 125.024 120
      vertex 87.0584 125.024 125
      vertex 87.1253 125.013 120
    endloop
  endfacet
  facet normal 0.152041 0.988374 0
    outer loop
      vertex 87.0584 125.024 125
      vertex 87.1253 125.013 125
      vertex 87.1253 125.013 120
    endloop
  endfacet
  facet normal 0.108847 0.994058 0
    outer loop
      vertex 87.1253 125.013 120
      vertex 87.1253 125.013 125
      vertex 87.1925 125.006 120
    endloop
  endfacet
  facet normal 0.108847 0.994058 0
    outer loop
      vertex 87.1253 125.013 125
      vertex 87.1925 125.006 125
      vertex 87.1925 125.006 120
    endloop
  endfacet
  facet normal 0.065444 0.997856 0
    outer loop
      vertex 87.1925 125.006 120
      vertex 87.1925 125.006 125
      vertex 87.26 125.001 120
    endloop
  endfacet
  facet normal 0.065444 0.997856 0
    outer loop
      vertex 87.1925 125.006 125
      vertex 87.26 125.001 125
      vertex 87.26 125.001 120
    endloop
  endfacet
  facet normal 0.0218154 0.999762 0
    outer loop
      vertex 87.26 125.001 120
      vertex 87.26 125.001 125
      vertex 87.3276 125 120
    endloop
  endfacet
  facet normal 0.0218154 0.999762 0
    outer loop
      vertex 87.26 125.001 125
      vertex 87.3276 125 125
      vertex 87.3276 125 120
    endloop
  endfacet
  facet normal -0.021813 0.999762 0
    outer loop
      vertex 87.3276 125 120
      vertex 87.3276 125 125
      vertex 87.3952 125.001 120
    endloop
  endfacet
  facet normal -0.021813 0.999762 0
    outer loop
      vertex 87.3276 125 125
      vertex 87.3952 125.001 125
      vertex 87.3952 125.001 120
    endloop
  endfacet
  facet normal -0.065444 0.997856 0
    outer loop
      vertex 87.3952 125.001 120
      vertex 87.3952 125.001 125
      vertex 87.4627 125.006 120
    endloop
  endfacet
  facet normal -0.065444 0.997856 0
    outer loop
      vertex 87.3952 125.001 125
      vertex 87.4627 125.006 125
      vertex 87.4627 125.006 120
    endloop
  endfacet
  facet normal -0.108847 0.994058 0
    outer loop
      vertex 87.4627 125.006 120
      vertex 87.4627 125.006 125
      vertex 87.5299 125.013 120
    endloop
  endfacet
  facet normal -0.108847 0.994058 0
    outer loop
      vertex 87.4627 125.006 125
      vertex 87.5299 125.013 125
      vertex 87.5299 125.013 120
    endloop
  endfacet
  facet normal -0.152041 0.988374 0
    outer loop
      vertex 87.5299 125.013 120
      vertex 87.5299 125.013 125
      vertex 87.5967 125.024 120
    endloop
  endfacet
  facet normal -0.152041 0.988374 0
    outer loop
      vertex 87.5299 125.013 125
      vertex 87.5967 125.024 125
      vertex 87.5967 125.024 120
    endloop
  endfacet
  facet normal -0.195226 0.980758 0
    outer loop
      vertex 87.5967 125.024 120
      vertex 87.5967 125.024 125
      vertex 87.6631 125.037 120
    endloop
  endfacet
  facet normal -0.195226 0.980758 0
    outer loop
      vertex 87.5967 125.024 125
      vertex 87.6631 125.037 125
      vertex 87.6631 125.037 120
    endloop
  endfacet
  facet normal -0.237555 0.971374 0
    outer loop
      vertex 87.6631 125.037 120
      vertex 87.6631 125.037 125
      vertex 87.7288 125.053 120
    endloop
  endfacet
  facet normal -0.237555 0.971374 0
    outer loop
      vertex 87.6631 125.037 125
      vertex 87.7288 125.053 125
      vertex 87.7288 125.053 120
    endloop
  endfacet
  facet normal -0.279839 0.960047 0
    outer loop
      vertex 87.7288 125.053 120
      vertex 87.7288 125.053 125
      vertex 87.7937 125.072 120
    endloop
  endfacet
  facet normal -0.279839 0.960047 0
    outer loop
      vertex 87.7288 125.053 125
      vertex 87.7937 125.072 125
      vertex 87.7937 125.072 120
    endloop
  endfacet
  facet normal -0.321478 0.946917 0
    outer loop
      vertex 87.7937 125.072 120
      vertex 87.7937 125.072 125
      vertex 87.8577 125.093 120
    endloop
  endfacet
  facet normal -0.321478 0.946917 0
    outer loop
      vertex 87.7937 125.072 125
      vertex 87.8577 125.093 125
      vertex 87.8577 125.093 120
    endloop
  endfacet
  facet normal -0.362446 0.932005 0
    outer loop
      vertex 87.8577 125.093 120
      vertex 87.8577 125.093 125
      vertex 87.9207 125.118 120
    endloop
  endfacet
  facet normal -0.362446 0.932005 0
    outer loop
      vertex 87.8577 125.093 125
      vertex 87.9207 125.118 125
      vertex 87.9207 125.118 120
    endloop
  endfacet
  facet normal -0.402783 0.915296 0
    outer loop
      vertex 87.9207 125.118 120
      vertex 87.9207 125.118 125
      vertex 87.9826 125.145 120
    endloop
  endfacet
  facet normal -0.402783 0.915296 0
    outer loop
      vertex 87.9207 125.118 125
      vertex 87.9826 125.145 125
      vertex 87.9826 125.145 120
    endloop
  endfacet
  facet normal -0.442271 0.896882 0
    outer loop
      vertex 87.9826 125.145 120
      vertex 87.9826 125.145 125
      vertex 88.0433 125.175 120
    endloop
  endfacet
  facet normal -0.442271 0.896882 0
    outer loop
      vertex 87.9826 125.145 125
      vertex 88.0433 125.175 125
      vertex 88.0433 125.175 120
    endloop
  endfacet
  facet normal -0.480997 0.876722 0
    outer loop
      vertex 88.0433 125.175 120
      vertex 88.0433 125.175 125
      vertex 88.1026 125.208 120
    endloop
  endfacet
  facet normal -0.480997 0.876722 0
    outer loop
      vertex 88.0433 125.175 125
      vertex 88.1026 125.208 125
      vertex 88.1026 125.208 120
    endloop
  endfacet
  facet normal -0.518702 0.854955 0
    outer loop
      vertex 88.1026 125.208 120
      vertex 88.1026 125.208 125
      vertex 88.1604 125.243 120
    endloop
  endfacet
  facet normal -0.518702 0.854955 0
    outer loop
      vertex 88.1026 125.208 125
      vertex 88.1604 125.243 125
      vertex 88.1604 125.243 120
    endloop
  endfacet
  facet normal -0.555666 0.831406 0
    outer loop
      vertex 88.1604 125.243 120
      vertex 88.1604 125.243 125
      vertex 88.2166 125.28 120
    endloop
  endfacet
  facet normal -0.555666 0.831406 0
    outer loop
      vertex 88.1604 125.243 125
      vertex 88.2166 125.28 125
      vertex 88.2166 125.28 120
    endloop
  endfacet
  facet normal -0.59122 0.80651 0
    outer loop
      vertex 88.2166 125.28 120
      vertex 88.2166 125.28 125
      vertex 88.2712 125.32 120
    endloop
  endfacet
  facet normal -0.59122 0.80651 0
    outer loop
      vertex 88.2166 125.28 125
      vertex 88.2712 125.32 125
      vertex 88.2712 125.32 120
    endloop
  endfacet
  facet normal -0.626011 0.779814 0
    outer loop
      vertex 88.2712 125.32 120
      vertex 88.2712 125.32 125
      vertex 88.3239 125.363 120
    endloop
  endfacet
  facet normal -0.626011 0.779814 0
    outer loop
      vertex 88.2712 125.32 125
      vertex 88.3239 125.363 125
      vertex 88.3239 125.363 120
    endloop
  endfacet
  facet normal -0.659315 0.751866 0
    outer loop
      vertex 88.3239 125.363 120
      vertex 88.3239 125.363 125
      vertex 88.3747 125.407 120
    endloop
  endfacet
  facet normal -0.659315 0.751866 0
    outer loop
      vertex 88.3239 125.363 125
      vertex 88.3747 125.407 125
      vertex 88.3747 125.407 120
    endloop
  endfacet
  facet normal -0.691458 0.722417 0
    outer loop
      vertex 88.3747 125.407 120
      vertex 88.3747 125.407 125
      vertex 88.4236 125.454 120
    endloop
  endfacet
  facet normal -0.691458 0.722417 0
    outer loop
      vertex 88.3747 125.407 125
      vertex 88.4236 125.454 125
      vertex 88.4236 125.454 120
    endloop
  endfacet
  facet normal -0.722415 0.69146 0
    outer loop
      vertex 88.4236 125.454 120
      vertex 88.4236 125.454 125
      vertex 88.4704 125.503 120
    endloop
  endfacet
  facet normal -0.722415 0.69146 0
    outer loop
      vertex 88.4236 125.454 125
      vertex 88.4704 125.503 125
      vertex 88.4704 125.503 120
    endloop
  endfacet
  facet normal -0.751866 0.659315 0
    outer loop
      vertex 88.4704 125.503 120
      vertex 88.4704 125.503 125
      vertex 88.515 125.554 120
    endloop
  endfacet
  facet normal -0.751866 0.659315 0
    outer loop
      vertex 88.4704 125.503 125
      vertex 88.515 125.554 125
      vertex 88.515 125.554 120
    endloop
  endfacet
  facet normal -0.779814 0.626011 0
    outer loop
      vertex 88.515 125.554 120
      vertex 88.515 125.554 125
      vertex 88.5573 125.606 120
    endloop
  endfacet
  facet normal -0.779814 0.626011 0
    outer loop
      vertex 88.515 125.554 125
      vertex 88.5573 125.606 125
      vertex 88.5573 125.606 120
    endloop
  endfacet
  facet normal -0.806458 0.591292 0
    outer loop
      vertex 88.5573 125.606 120
      vertex 88.5573 125.606 125
      vertex 88.5973 125.661 120
    endloop
  endfacet
  facet normal -0.806458 0.591292 0
    outer loop
      vertex 88.5573 125.606 125
      vertex 88.5973 125.661 125
      vertex 88.5973 125.661 120
    endloop
  endfacet
  facet normal -0.831541 0.555463 0
    outer loop
      vertex 88.5973 125.661 120
      vertex 88.5973 125.661 125
      vertex 88.6348 125.717 120
    endloop
  endfacet
  facet normal -0.831541 0.555463 0
    outer loop
      vertex 88.5973 125.661 125
      vertex 88.6348 125.717 125
      vertex 88.6348 125.717 120
    endloop
  endfacet
  facet normal -0.854847 0.51888 0
    outer loop
      vertex 88.6348 125.717 120
      vertex 88.6348 125.717 125
      vertex 88.6699 125.775 120
    endloop
  endfacet
  facet normal -0.854847 0.51888 0
    outer loop
      vertex 88.6348 125.717 125
      vertex 88.6699 125.775 125
      vertex 88.6699 125.775 120
    endloop
  endfacet
  facet normal -0.876722 0.480997 0
    outer loop
      vertex 88.6699 125.775 120
      vertex 88.6699 125.775 125
      vertex 88.7025 125.834 120
    endloop
  endfacet
  facet normal -0.876722 0.480997 0
    outer loop
      vertex 88.6699 125.775 125
      vertex 88.7025 125.834 125
      vertex 88.7025 125.834 120
    endloop
  endfacet
  facet normal -0.896925 0.442183 0
    outer loop
      vertex 88.7025 125.834 120
      vertex 88.7025 125.834 125
      vertex 88.7324 125.895 120
    endloop
  endfacet
  facet normal -0.896925 0.442183 0
    outer loop
      vertex 88.7025 125.834 125
      vertex 88.7324 125.895 125
      vertex 88.7324 125.895 120
    endloop
  endfacet
  facet normal -0.91526 0.402864 0
    outer loop
      vertex 88.7324 125.895 120
      vertex 88.7324 125.895 125
      vertex 88.7596 125.957 120
    endloop
  endfacet
  facet normal -0.91526 0.402864 0
    outer loop
      vertex 88.7324 125.895 125
      vertex 88.7596 125.957 125
      vertex 88.7596 125.957 120
    endloop
  endfacet
  facet normal -0.932005 0.362446 0
    outer loop
      vertex 88.7596 125.957 120
      vertex 88.7596 125.957 125
      vertex 88.7841 126.02 120
    endloop
  endfacet
  facet normal -0.932005 0.362446 0
    outer loop
      vertex 88.7596 125.957 125
      vertex 88.7841 126.02 125
      vertex 88.7841 126.02 120
    endloop
  endfacet
  facet normal -0.946962 0.321346 0
    outer loop
      vertex 88.7841 126.02 120
      vertex 88.7841 126.02 125
      vertex 88.8058 126.084 120
    endloop
  endfacet
  facet normal -0.946962 0.321346 0
    outer loop
      vertex 88.7841 126.02 125
      vertex 88.8058 126.084 125
      vertex 88.8058 126.084 120
    endloop
  endfacet
  facet normal -0.960047 0.279839 0
    outer loop
      vertex 88.8058 126.084 120
      vertex 88.8058 126.084 125
      vertex 88.8248 126.149 120
    endloop
  endfacet
  facet normal -0.960047 0.279839 0
    outer loop
      vertex 88.8058 126.084 125
      vertex 88.8248 126.149 125
      vertex 88.8248 126.149 120
    endloop
  endfacet
  facet normal -0.971323 0.237763 0
    outer loop
      vertex 88.8248 126.149 120
      vertex 88.8248 126.149 125
      vertex 88.8408 126.215 120
    endloop
  endfacet
  facet normal -0.971323 0.237763 0
    outer loop
      vertex 88.8248 126.149 125
      vertex 88.8408 126.215 125
      vertex 88.8408 126.215 120
    endloop
  endfacet
  facet normal -0.9808 0.195014 0
    outer loop
      vertex 88.8408 126.215 120
      vertex 88.8408 126.215 125
      vertex 88.854 126.281 120
    endloop
  endfacet
  facet normal -0.9808 0.195014 0
    outer loop
      vertex 88.8408 126.215 125
      vertex 88.854 126.281 125
      vertex 88.854 126.281 120
    endloop
  endfacet
  facet normal -0.98836 0.152132 0
    outer loop
      vertex 88.854 126.281 120
      vertex 88.854 126.281 125
      vertex 88.8643 126.348 120
    endloop
  endfacet
  facet normal -0.98836 0.152132 0
    outer loop
      vertex 88.854 126.281 125
      vertex 88.8643 126.348 125
      vertex 88.8643 126.348 120
    endloop
  endfacet
  facet normal -0.994057 0.108859 0
    outer loop
      vertex 88.8643 126.348 120
      vertex 88.8643 126.348 125
      vertex 88.8717 126.415 120
    endloop
  endfacet
  facet normal -0.994057 0.108859 0
    outer loop
      vertex 88.8643 126.348 125
      vertex 88.8717 126.415 125
      vertex 88.8717 126.415 120
    endloop
  endfacet
  facet normal -0.997857 0.0654368 0
    outer loop
      vertex 88.8717 126.415 120
      vertex 88.8717 126.415 125
      vertex 88.8761 126.482 120
    endloop
  endfacet
  facet normal -0.997857 0.0654368 0
    outer loop
      vertex 88.8717 126.415 125
      vertex 88.8761 126.482 125
      vertex 88.8761 126.482 120
    endloop
  endfacet
  facet normal -0.999762 0.0218154 0
    outer loop
      vertex 88.8761 126.482 120
      vertex 88.8761 126.482 125
      vertex 88.8776 126.55 120
    endloop
  endfacet
  facet normal -0.999762 0.0218154 0
    outer loop
      vertex 88.8761 126.482 125
      vertex 88.8776 126.55 125
      vertex 88.8776 126.55 120
    endloop
  endfacet
  facet normal 0 1 0
    outer loop
      vertex -45 -47.1315 120
      vertex -45 -47.1315 125
      vertex -6.93889e-15 -47.1315 120
    endloop
  endfacet
  facet normal 0 1 0
    outer loop
      vertex -45 -47.1315 125
      vertex 1.04083e-14 -47.1315 125
      vertex -6.93889e-15 -47.1315 120
    endloop
  endfacet
  facet normal 0 1 0
    outer loop
      vertex -6.93889e-15 -47.1315 120
      vertex 1.04083e-14 -47.1315 125
      vertex 33.9 -47.1315 120
    endloop
  endfacet
  facet normal 0 1 0
    outer loop
      vertex 1.04083e-14 -47.1315 125
      vertex 33.9 -47.1315 125
      vertex 33.9 -47.1315 120
    endloop
  endfacet
  facet normal 0 1 0
    outer loop
      vertex 33.9 -47.1315 120
      vertex 33.9 -47.1315 125
      vertex 45 -47.1315 120
    endloop
  endfacet
  facet normal 0 1 0
    outer loop
      vertex 33.9 -47.1315 125
      vertex 45 -47.1315 125
      vertex 45 -47.1315 120
    endloop
  endfacet
  facet normal -0.999762 -0.0218382 0
    outer loop
      vertex -20.2 -78.5 120
      vertex -20.2 -78.5 125
      vertex -20.2012 -78.4433 120
    endloop
  endfacet
  facet normal -0.999762 -0.0218382 0
    outer loop
      vertex -20.2 -78.5 125
      vertex -20.2012 -78.4433 125
      vertex -20.2012 -78.4433 120
    endloop
  endfacet
  facet normal -0.99786 -0.0653791 0
    outer loop
      vertex -20.2012 -78.4433 120
      vertex -20.2012 -78.4433 125
      vertex -20.2049 -78.3867 120
    endloop
  endfacet
  facet normal -0.99786 -0.0653791 0
    outer loop
      vertex -20.2012 -78.4433 125
      vertex -20.2049 -78.3867 125
      vertex -20.2049 -78.3867 120
    endloop
  endfacet
  facet normal -0.994056 -0.108871 0
    outer loop
      vertex -20.2049 -78.3867 120
      vertex -20.2049 -78.3867 125
      vertex -20.2111 -78.3303 120
    endloop
  endfacet
  facet normal -0.994056 -0.108871 0
    outer loop
      vertex -20.2049 -78.3867 125
      vertex -20.2111 -78.3303 125
      vertex -20.2111 -78.3303 120
    endloop
  endfacet
  facet normal -0.988358 -0.152148 0
    outer loop
      vertex -20.2111 -78.3303 120
      vertex -20.2111 -78.3303 125
      vertex -20.2198 -78.2743 120
    endloop
  endfacet
  facet normal -0.988358 -0.152148 0
    outer loop
      vertex -20.2111 -78.3303 125
      vertex -20.2198 -78.2743 125
      vertex -20.2198 -78.2743 120
    endloop
  endfacet
  facet normal -0.980787 -0.19508 0
    outer loop
      vertex -20.2198 -78.2743 120
      vertex -20.2198 -78.2743 125
      vertex -20.2308 -78.2186 120
    endloop
  endfacet
  facet normal -0.980787 -0.19508 0
    outer loop
      vertex -20.2198 -78.2743 125
      vertex -20.2308 -78.2186 125
      vertex -20.2308 -78.2186 120
    endloop
  endfacet
  facet normal -0.971343 -0.23768 0
    outer loop
      vertex -20.2308 -78.2186 120
      vertex -20.2308 -78.2186 125
      vertex -20.2443 -78.1635 120
    endloop
  endfacet
  facet normal -0.971343 -0.23768 0
    outer loop
      vertex -20.2308 -78.2186 125
      vertex -20.2443 -78.1635 125
      vertex -20.2443 -78.1635 120
    endloop
  endfacet
  facet normal -0.960044 -0.279849 0
    outer loop
      vertex -20.2443 -78.1635 120
      vertex -20.2443 -78.1635 125
      vertex -20.2602 -78.1091 120
    endloop
  endfacet
  facet normal -0.960044 -0.279849 0
    outer loop
      vertex -20.2443 -78.1635 125
      vertex -20.2602 -78.1091 125
      vertex -20.2602 -78.1091 120
    endloop
  endfacet
  facet normal -0.946935 -0.321425 0
    outer loop
      vertex -20.2602 -78.1091 120
      vertex -20.2602 -78.1091 125
      vertex -20.2784 -78.0554 120
    endloop
  endfacet
  facet normal -0.946935 -0.321425 0
    outer loop
      vertex -20.2602 -78.1091 125
      vertex -20.2784 -78.0554 125
      vertex -20.2784 -78.0554 120
    endloop
  endfacet
  facet normal -0.932012 -0.362427 0
    outer loop
      vertex -20.2784 -78.0554 120
      vertex -20.2784 -78.0554 125
      vertex -20.299 -78.0025 120
    endloop
  endfacet
  facet normal -0.932012 -0.362427 0
    outer loop
      vertex -20.2784 -78.0554 125
      vertex -20.299 -78.0025 125
      vertex -20.299 -78.0025 120
    endloop
  endfacet
  facet normal -0.915311 -0.402747 0
    outer loop
      vertex -20.299 -78.0025 120
      vertex -20.299 -78.0025 125
      vertex -20.3218 -77.9506 120
    endloop
  endfacet
  facet normal -0.915311 -0.402747 0
    outer loop
      vertex -20.299 -78.0025 125
      vertex -20.3218 -77.9506 125
      vertex -20.3218 -77.9506 120
    endloop
  endfacet
  facet normal -0.896883 -0.442268 0
    outer loop
      vertex -20.3218 -77.9506 120
      vertex -20.3218 -77.9506 125
      vertex -20.3469 -77.8997 120
    endloop
  endfacet
  facet normal -0.896883 -0.442268 0
    outer loop
      vertex -20.3218 -77.9506 125
      vertex -20.3469 -77.8997 125
      vertex -20.3469 -77.8997 120
    endloop
  endfacet
  facet normal -0.876712 -0.481016 0
    outer loop
      vertex -20.3469 -77.8997 120
      vertex -20.3469 -77.8997 125
      vertex -20.3742 -77.85 120
    endloop
  endfacet
  facet normal -0.876712 -0.481016 0
    outer loop
      vertex -20.3469 -77.8997 125
      vertex -20.3742 -77.85 125
      vertex -20.3742 -77.85 120
    endloop
  endfacet
  facet normal -0.854906 -0.518783 0
    outer loop
      vertex -20.3742 -77.85 120
      vertex -20.3742 -77.85 125
      vertex -20.4036 -77.8015 120
    endloop
  endfacet
  facet normal -0.854906 -0.518783 0
    outer loop
      vertex -20.3742 -77.85 125
      vertex -20.4036 -77.8015 125
      vertex -20.4036 -77.8015 120
    endloop
  endfacet
  facet normal -0.831489 -0.555541 0
    outer loop
      vertex -20.4036 -77.8015 120
      vertex -20.4036 -77.8015 125
      vertex -20.4351 -77.7543 120
    endloop
  endfacet
  facet normal -0.831489 -0.555541 0
    outer loop
      vertex -20.4036 -77.8015 125
      vertex -20.4351 -77.7543 125
      vertex -20.4351 -77.7543 120
    endloop
  endfacet
  facet normal -0.806432 -0.591327 0
    outer loop
      vertex -20.4351 -77.7543 120
      vertex -20.4351 -77.7543 125
      vertex -20.4686 -77.7086 120
    endloop
  endfacet
  facet normal -0.806432 -0.591327 0
    outer loop
      vertex -20.4351 -77.7543 125
      vertex -20.4686 -77.7086 125
      vertex -20.4686 -77.7086 120
    endloop
  endfacet
  facet normal -0.779881 -0.625928 0
    outer loop
      vertex -20.4686 -77.7086 120
      vertex -20.4686 -77.7086 125
      vertex -20.5041 -77.6644 120
    endloop
  endfacet
  facet normal -0.779881 -0.625928 0
    outer loop
      vertex -20.4686 -77.7086 125
      vertex -20.5041 -77.6644 125
      vertex -20.5041 -77.6644 120
    endloop
  endfacet
  facet normal -0.751819 -0.659369 0
    outer loop
      vertex -20.5041 -77.6644 120
      vertex -20.5041 -77.6644 125
      vertex -20.5415 -77.6217 120
    endloop
  endfacet
  facet normal -0.751819 -0.659369 0
    outer loop
      vertex -20.5041 -77.6644 125
      vertex -20.5415 -77.6217 125
      vertex -20.5415 -77.6217 120
    endloop
  endfacet
  facet normal -0.722357 -0.69152 0
    outer loop
      vertex -20.5415 -77.6217 120
      vertex -20.5415 -77.6217 125
      vertex -20.5808 -77.5808 120
    endloop
  endfacet
  facet normal -0.722357 -0.69152 0
    outer loop
      vertex -20.5415 -77.6217 125
      vertex -20.5808 -77.5808 125
      vertex -20.5808 -77.5808 120
    endloop
  endfacet
  facet normal -0.691571 -0.722308 0
    outer loop
      vertex -20.5808 -77.5808 120
      vertex -20.5808 -77.5808 125
      vertex -20.6217 -77.5415 120
    endloop
  endfacet
  facet normal -0.691571 -0.722308 0
    outer loop
      vertex -20.5808 -77.5808 125
      vertex -20.6217 -77.5415 125
      vertex -20.6217 -77.5415 120
    endloop
  endfacet
  facet normal -0.659318 -0.751864 0
    outer loop
      vertex -20.6217 -77.5415 120
      vertex -20.6217 -77.5415 125
      vertex -20.6644 -77.5041 120
    endloop
  endfacet
  facet normal -0.659318 -0.751864 0
    outer loop
      vertex -20.6217 -77.5415 125
      vertex -20.6644 -77.5041 125
      vertex -20.6644 -77.5041 120
    endloop
  endfacet
  facet normal -0.625928 -0.779881 0
    outer loop
      vertex -20.6644 -77.5041 120
      vertex -20.6644 -77.5041 125
      vertex -20.7086 -77.4686 120
    endloop
  endfacet
  facet normal -0.625928 -0.779881 0
    outer loop
      vertex -20.6644 -77.5041 125
      vertex -20.7086 -77.4686 125
      vertex -20.7086 -77.4686 120
    endloop
  endfacet
  facet normal -0.591268 -0.806475 0
    outer loop
      vertex -20.7086 -77.4686 120
      vertex -20.7086 -77.4686 125
      vertex -20.7544 -77.4351 120
    endloop
  endfacet
  facet normal -0.591268 -0.806475 0
    outer loop
      vertex -20.7086 -77.4686 125
      vertex -20.7544 -77.4351 125
      vertex -20.7544 -77.4351 120
    endloop
  endfacet
  facet normal -0.555624 -0.831433 0
    outer loop
      vertex -20.7544 -77.4351 120
      vertex -20.7544 -77.4351 125
      vertex -20.8015 -77.4036 120
    endloop
  endfacet
  facet normal -0.555624 -0.831433 0
    outer loop
      vertex -20.7544 -77.4351 125
      vertex -20.8015 -77.4036 125
      vertex -20.8015 -77.4036 120
    endloop
  endfacet
  facet normal -0.518744 -0.85493 0
    outer loop
      vertex -20.8015 -77.4036 120
      vertex -20.8015 -77.4036 125
      vertex -20.85 -77.3742 120
    endloop
  endfacet
  facet normal -0.518744 -0.85493 0
    outer loop
      vertex -20.8015 -77.4036 125
      vertex -20.85 -77.3742 125
      vertex -20.85 -77.3742 120
    endloop
  endfacet
  facet normal -0.481041 -0.876698 0
    outer loop
      vertex -20.85 -77.3742 120
      vertex -20.85 -77.3742 125
      vertex -20.8997 -77.3469 120
    endloop
  endfacet
  facet normal -0.481041 -0.876698 0
    outer loop
      vertex -20.85 -77.3742 125
      vertex -20.8997 -77.3469 125
      vertex -20.8997 -77.3469 120
    endloop
  endfacet
  facet normal -0.442281 -0.896877 0
    outer loop
      vertex -20.8997 -77.3469 120
      vertex -20.8997 -77.3469 125
      vertex -20.9506 -77.3218 120
    endloop
  endfacet
  facet normal -0.442281 -0.896877 0
    outer loop
      vertex -20.8997 -77.3469 125
      vertex -20.9506 -77.3218 125
      vertex -20.9506 -77.3218 120
    endloop
  endfacet
  facet normal -0.402747 -0.915311 0
    outer loop
      vertex -20.9506 -77.3218 120
      vertex -20.9506 -77.3218 125
      vertex -21.0025 -77.299 120
    endloop
  endfacet
  facet normal -0.402747 -0.915311 0
    outer loop
      vertex -20.9506 -77.3218 125
      vertex -21.0025 -77.299 125
      vertex -21.0025 -77.299 120
    endloop
  endfacet
  facet normal -0.362427 -0.932012 0
    outer loop
      vertex -21.0025 -77.299 120
      vertex -21.0025 -77.299 125
      vertex -21.0554 -77.2784 120
    endloop
  endfacet
  facet normal -0.362427 -0.932012 0
    outer loop
      vertex -21.0025 -77.299 125
      vertex -21.0554 -77.2784 125
      vertex -21.0554 -77.2784 120
    endloop
  endfacet
  facet normal -0.321445 -0.946928 0
    outer loop
      vertex -21.0554 -77.2784 120
      vertex -21.0554 -77.2784 125
      vertex -21.1091 -77.2602 120
    endloop
  endfacet
  facet normal -0.321445 -0.946928 0
    outer loop
      vertex -21.0554 -77.2784 125
      vertex -21.1091 -77.2602 125
      vertex -21.1091 -77.2602 120
    endloop
  endfacet
  facet normal -0.279801 -0.960058 0
    outer loop
      vertex -21.1091 -77.2602 120
      vertex -21.1091 -77.2602 125
      vertex -21.1635 -77.2443 120
    endloop
  endfacet
  facet normal -0.279801 -0.960058 0
    outer loop
      vertex -21.1091 -77.2602 125
      vertex -21.1635 -77.2443 125
      vertex -21.1635 -77.2443 120
    endloop
  endfacet
  facet normal -0.237634 -0.971355 0
    outer loop
      vertex -21.1635 -77.2443 120
      vertex -21.1635 -77.2443 125
      vertex -21.2186 -77.2308 120
    endloop
  endfacet
  facet normal -0.237634 -0.971355 0
    outer loop
      vertex -21.1635 -77.2443 125
      vertex -21.2186 -77.2308 125
      vertex -21.2186 -77.2308 120
    endloop
  endfacet
  facet normal -0.195194 -0.980765 0
    outer loop
      vertex -21.2186 -77.2308 120
      vertex -21.2186 -77.2308 125
      vertex -21.2743 -77.2197 120
    endloop
  endfacet
  facet normal -0.195194 -0.980765 0
    outer loop
      vertex -21.2186 -77.2308 125
      vertex -21.2743 -77.2197 125
      vertex -21.2743 -77.2197 120
    endloop
  endfacet
  facet normal -0.152116 -0.988363 0
    outer loop
      vertex -21.2743 -77.2197 120
      vertex -21.2743 -77.2197 125
      vertex -21.3303 -77.2111 120
    endloop
  endfacet
  facet normal -0.152116 -0.988363 0
    outer loop
      vertex -21.2743 -77.2197 125
      vertex -21.3303 -77.2111 125
      vertex -21.3303 -77.2111 120
    endloop
  endfacet
  facet normal -0.108766 -0.994067 0
    outer loop
      vertex -21.3303 -77.2111 120
      vertex -21.3303 -77.2111 125
      vertex -21.3867 -77.205 120
    endloop
  endfacet
  facet normal -0.108766 -0.994067 0
    outer loop
      vertex -21.3303 -77.2111 125
      vertex -21.3867 -77.205 125
      vertex -21.3867 -77.205 120
    endloop
  endfacet
  facet normal -0.0654182 -0.997858 0
    outer loop
      vertex -21.3867 -77.205 120
      vertex -21.3867 -77.205 125
      vertex -21.4433 -77.2012 120
    endloop
  endfacet
  facet normal -0.0654182 -0.997858 0
    outer loop
      vertex -21.3867 -77.205 125
      vertex -21.4433 -77.2012 125
      vertex -21.4433 -77.2012 120
    endloop
  endfacet
  facet normal -0.0218054 -0.999762 0
    outer loop
      vertex -21.4433 -77.2012 120
      vertex -21.4433 -77.2012 125
      vertex -21.5 -77.2 120
    endloop
  endfacet
  facet normal -0.0218054 -0.999762 0
    outer loop
      vertex -21.4433 -77.2012 125
      vertex -21.5 -77.2 125
      vertex -21.5 -77.2 120
    endloop
  endfacet
  facet normal 0.0218061 -0.999762 0
    outer loop
      vertex -21.5 -77.2 120
      vertex -21.5 -77.2 125
      vertex -21.5567 -77.2012 120
    endloop
  endfacet
  facet normal 0.0218061 -0.999762 0
    outer loop
      vertex -21.5 -77.2 125
      vertex -21.5567 -77.2012 125
      vertex -21.5567 -77.2012 120
    endloop
  endfacet
  facet normal 0.0654182 -0.997858 0
    outer loop
      vertex -21.5567 -77.2012 120
      vertex -21.5567 -77.2012 125
      vertex -21.6133 -77.205 120
    endloop
  endfacet
  facet normal 0.0654182 -0.997858 0
    outer loop
      vertex -21.5567 -77.2012 125
      vertex -21.6133 -77.205 125
      vertex -21.6133 -77.205 120
    endloop
  endfacet
  facet normal 0.108766 -0.994067 0
    outer loop
      vertex -21.6133 -77.205 120
      vertex -21.6133 -77.205 125
      vertex -21.6697 -77.2111 120
    endloop
  endfacet
  facet normal 0.108766 -0.994067 0
    outer loop
      vertex -21.6133 -77.205 125
      vertex -21.6697 -77.2111 125
      vertex -21.6697 -77.2111 120
    endloop
  endfacet
  facet normal 0.152116 -0.988363 0
    outer loop
      vertex -21.6697 -77.2111 120
      vertex -21.6697 -77.2111 125
      vertex -21.7257 -77.2197 120
    endloop
  endfacet
  facet normal 0.152116 -0.988363 0
    outer loop
      vertex -21.6697 -77.2111 125
      vertex -21.7257 -77.2197 125
      vertex -21.7257 -77.2197 120
    endloop
  endfacet
  facet normal 0.195194 -0.980765 0
    outer loop
      vertex -21.7257 -77.2197 120
      vertex -21.7257 -77.2197 125
      vertex -21.7814 -77.2308 120
    endloop
  endfacet
  facet normal 0.195194 -0.980765 0
    outer loop
      vertex -21.7257 -77.2197 125
      vertex -21.7814 -77.2308 125
      vertex -21.7814 -77.2308 120
    endloop
  endfacet
  facet normal 0.237634 -0.971355 0
    outer loop
      vertex -21.7814 -77.2308 120
      vertex -21.7814 -77.2308 125
      vertex -21.8365 -77.2443 120
    endloop
  endfacet
  facet normal 0.237634 -0.971355 0
    outer loop
      vertex -21.7814 -77.2308 125
      vertex -21.8365 -77.2443 125
      vertex -21.8365 -77.2443 120
    endloop
  endfacet
  facet normal 0.279801 -0.960058 0
    outer loop
      vertex -21.8365 -77.2443 120
      vertex -21.8365 -77.2443 125
      vertex -21.8909 -77.2602 120
    endloop
  endfacet
  facet normal 0.279801 -0.960058 0
    outer loop
      vertex -21.8365 -77.2443 125
      vertex -21.8909 -77.2602 125
      vertex -21.8909 -77.2602 120
    endloop
  endfacet
  facet normal 0.321445 -0.946928 0
    outer loop
      vertex -21.8909 -77.2602 120
      vertex -21.8909 -77.2602 125
      vertex -21.9446 -77.2784 120
    endloop
  endfacet
  facet normal 0.321445 -0.946928 0
    outer loop
      vertex -21.8909 -77.2602 125
      vertex -21.9446 -77.2784 125
      vertex -21.9446 -77.2784 120
    endloop
  endfacet
  facet normal 0.362416 -0.932016 0
    outer loop
      vertex -21.9446 -77.2784 120
      vertex -21.9446 -77.2784 125
      vertex -21.9975 -77.299 120
    endloop
  endfacet
  facet normal 0.362416 -0.932016 0
    outer loop
      vertex -21.9446 -77.2784 125
      vertex -21.9975 -77.299 125
      vertex -21.9975 -77.299 120
    endloop
  endfacet
  facet normal 0.40276 -0.915306 0
    outer loop
      vertex -21.9975 -77.299 120
      vertex -21.9975 -77.299 125
      vertex -22.0494 -77.3218 120
    endloop
  endfacet
  facet normal 0.40276 -0.915306 0
    outer loop
      vertex -21.9975 -77.299 125
      vertex -22.0494 -77.3218 125
      vertex -22.0494 -77.3218 120
    endloop
  endfacet
  facet normal 0.442281 -0.896877 0
    outer loop
      vertex -22.0494 -77.3218 120
      vertex -22.0494 -77.3218 125
      vertex -22.1003 -77.3469 120
    endloop
  endfacet
  facet normal 0.442281 -0.896877 0
    outer loop
      vertex -22.0494 -77.3218 125
      vertex -22.1003 -77.3469 125
      vertex -22.1003 -77.3469 120
    endloop
  endfacet
  facet normal 0.481027 -0.876706 0
    outer loop
      vertex -22.1003 -77.3469 120
      vertex -22.1003 -77.3469 125
      vertex -22.15 -77.3742 120
    endloop
  endfacet
  facet normal 0.481027 -0.876706 0
    outer loop
      vertex -22.1003 -77.3469 125
      vertex -22.15 -77.3742 125
      vertex -22.15 -77.3742 120
    endloop
  endfacet
  facet normal 0.518759 -0.854921 0
    outer loop
      vertex -22.15 -77.3742 120
      vertex -22.15 -77.3742 125
      vertex -22.1985 -77.4036 120
    endloop
  endfacet
  facet normal 0.518759 -0.854921 0
    outer loop
      vertex -22.15 -77.3742 125
      vertex -22.1985 -77.4036 125
      vertex -22.1985 -77.4036 120
    endloop
  endfacet
  facet normal 0.555624 -0.831433 0
    outer loop
      vertex -22.1985 -77.4036 120
      vertex -22.1985 -77.4036 125
      vertex -22.2456 -77.4351 120
    endloop
  endfacet
  facet normal 0.555624 -0.831433 0
    outer loop
      vertex -22.1985 -77.4036 125
      vertex -22.2456 -77.4351 125
      vertex -22.2456 -77.4351 120
    endloop
  endfacet
  facet normal 0.591268 -0.806475 0
    outer loop
      vertex -22.2456 -77.4351 120
      vertex -22.2456 -77.4351 125
      vertex -22.2914 -77.4686 120
    endloop
  endfacet
  facet normal 0.591268 -0.806475 0
    outer loop
      vertex -22.2456 -77.4351 125
      vertex -22.2914 -77.4686 125
      vertex -22.2914 -77.4686 120
    endloop
  endfacet
  facet normal 0.625928 -0.779881 0
    outer loop
      vertex -22.2914 -77.4686 120
      vertex -22.2914 -77.4686 125
      vertex -22.3356 -77.5041 120
    endloop
  endfacet
  facet normal 0.625928 -0.779881 0
    outer loop
      vertex -22.2914 -77.4686 125
      vertex -22.3356 -77.5041 125
      vertex -22.3356 -77.5041 120
    endloop
  endfacet
  facet normal 0.659318 -0.751864 0
    outer loop
      vertex -22.3356 -77.5041 120
      vertex -22.3356 -77.5041 125
      vertex -22.3783 -77.5415 120
    endloop
  endfacet
  facet normal 0.659318 -0.751864 0
    outer loop
      vertex -22.3356 -77.5041 125
      vertex -22.3783 -77.5415 125
      vertex -22.3783 -77.5415 120
    endloop
  endfacet
  facet normal 0.691571 -0.722308 0
    outer loop
      vertex -22.3783 -77.5415 120
      vertex -22.3783 -77.5415 125
      vertex -22.4192 -77.5808 120
    endloop
  endfacet
  facet normal 0.691571 -0.722308 0
    outer loop
      vertex -22.3783 -77.5415 125
      vertex -22.4192 -77.5808 125
      vertex -22.4192 -77.5808 120
    endloop
  endfacet
  facet normal 0.722357 -0.69152 0
    outer loop
      vertex -22.4192 -77.5808 120
      vertex -22.4192 -77.5808 125
      vertex -22.4585 -77.6217 120
    endloop
  endfacet
  facet normal 0.722357 -0.69152 0
    outer loop
      vertex -22.4192 -77.5808 125
      vertex -22.4585 -77.6217 125
      vertex -22.4585 -77.6217 120
    endloop
  endfacet
  facet normal 0.751803 -0.659388 0
    outer loop
      vertex -22.4585 -77.6217 120
      vertex -22.4585 -77.6217 125
      vertex -22.4959 -77.6644 120
    endloop
  endfacet
  facet normal 0.751803 -0.659388 0
    outer loop
      vertex -22.4585 -77.6217 125
      vertex -22.4959 -77.6644 125
      vertex -22.4959 -77.6644 120
    endloop
  endfacet
  facet normal 0.779897 -0.625908 0
    outer loop
      vertex -22.4959 -77.6644 120
      vertex -22.4959 -77.6644 125
      vertex -22.5314 -77.7086 120
    endloop
  endfacet
  facet normal 0.779897 -0.625908 0
    outer loop
      vertex -22.4959 -77.6644 125
      vertex -22.5314 -77.7086 125
      vertex -22.5314 -77.7086 120
    endloop
  endfacet
  facet normal 0.806432 -0.591327 0
    outer loop
      vertex -22.5314 -77.7086 120
      vertex -22.5314 -77.7086 125
      vertex -22.5649 -77.7543 120
    endloop
  endfacet
  facet normal 0.806432 -0.591327 0
    outer loop
      vertex -22.5314 -77.7086 125
      vertex -22.5649 -77.7543 125
      vertex -22.5649 -77.7543 120
    endloop
  endfacet
  facet normal 0.831474 -0.555564 0
    outer loop
      vertex -22.5649 -77.7543 120
      vertex -22.5649 -77.7543 125
      vertex -22.5964 -77.8015 120
    endloop
  endfacet
  facet normal 0.831474 -0.555564 0
    outer loop
      vertex -22.5649 -77.7543 125
      vertex -22.5964 -77.8015 125
      vertex -22.5964 -77.8015 120
    endloop
  endfacet
  facet normal 0.854906 -0.518783 0
    outer loop
      vertex -22.5964 -77.8015 120
      vertex -22.5964 -77.8015 125
      vertex -22.6258 -77.85 120
    endloop
  endfacet
  facet normal 0.854906 -0.518783 0
    outer loop
      vertex -22.5964 -77.8015 125
      vertex -22.6258 -77.85 125
      vertex -22.6258 -77.85 120
    endloop
  endfacet
  facet normal 0.876726 -0.480991 0
    outer loop
      vertex -22.6258 -77.85 120
      vertex -22.6258 -77.85 125
      vertex -22.6531 -77.8997 120
    endloop
  endfacet
  facet normal 0.876726 -0.480991 0
    outer loop
      vertex -22.6258 -77.85 125
      vertex -22.6531 -77.8997 125
      vertex -22.6531 -77.8997 120
    endloop
  endfacet
  facet normal 0.896883 -0.442268 0
    outer loop
      vertex -22.6531 -77.8997 120
      vertex -22.6531 -77.8997 125
      vertex -22.6782 -77.9506 120
    endloop
  endfacet
  facet normal 0.896883 -0.442268 0
    outer loop
      vertex -22.6531 -77.8997 125
      vertex -22.6782 -77.9506 125
      vertex -22.6782 -77.9506 120
    endloop
  endfacet
  facet normal 0.915311 -0.402747 0
    outer loop
      vertex -22.6782 -77.9506 120
      vertex -22.6782 -77.9506 125
      vertex -22.701 -78.0025 120
    endloop
  endfacet
  facet normal 0.915311 -0.402747 0
    outer loop
      vertex -22.6782 -77.9506 125
      vertex -22.701 -78.0025 125
      vertex -22.701 -78.0025 120
    endloop
  endfacet
  facet normal 0.932012 -0.362427 0
    outer loop
      vertex -22.701 -78.0025 120
      vertex -22.701 -78.0025 125
      vertex -22.7216 -78.0554 120
    endloop
  endfacet
  facet normal 0.932012 -0.362427 0
    outer loop
      vertex -22.701 -78.0025 125
      vertex -22.7216 -78.0554 125
      vertex -22.7216 -78.0554 120
    endloop
  endfacet
  facet normal 0.946935 -0.321425 0
    outer loop
      vertex -22.7216 -78.0554 120
      vertex -22.7216 -78.0554 125
      vertex -22.7398 -78.1091 120
    endloop
  endfacet
  facet normal 0.946935 -0.321425 0
    outer loop
      vertex -22.7216 -78.0554 125
      vertex -22.7398 -78.1091 125
      vertex -22.7398 -78.1091 120
    endloop
  endfacet
  facet normal 0.960044 -0.279849 0
    outer loop
      vertex -22.7398 -78.1091 120
      vertex -22.7398 -78.1091 125
      vertex -22.7557 -78.1635 120
    endloop
  endfacet
  facet normal 0.960044 -0.279849 0
    outer loop
      vertex -22.7398 -78.1091 125
      vertex -22.7557 -78.1635 125
      vertex -22.7557 -78.1635 120
    endloop
  endfacet
  facet normal 0.971343 -0.23768 0
    outer loop
      vertex -22.7557 -78.1635 120
      vertex -22.7557 -78.1635 125
      vertex -22.7692 -78.2186 120
    endloop
  endfacet
  facet normal 0.971343 -0.23768 0
    outer loop
      vertex -22.7557 -78.1635 125
      vertex -22.7692 -78.2186 125
      vertex -22.7692 -78.2186 120
    endloop
  endfacet
  facet normal 0.980781 -0.195112 0
    outer loop
      vertex -22.7692 -78.2186 120
      vertex -22.7692 -78.2186 125
      vertex -22.7803 -78.2743 120
    endloop
  endfacet
  facet normal 0.980781 -0.195112 0
    outer loop
      vertex -22.7692 -78.2186 125
      vertex -22.7803 -78.2743 125
      vertex -22.7803 -78.2743 120
    endloop
  endfacet
  facet normal 0.988363 -0.152116 0
    outer loop
      vertex -22.7803 -78.2743 120
      vertex -22.7803 -78.2743 125
      vertex -22.7889 -78.3303 120
    endloop
  endfacet
  facet normal 0.988363 -0.152116 0
    outer loop
      vertex -22.7803 -78.2743 125
      vertex -22.7889 -78.3303 125
      vertex -22.7889 -78.3303 120
    endloop
  endfacet
  facet normal 0.994056 -0.108871 0
    outer loop
      vertex -22.7889 -78.3303 120
      vertex -22.7889 -78.3303 125
      vertex -22.7951 -78.3867 120
    endloop
  endfacet
  facet normal 0.994056 -0.108871 0
    outer loop
      vertex -22.7889 -78.3303 125
      vertex -22.7951 -78.3867 125
      vertex -22.7951 -78.3867 120
    endloop
  endfacet
  facet normal 0.997858 -0.0654118 0
    outer loop
      vertex -22.7951 -78.3867 120
      vertex -22.7951 -78.3867 125
      vertex -22.7988 -78.4433 120
    endloop
  endfacet
  facet normal 0.997858 -0.0654118 0
    outer loop
      vertex -22.7951 -78.3867 125
      vertex -22.7988 -78.4433 125
      vertex -22.7988 -78.4433 120
    endloop
  endfacet
  facet normal 0.999762 -0.0218054 0
    outer loop
      vertex -22.7988 -78.4433 120
      vertex -22.7988 -78.4433 125
      vertex -22.8 -78.5 120
    endloop
  endfacet
  facet normal 0.999762 -0.0218054 0
    outer loop
      vertex -22.7988 -78.4433 125
      vertex -22.8 -78.5 125
      vertex -22.8 -78.5 120
    endloop
  endfacet
  facet normal 0.999762 0.0218082 0
    outer loop
      vertex -22.8 -78.5 120
      vertex -22.8 -78.5 125
      vertex -22.7988 -78.5567 120
    endloop
  endfacet
  facet normal 0.999762 0.0218082 0
    outer loop
      vertex -22.8 -78.5 125
      vertex -22.7988 -78.5567 125
      vertex -22.7988 -78.5567 120
    endloop
  endfacet
  facet normal 0.997858 0.0654118 0
    outer loop
      vertex -22.7988 -78.5567 120
      vertex -22.7988 -78.5567 125
      vertex -22.7951 -78.6133 120
    endloop
  endfacet
  facet normal 0.997858 0.0654118 0
    outer loop
      vertex -22.7988 -78.5567 125
      vertex -22.7951 -78.6133 125
      vertex -22.7951 -78.6133 120
    endloop
  endfacet
  facet normal 0.994056 0.108871 0
    outer loop
      vertex -22.7951 -78.6133 120
      vertex -22.7951 -78.6133 125
      vertex -22.7889 -78.6697 120
    endloop
  endfacet
  facet normal 0.994056 0.108871 0
    outer loop
      vertex -22.7951 -78.6133 125
      vertex -22.7889 -78.6697 125
      vertex -22.7889 -78.6697 120
    endloop
  endfacet
  facet normal 0.988363 0.152116 0
    outer loop
      vertex -22.7889 -78.6697 120
      vertex -22.7889 -78.6697 125
      vertex -22.7803 -78.7257 120
    endloop
  endfacet
  facet normal 0.988363 0.152116 0
    outer loop
      vertex -22.7889 -78.6697 125
      vertex -22.7803 -78.7257 125
      vertex -22.7803 -78.7257 120
    endloop
  endfacet
  facet normal 0.980786 0.195087 0
    outer loop
      vertex -22.7803 -78.7257 120
      vertex -22.7803 -78.7257 125
      vertex -22.7692 -78.7814 120
    endloop
  endfacet
  facet normal 0.980786 0.195087 0
    outer loop
      vertex -22.7803 -78.7257 125
      vertex -22.7692 -78.7814 125
      vertex -22.7692 -78.7814 120
    endloop
  endfacet
  facet normal 0.971336 0.237711 0
    outer loop
      vertex -22.7692 -78.7814 120
      vertex -22.7692 -78.7814 125
      vertex -22.7557 -78.8365 120
    endloop
  endfacet
  facet normal 0.971336 0.237711 0
    outer loop
      vertex -22.7692 -78.7814 125
      vertex -22.7557 -78.8365 125
      vertex -22.7557 -78.8365 120
    endloop
  endfacet
  facet normal 0.960054 0.279813 0
    outer loop
      vertex -22.7557 -78.8365 120
      vertex -22.7557 -78.8365 125
      vertex -22.7398 -78.8909 120
    endloop
  endfacet
  facet normal 0.960054 0.279813 0
    outer loop
      vertex -22.7557 -78.8365 125
      vertex -22.7398 -78.8909 125
      vertex -22.7398 -78.8909 120
    endloop
  endfacet
  facet normal 0.946922 0.321465 0
    outer loop
      vertex -22.7398 -78.8909 120
      vertex -22.7398 -78.8909 125
      vertex -22.7216 -78.9446 120
    endloop
  endfacet
  facet normal 0.946922 0.321465 0
    outer loop
      vertex -22.7398 -78.8909 125
      vertex -22.7216 -78.9446 125
      vertex -22.7216 -78.9446 120
    endloop
  endfacet
  facet normal 0.932012 0.362427 0
    outer loop
      vertex -22.7216 -78.9446 120
      vertex -22.7216 -78.9446 125
      vertex -22.701 -78.9975 120
    endloop
  endfacet
  facet normal 0.932012 0.362427 0
    outer loop
      vertex -22.7216 -78.9446 125
      vertex -22.701 -78.9975 125
      vertex -22.701 -78.9975 120
    endloop
  endfacet
  facet normal 0.915311 0.402747 0
    outer loop
      vertex -22.701 -78.9975 120
      vertex -22.701 -78.9975 125
      vertex -22.6782 -79.0494 120
    endloop
  endfacet
  facet normal 0.915311 0.402747 0
    outer loop
      vertex -22.701 -78.9975 125
      vertex -22.6782 -79.0494 125
      vertex -22.6782 -79.0494 120
    endloop
  endfacet
  facet normal 0.896883 0.442268 0
    outer loop
      vertex -22.6782 -79.0494 120
      vertex -22.6782 -79.0494 125
      vertex -22.6531 -79.1003 120
    endloop
  endfacet
  facet normal 0.896883 0.442268 0
    outer loop
      vertex -22.6782 -79.0494 125
      vertex -22.6531 -79.1003 125
      vertex -22.6531 -79.1003 120
    endloop
  endfacet
  facet normal 0.876726 0.480991 0
    outer loop
      vertex -22.6531 -79.1003 120
      vertex -22.6531 -79.1003 125
      vertex -22.6258 -79.15 120
    endloop
  endfacet
  facet normal 0.876726 0.480991 0
    outer loop
      vertex -22.6531 -79.1003 125
      vertex -22.6258 -79.15 125
      vertex -22.6258 -79.15 120
    endloop
  endfacet
  facet normal 0.854906 0.518783 0
    outer loop
      vertex -22.6258 -79.15 120
      vertex -22.6258 -79.15 125
      vertex -22.5964 -79.1985 120
    endloop
  endfacet
  facet normal 0.854906 0.518783 0
    outer loop
      vertex -22.6258 -79.15 125
      vertex -22.5964 -79.1985 125
      vertex -22.5964 -79.1985 120
    endloop
  endfacet
  facet normal 0.831474 0.555564 0
    outer loop
      vertex -22.5964 -79.1985 120
      vertex -22.5964 -79.1985 125
      vertex -22.5649 -79.2456 120
    endloop
  endfacet
  facet normal 0.831474 0.555564 0
    outer loop
      vertex -22.5964 -79.1985 125
      vertex -22.5649 -79.2456 125
      vertex -22.5649 -79.2456 120
    endloop
  endfacet
  facet normal 0.806432 0.591327 0
    outer loop
      vertex -22.5649 -79.2456 120
      vertex -22.5649 -79.2456 125
      vertex -22.5314 -79.2914 120
    endloop
  endfacet
  facet normal 0.806432 0.591327 0
    outer loop
      vertex -22.5649 -79.2456 125
      vertex -22.5314 -79.2914 125
      vertex -22.5314 -79.2914 120
    endloop
  endfacet
  facet normal 0.779897 0.625908 0
    outer loop
      vertex -22.5314 -79.2914 120
      vertex -22.5314 -79.2914 125
      vertex -22.4959 -79.3356 120
    endloop
  endfacet
  facet normal 0.779897 0.625908 0
    outer loop
      vertex -22.5314 -79.2914 125
      vertex -22.4959 -79.3356 125
      vertex -22.4959 -79.3356 120
    endloop
  endfacet
  facet normal 0.75186 0.659323 0
    outer loop
      vertex -22.4959 -79.3356 120
      vertex -22.4959 -79.3356 125
      vertex -22.4585 -79.3783 120
    endloop
  endfacet
  facet normal 0.75186 0.659323 0
    outer loop
      vertex -22.4959 -79.3356 125
      vertex -22.4585 -79.3783 125
      vertex -22.4585 -79.3783 120
    endloop
  endfacet
  facet normal 0.722357 0.69152 0
    outer loop
      vertex -22.4585 -79.3783 120
      vertex -22.4585 -79.3783 125
      vertex -22.4192 -79.4192 120
    endloop
  endfacet
  facet normal 0.722357 0.69152 0
    outer loop
      vertex -22.4585 -79.3783 125
      vertex -22.4192 -79.4192 125
      vertex -22.4192 -79.4192 120
    endloop
  endfacet
  facet normal 0.691503 0.722374 0
    outer loop
      vertex -22.4192 -79.4192 120
      vertex -22.4192 -79.4192 125
      vertex -22.3783 -79.4585 120
    endloop
  endfacet
  facet normal 0.691503 0.722374 0
    outer loop
      vertex -22.4192 -79.4192 125
      vertex -22.3783 -79.4585 125
      vertex -22.3783 -79.4585 120
    endloop
  endfacet
  facet normal 0.659318 0.751864 0
    outer loop
      vertex -22.3783 -79.4585 120
      vertex -22.3783 -79.4585 125
      vertex -22.3356 -79.4959 120
    endloop
  endfacet
  facet normal 0.659318 0.751864 0
    outer loop
      vertex -22.3783 -79.4585 125
      vertex -22.3356 -79.4959 125
      vertex -22.3356 -79.4959 120
    endloop
  endfacet
  facet normal 0.625928 0.779881 0
    outer loop
      vertex -22.3356 -79.4959 120
      vertex -22.3356 -79.4959 125
      vertex -22.2914 -79.5314 120
    endloop
  endfacet
  facet normal 0.625928 0.779881 0
    outer loop
      vertex -22.3356 -79.4959 125
      vertex -22.2914 -79.5314 125
      vertex -22.2914 -79.5314 120
    endloop
  endfacet
  facet normal 0.591354 0.806412 0
    outer loop
      vertex -22.2914 -79.5314 120
      vertex -22.2914 -79.5314 125
      vertex -22.2456 -79.5649 120
    endloop
  endfacet
  facet normal 0.591354 0.806412 0
    outer loop
      vertex -22.2914 -79.5314 125
      vertex -22.2456 -79.5649 125
      vertex -22.2456 -79.5649 120
    endloop
  endfacet
  facet normal 0.555534 0.831494 0
    outer loop
      vertex -22.2456 -79.5649 120
      vertex -22.2456 -79.5649 125
      vertex -22.1985 -79.5964 120
    endloop
  endfacet
  facet normal 0.555534 0.831494 0
    outer loop
      vertex -22.2456 -79.5649 125
      vertex -22.1985 -79.5964 125
      vertex -22.1985 -79.5964 120
    endloop
  endfacet
  facet normal 0.518759 0.854921 0
    outer loop
      vertex -22.1985 -79.5964 120
      vertex -22.1985 -79.5964 125
      vertex -22.15 -79.6258 120
    endloop
  endfacet
  facet normal 0.518759 0.854921 0
    outer loop
      vertex -22.1985 -79.5964 125
      vertex -22.15 -79.6258 125
      vertex -22.15 -79.6258 120
    endloop
  endfacet
  facet normal 0.481027 0.876706 0
    outer loop
      vertex -22.15 -79.6258 120
      vertex -22.15 -79.6258 125
      vertex -22.1003 -79.6531 120
    endloop
  endfacet
  facet normal 0.481027 0.876706 0
    outer loop
      vertex -22.15 -79.6258 125
      vertex -22.1003 -79.6531 125
      vertex -22.1003 -79.6531 120
    endloop
  endfacet
  facet normal 0.442281 0.896877 0
    outer loop
      vertex -22.1003 -79.6531 120
      vertex -22.1003 -79.6531 125
      vertex -22.0494 -79.6782 120
    endloop
  endfacet
  facet normal 0.442281 0.896877 0
    outer loop
      vertex -22.1003 -79.6531 125
      vertex -22.0494 -79.6782 125
      vertex -22.0494 -79.6782 120
    endloop
  endfacet
  facet normal 0.40276 0.915306 0
    outer loop
      vertex -22.0494 -79.6782 120
      vertex -22.0494 -79.6782 125
      vertex -21.9975 -79.701 120
    endloop
  endfacet
  facet normal 0.40276 0.915306 0
    outer loop
      vertex -22.0494 -79.6782 125
      vertex -21.9975 -79.701 125
      vertex -21.9975 -79.701 120
    endloop
  endfacet
  facet normal 0.362416 0.932016 0
    outer loop
      vertex -21.9975 -79.701 120
      vertex -21.9975 -79.701 125
      vertex -21.9446 -79.7216 120
    endloop
  endfacet
  facet normal 0.362416 0.932016 0
    outer loop
      vertex -21.9975 -79.701 125
      vertex -21.9446 -79.7216 125
      vertex -21.9446 -79.7216 120
    endloop
  endfacet
  facet normal 0.321445 0.946928 0
    outer loop
      vertex -21.9446 -79.7216 120
      vertex -21.9446 -79.7216 125
      vertex -21.8909 -79.7398 120
    endloop
  endfacet
  facet normal 0.321445 0.946928 0
    outer loop
      vertex -21.9446 -79.7216 125
      vertex -21.8909 -79.7398 125
      vertex -21.8909 -79.7398 120
    endloop
  endfacet
  facet normal 0.279801 0.960058 0
    outer loop
      vertex -21.8909 -79.7398 120
      vertex -21.8909 -79.7398 125
      vertex -21.8365 -79.7557 120
    endloop
  endfacet
  facet normal 0.279801 0.960058 0
    outer loop
      vertex -21.8909 -79.7398 125
      vertex -21.8365 -79.7557 125
      vertex -21.8365 -79.7557 120
    endloop
  endfacet
  facet normal 0.237757 0.971325 0
    outer loop
      vertex -21.8365 -79.7557 120
      vertex -21.8365 -79.7557 125
      vertex -21.7814 -79.7692 120
    endloop
  endfacet
  facet normal 0.237757 0.971325 0
    outer loop
      vertex -21.8365 -79.7557 125
      vertex -21.7814 -79.7692 125
      vertex -21.7814 -79.7692 120
    endloop
  endfacet
  facet normal 0.195068 0.98079 0
    outer loop
      vertex -21.7814 -79.7692 120
      vertex -21.7814 -79.7692 125
      vertex -21.7257 -79.7803 120
    endloop
  endfacet
  facet normal 0.195068 0.98079 0
    outer loop
      vertex -21.7814 -79.7692 125
      vertex -21.7257 -79.7803 125
      vertex -21.7257 -79.7803 120
    endloop
  endfacet
  facet normal 0.152116 0.988363 0
    outer loop
      vertex -21.7257 -79.7803 120
      vertex -21.7257 -79.7803 125
      vertex -21.6697 -79.7889 120
    endloop
  endfacet
  facet normal 0.152116 0.988363 0
    outer loop
      vertex -21.7257 -79.7803 125
      vertex -21.6697 -79.7889 125
      vertex -21.6697 -79.7889 120
    endloop
  endfacet
  facet normal 0.108896 0.994053 0
    outer loop
      vertex -21.6697 -79.7889 120
      vertex -21.6697 -79.7889 125
      vertex -21.6133 -79.7951 120
    endloop
  endfacet
  facet normal 0.108896 0.994053 0
    outer loop
      vertex -21.6697 -79.7889 125
      vertex -21.6133 -79.7951 125
      vertex -21.6133 -79.7951 120
    endloop
  endfacet
  facet normal 0.0654182 0.997858 0
    outer loop
      vertex -21.6133 -79.7951 120
      vertex -21.6133 -79.7951 125
      vertex -21.5567 -79.7988 120
    endloop
  endfacet
  facet normal 0.0654182 0.997858 0
    outer loop
      vertex -21.6133 -79.7951 125
      vertex -21.5567 -79.7988 125
      vertex -21.5567 -79.7988 120
    endloop
  endfacet
  facet normal 0.0218061 0.999762 0
    outer loop
      vertex -21.5567 -79.7988 120
      vertex -21.5567 -79.7988 125
      vertex -21.5 -79.8 120
    endloop
  endfacet
  facet normal 0.0218061 0.999762 0
    outer loop
      vertex -21.5567 -79.7988 125
      vertex -21.5 -79.8 125
      vertex -21.5 -79.8 120
    endloop
  endfacet
  facet normal -0.0218054 0.999762 0
    outer loop
      vertex -21.5 -79.8 120
      vertex -21.5 -79.8 125
      vertex -21.4433 -79.7988 120
    endloop
  endfacet
  facet normal -0.0218054 0.999762 0
    outer loop
      vertex -21.5 -79.8 125
      vertex -21.4433 -79.7988 125
      vertex -21.4433 -79.7988 120
    endloop
  endfacet
  facet normal -0.0654182 0.997858 0
    outer loop
      vertex -21.4433 -79.7988 120
      vertex -21.4433 -79.7988 125
      vertex -21.3867 -79.7951 120
    endloop
  endfacet
  facet normal -0.0654182 0.997858 0
    outer loop
      vertex -21.4433 -79.7988 125
      vertex -21.3867 -79.7951 125
      vertex -21.3867 -79.7951 120
    endloop
  endfacet
  facet normal -0.108896 0.994053 0
    outer loop
      vertex -21.3867 -79.7951 120
      vertex -21.3867 -79.7951 125
      vertex -21.3303 -79.7889 120
    endloop
  endfacet
  facet normal -0.108896 0.994053 0
    outer loop
      vertex -21.3867 -79.7951 125
      vertex -21.3303 -79.7889 125
      vertex -21.3303 -79.7889 120
    endloop
  endfacet
  facet normal -0.152116 0.988363 0
    outer loop
      vertex -21.3303 -79.7889 120
      vertex -21.3303 -79.7889 125
      vertex -21.2743 -79.7803 120
    endloop
  endfacet
  facet normal -0.152116 0.988363 0
    outer loop
      vertex -21.3303 -79.7889 125
      vertex -21.2743 -79.7803 125
      vertex -21.2743 -79.7803 120
    endloop
  endfacet
  facet normal -0.195068 0.98079 0
    outer loop
      vertex -21.2743 -79.7803 120
      vertex -21.2743 -79.7803 125
      vertex -21.2186 -79.7692 120
    endloop
  endfacet
  facet normal -0.195068 0.98079 0
    outer loop
      vertex -21.2743 -79.7803 125
      vertex -21.2186 -79.7692 125
      vertex -21.2186 -79.7692 120
    endloop
  endfacet
  facet normal -0.237757 0.971325 0
    outer loop
      vertex -21.2186 -79.7692 120
      vertex -21.2186 -79.7692 125
      vertex -21.1635 -79.7557 120
    endloop
  endfacet
  facet normal -0.237757 0.971325 0
    outer loop
      vertex -21.2186 -79.7692 125
      vertex -21.1635 -79.7557 125
      vertex -21.1635 -79.7557 120
    endloop
  endfacet
  facet normal -0.279801 0.960058 0
    outer loop
      vertex -21.1635 -79.7557 120
      vertex -21.1635 -79.7557 125
      vertex -21.1091 -79.7398 120
    endloop
  endfacet
  facet normal -0.279801 0.960058 0
    outer loop
      vertex -21.1635 -79.7557 125
      vertex -21.1091 -79.7398 125
      vertex -21.1091 -79.7398 120
    endloop
  endfacet
  facet normal -0.321445 0.946928 0
    outer loop
      vertex -21.1091 -79.7398 120
      vertex -21.1091 -79.7398 125
      vertex -21.0554 -79.7216 120
    endloop
  endfacet
  facet normal -0.321445 0.946928 0
    outer loop
      vertex -21.1091 -79.7398 125
      vertex -21.0554 -79.7216 125
      vertex -21.0554 -79.7216 120
    endloop
  endfacet
  facet normal -0.362427 0.932012 0
    outer loop
      vertex -21.0554 -79.7216 120
      vertex -21.0554 -79.7216 125
      vertex -21.0025 -79.701 120
    endloop
  endfacet
  facet normal -0.362427 0.932012 0
    outer loop
      vertex -21.0554 -79.7216 125
      vertex -21.0025 -79.701 125
      vertex -21.0025 -79.701 120
    endloop
  endfacet
  facet normal -0.402747 0.915311 0
    outer loop
      vertex -21.0025 -79.701 120
      vertex -21.0025 -79.701 125
      vertex -20.9506 -79.6782 120
    endloop
  endfacet
  facet normal -0.402747 0.915311 0
    outer loop
      vertex -21.0025 -79.701 125
      vertex -20.9506 -79.6782 125
      vertex -20.9506 -79.6782 120
    endloop
  endfacet
  facet normal -0.442281 0.896877 0
    outer loop
      vertex -20.9506 -79.6782 120
      vertex -20.9506 -79.6782 125
      vertex -20.8997 -79.6531 120
    endloop
  endfacet
  facet normal -0.442281 0.896877 0
    outer loop
      vertex -20.9506 -79.6782 125
      vertex -20.8997 -79.6531 125
      vertex -20.8997 -79.6531 120
    endloop
  endfacet
  facet normal -0.481041 0.876698 0
    outer loop
      vertex -20.8997 -79.6531 120
      vertex -20.8997 -79.6531 125
      vertex -20.85 -79.6258 120
    endloop
  endfacet
  facet normal -0.481041 0.876698 0
    outer loop
      vertex -20.8997 -79.6531 125
      vertex -20.85 -79.6258 125
      vertex -20.85 -79.6258 120
    endloop
  endfacet
  facet normal -0.518744 0.85493 0
    outer loop
      vertex -20.85 -79.6258 120
      vertex -20.85 -79.6258 125
      vertex -20.8015 -79.5964 120
    endloop
  endfacet
  facet normal -0.518744 0.85493 0
    outer loop
      vertex -20.85 -79.6258 125
      vertex -20.8015 -79.5964 125
      vertex -20.8015 -79.5964 120
    endloop
  endfacet
  facet normal -0.555534 0.831494 0
    outer loop
      vertex -20.8015 -79.5964 120
      vertex -20.8015 -79.5964 125
      vertex -20.7544 -79.5649 120
    endloop
  endfacet
  facet normal -0.555534 0.831494 0
    outer loop
      vertex -20.8015 -79.5964 125
      vertex -20.7544 -79.5649 125
      vertex -20.7544 -79.5649 120
    endloop
  endfacet
  facet normal -0.591354 0.806412 0
    outer loop
      vertex -20.7544 -79.5649 120
      vertex -20.7544 -79.5649 125
      vertex -20.7086 -79.5314 120
    endloop
  endfacet
  facet normal -0.591354 0.806412 0
    outer loop
      vertex -20.7544 -79.5649 125
      vertex -20.7086 -79.5314 125
      vertex -20.7086 -79.5314 120
    endloop
  endfacet
  facet normal -0.625928 0.779881 0
    outer loop
      vertex -20.7086 -79.5314 120
      vertex -20.7086 -79.5314 125
      vertex -20.6644 -79.4959 120
    endloop
  endfacet
  facet normal -0.625928 0.779881 0
    outer loop
      vertex -20.7086 -79.5314 125
      vertex -20.6644 -79.4959 125
      vertex -20.6644 -79.4959 120
    endloop
  endfacet
  facet normal -0.659318 0.751864 0
    outer loop
      vertex -20.6644 -79.4959 120
      vertex -20.6644 -79.4959 125
      vertex -20.6217 -79.4585 120
    endloop
  endfacet
  facet normal -0.659318 0.751864 0
    outer loop
      vertex -20.6644 -79.4959 125
      vertex -20.6217 -79.4585 125
      vertex -20.6217 -79.4585 120
    endloop
  endfacet
  facet normal -0.691503 0.722374 0
    outer loop
      vertex -20.6217 -79.4585 120
      vertex -20.6217 -79.4585 125
      vertex -20.5808 -79.4192 120
    endloop
  endfacet
  facet normal -0.691503 0.722374 0
    outer loop
      vertex -20.6217 -79.4585 125
      vertex -20.5808 -79.4192 125
      vertex -20.5808 -79.4192 120
    endloop
  endfacet
  facet normal -0.722357 0.69152 0
    outer loop
      vertex -20.5808 -79.4192 120
      vertex -20.5808 -79.4192 125
      vertex -20.5415 -79.3783 120
    endloop
  endfacet
  facet normal -0.722357 0.69152 0
    outer loop
      vertex -20.5808 -79.4192 125
      vertex -20.5415 -79.3783 125
      vertex -20.5415 -79.3783 120
    endloop
  endfacet
  facet normal -0.751876 0.659304 0
    outer loop
      vertex -20.5415 -79.3783 120
      vertex -20.5415 -79.3783 125
      vertex -20.5041 -79.3356 120
    endloop
  endfacet
  facet normal -0.751876 0.659304 0
    outer loop
      vertex -20.5415 -79.3783 125
      vertex -20.5041 -79.3356 125
      vertex -20.5041 -79.3356 120
    endloop
  endfacet
  facet normal -0.779881 0.625928 0
    outer loop
      vertex -20.5041 -79.3356 120
      vertex -20.5041 -79.3356 125
      vertex -20.4686 -79.2914 120
    endloop
  endfacet
  facet normal -0.779881 0.625928 0
    outer loop
      vertex -20.5041 -79.3356 125
      vertex -20.4686 -79.2914 125
      vertex -20.4686 -79.2914 120
    endloop
  endfacet
  facet normal -0.806432 0.591327 0
    outer loop
      vertex -20.4686 -79.2914 120
      vertex -20.4686 -79.2914 125
      vertex -20.4351 -79.2456 120
    endloop
  endfacet
  facet normal -0.806432 0.591327 0
    outer loop
      vertex -20.4686 -79.2914 125
      vertex -20.4351 -79.2456 125
      vertex -20.4351 -79.2456 120
    endloop
  endfacet
  facet normal -0.831489 0.555541 0
    outer loop
      vertex -20.4351 -79.2456 120
      vertex -20.4351 -79.2456 125
      vertex -20.4036 -79.1985 120
    endloop
  endfacet
  facet normal -0.831489 0.555541 0
    outer loop
      vertex -20.4351 -79.2456 125
      vertex -20.4036 -79.1985 125
      vertex -20.4036 -79.1985 120
    endloop
  endfacet
  facet normal -0.854906 0.518783 0
    outer loop
      vertex -20.4036 -79.1985 120
      vertex -20.4036 -79.1985 125
      vertex -20.3742 -79.15 120
    endloop
  endfacet
  facet normal -0.854906 0.518783 0
    outer loop
      vertex -20.4036 -79.1985 125
      vertex -20.3742 -79.15 125
      vertex -20.3742 -79.15 120
    endloop
  endfacet
  facet normal -0.876712 0.481016 0
    outer loop
      vertex -20.3742 -79.15 120
      vertex -20.3742 -79.15 125
      vertex -20.3469 -79.1003 120
    endloop
  endfacet
  facet normal -0.876712 0.481016 0
    outer loop
      vertex -20.3742 -79.15 125
      vertex -20.3469 -79.1003 125
      vertex -20.3469 -79.1003 120
    endloop
  endfacet
  facet normal -0.896883 0.442268 0
    outer loop
      vertex -20.3469 -79.1003 120
      vertex -20.3469 -79.1003 125
      vertex -20.3218 -79.0494 120
    endloop
  endfacet
  facet normal -0.896883 0.442268 0
    outer loop
      vertex -20.3469 -79.1003 125
      vertex -20.3218 -79.0494 125
      vertex -20.3218 -79.0494 120
    endloop
  endfacet
  facet normal -0.915311 0.402747 0
    outer loop
      vertex -20.3218 -79.0494 120
      vertex -20.3218 -79.0494 125
      vertex -20.299 -78.9975 120
    endloop
  endfacet
  facet normal -0.915311 0.402747 0
    outer loop
      vertex -20.3218 -79.0494 125
      vertex -20.299 -78.9975 125
      vertex -20.299 -78.9975 120
    endloop
  endfacet
  facet normal -0.932012 0.362427 0
    outer loop
      vertex -20.299 -78.9975 120
      vertex -20.299 -78.9975 125
      vertex -20.2784 -78.9446 120
    endloop
  endfacet
  facet normal -0.932012 0.362427 0
    outer loop
      vertex -20.299 -78.9975 125
      vertex -20.2784 -78.9446 125
      vertex -20.2784 -78.9446 120
    endloop
  endfacet
  facet normal -0.946922 0.321465 0
    outer loop
      vertex -20.2784 -78.9446 120
      vertex -20.2784 -78.9446 125
      vertex -20.2602 -78.8909 120
    endloop
  endfacet
  facet normal -0.946922 0.321465 0
    outer loop
      vertex -20.2784 -78.9446 125
      vertex -20.2602 -78.8909 125
      vertex -20.2602 -78.8909 120
    endloop
  endfacet
  facet normal -0.960054 0.279813 0
    outer loop
      vertex -20.2602 -78.8909 120
      vertex -20.2602 -78.8909 125
      vertex -20.2443 -78.8365 120
    endloop
  endfacet
  facet normal -0.960054 0.279813 0
    outer loop
      vertex -20.2602 -78.8909 125
      vertex -20.2443 -78.8365 125
      vertex -20.2443 -78.8365 120
    endloop
  endfacet
  facet normal -0.971336 0.237711 0
    outer loop
      vertex -20.2443 -78.8365 120
      vertex -20.2443 -78.8365 125
      vertex -20.2308 -78.7814 120
    endloop
  endfacet
  facet normal -0.971336 0.237711 0
    outer loop
      vertex -20.2443 -78.8365 125
      vertex -20.2308 -78.7814 125
      vertex -20.2308 -78.7814 120
    endloop
  endfacet
  facet normal -0.980792 0.195055 0
    outer loop
      vertex -20.2308 -78.7814 120
      vertex -20.2308 -78.7814 125
      vertex -20.2198 -78.7257 120
    endloop
  endfacet
  facet normal -0.980792 0.195055 0
    outer loop
      vertex -20.2308 -78.7814 125
      vertex -20.2198 -78.7257 125
      vertex -20.2198 -78.7257 120
    endloop
  endfacet
  facet normal -0.988358 0.152148 0
    outer loop
      vertex -20.2198 -78.7257 120
      vertex -20.2198 -78.7257 125
      vertex -20.2111 -78.6697 120
    endloop
  endfacet
  facet normal -0.988358 0.152148 0
    outer loop
      vertex -20.2198 -78.7257 125
      vertex -20.2111 -78.6697 125
      vertex -20.2111 -78.6697 120
    endloop
  endfacet
  facet normal -0.994056 0.108871 0
    outer loop
      vertex -20.2111 -78.6697 120
      vertex -20.2111 -78.6697 125
      vertex -20.2049 -78.6133 120
    endloop
  endfacet
  facet normal -0.994056 0.108871 0
    outer loop
      vertex -20.2111 -78.6697 125
      vertex -20.2049 -78.6133 125
      vertex -20.2049 -78.6133 120
    endloop
  endfacet
  facet normal -0.99786 0.0653791 0
    outer loop
      vertex -20.2049 -78.6133 120
      vertex -20.2049 -78.6133 125
      vertex -20.2012 -78.5567 120
    endloop
  endfacet
  facet normal -0.99786 0.0653791 0
    outer loop
      vertex -20.2049 -78.6133 125
      vertex -20.2012 -78.5567 125
      vertex -20.2012 -78.5567 120
    endloop
  endfacet
  facet normal -0.999761 0.021841 0
    outer loop
      vertex -20.2012 -78.5567 120
      vertex -20.2012 -78.5567 125
      vertex -20.2 -78.5 120
    endloop
  endfacet
  facet normal -0.999761 0.021841 0
    outer loop
      vertex -20.2012 -78.5567 125
      vertex -20.2 -78.5 125
      vertex -20.2 -78.5 120
    endloop
  endfacet
  facet normal -1 0 0
    outer loop
      vertex -90 -130 120
      vertex -90 -130 125
      vertex -90 -129.436 120
    endloop
  endfacet
  facet normal -1 0 0
    outer loop
      vertex -90 -130 125
      vertex -90 -129.436 125
      vertex -90 -129.436 120
    endloop
  endfacet
  facet normal -1 0 0
    outer loop
      vertex -90 -129.436 120
      vertex -90 -129.436 125
      vertex -90 -124.286 120
    endloop
  endfacet
  facet normal -1 0 0
    outer loop
      vertex -90 -129.436 125
      vertex -90 -124.286 125
      vertex -90 -124.286 120
    endloop
  endfacet
  facet normal -1 0 0
    outer loop
      vertex -90 -124.286 120
      vertex -90 -124.286 125
      vertex -90 -100 120
    endloop
  endfacet
  facet normal -1 0 0
    outer loop
      vertex -90 -124.286 125
      vertex -90 -100 125
      vertex -90 -100 120
    endloop
  endfacet
  facet normal -1 0 0
    outer loop
      vertex -90 -100 120
      vertex -90 -100 125
      vertex -90 -62.1657 120
    endloop
  endfacet
  facet normal -1 0 0
    outer loop
      vertex -90 -100 125
      vertex -90 -62.1657 125
      vertex -90 -62.1657 120
    endloop
  endfacet
  facet normal -1 0 0
    outer loop
      vertex -90 -62.1657 120
      vertex -90 -62.1657 125
      vertex -90 53.9343 120
    endloop
  endfacet
  facet normal -1 0 0
    outer loop
      vertex -90 -62.1657 125
      vertex -90 53.9343 125
      vertex -90 53.9343 120
    endloop
  endfacet
  facet normal -1 0 0
    outer loop
      vertex -90 53.9343 120
      vertex -90 53.9343 125
      vertex -90 130 120
    endloop
  endfacet
  facet normal -1 0 0
    outer loop
      vertex -90 53.9343 125
      vertex -90 130 125
      vertex -90 130 120
    endloop
  endfacet
  facet normal -0.999762 -0.0218154 0
    outer loop
      vertex -85.9726 126.55 120
      vertex -85.9726 126.55 125
      vertex -85.974 126.618 120
    endloop
  endfacet
  facet normal -0.999762 -0.0218154 0
    outer loop
      vertex -85.9726 126.55 125
      vertex -85.974 126.618 125
      vertex -85.974 126.618 120
    endloop
  endfacet
  facet normal -0.997864 -0.0653271 0
    outer loop
      vertex -85.974 126.618 120
      vertex -85.974 126.618 125
      vertex -85.9785 126.685 120
    endloop
  endfacet
  facet normal -0.997864 -0.0653271 0
    outer loop
      vertex -85.974 126.618 125
      vertex -85.9785 126.685 125
      vertex -85.9785 126.685 120
    endloop
  endfacet
  facet normal -0.994057 -0.108859 0
    outer loop
      vertex -85.9785 126.685 120
      vertex -85.9785 126.685 125
      vertex -85.9858 126.752 120
    endloop
  endfacet
  facet normal -0.994057 -0.108859 0
    outer loop
      vertex -85.9785 126.685 125
      vertex -85.9858 126.752 125
      vertex -85.9858 126.752 120
    endloop
  endfacet
  facet normal -0.988355 -0.152165 0
    outer loop
      vertex -85.9858 126.752 120
      vertex -85.9858 126.752 125
      vertex -85.9961 126.819 120
    endloop
  endfacet
  facet normal -0.988355 -0.152165 0
    outer loop
      vertex -85.9858 126.752 125
      vertex -85.9961 126.819 125
      vertex -85.9961 126.819 120
    endloop
  endfacet
  facet normal -0.980788 -0.195078 0
    outer loop
      vertex -85.9961 126.819 120
      vertex -85.9961 126.819 125
      vertex -86.0093 126.885 120
    endloop
  endfacet
  facet normal -0.980788 -0.195078 0
    outer loop
      vertex -85.9961 126.819 125
      vertex -86.0093 126.885 125
      vertex -86.0093 126.885 120
    endloop
  endfacet
  facet normal -0.971349 -0.237659 0
    outer loop
      vertex -86.0093 126.885 120
      vertex -86.0093 126.885 125
      vertex -86.0254 126.951 120
    endloop
  endfacet
  facet normal -0.971349 -0.237659 0
    outer loop
      vertex -86.0093 126.885 125
      vertex -86.0254 126.951 125
      vertex -86.0254 126.951 120
    endloop
  endfacet
  facet normal -0.960047 -0.279839 0
    outer loop
      vertex -86.0254 126.951 120
      vertex -86.0254 126.951 125
      vertex -86.0443 127.016 120
    endloop
  endfacet
  facet normal -0.960047 -0.279839 0
    outer loop
      vertex -86.0254 126.951 125
      vertex -86.0443 127.016 125
      vertex -86.0443 127.016 120
    endloop
  endfacet
  facet normal -0.946906 -0.321512 0
    outer loop
      vertex -86.0443 127.016 120
      vertex -86.0443 127.016 125
      vertex -86.066 127.08 120
    endloop
  endfacet
  facet normal -0.946906 -0.321512 0
    outer loop
      vertex -86.0443 127.016 125
      vertex -86.066 127.08 125
      vertex -86.066 127.08 120
    endloop
  endfacet
  facet normal -0.932042 -0.362351 0
    outer loop
      vertex -86.066 127.08 120
      vertex -86.066 127.08 125
      vertex -86.0905 127.143 120
    endloop
  endfacet
  facet normal -0.932042 -0.362351 0
    outer loop
      vertex -86.066 127.08 125
      vertex -86.0905 127.143 125
      vertex -86.0905 127.143 120
    endloop
  endfacet
  facet normal -0.915296 -0.402783 0
    outer loop
      vertex -86.0905 127.143 120
      vertex -86.0905 127.143 125
      vertex -86.1178 127.205 120
    endloop
  endfacet
  facet normal -0.915296 -0.402783 0
    outer loop
      vertex -86.0905 127.143 125
      vertex -86.1178 127.205 125
      vertex -86.1178 127.205 120
    endloop
  endfacet
  facet normal -0.896882 -0.442271 0
    outer loop
      vertex -86.1178 127.205 120
      vertex -86.1178 127.205 125
      vertex -86.1477 127.266 120
    endloop
  endfacet
  facet normal -0.896882 -0.442271 0
    outer loop
      vertex -86.1178 127.205 125
      vertex -86.1477 127.266 125
      vertex -86.1477 127.266 120
    endloop
  endfacet
  facet normal -0.876722 -0.480997 0
    outer loop
      vertex -86.1477 127.266 120
      vertex -86.1477 127.266 125
      vertex -86.1802 127.325 120
    endloop
  endfacet
  facet normal -0.876722 -0.480997 0
    outer loop
      vertex -86.1477 127.266 125
      vertex -86.1802 127.325 125
      vertex -86.1802 127.325 120
    endloop
  endfacet
  facet normal -0.854906 -0.518783 0
    outer loop
      vertex -86.1802 127.325 120
      vertex -86.1802 127.325 125
      vertex -86.2153 127.383 120
    endloop
  endfacet
  facet normal -0.854906 -0.518783 0
    outer loop
      vertex -86.1802 127.325 125
      vertex -86.2153 127.383 125
      vertex -86.2153 127.383 120
    endloop
  endfacet
  facet normal -0.831423 -0.555641 0
    outer loop
      vertex -86.2153 127.383 120
      vertex -86.2153 127.383 125
      vertex -86.2529 127.439 120
    endloop
  endfacet
  facet normal -0.831423 -0.555641 0
    outer loop
      vertex -86.2153 127.383 125
      vertex -86.2529 127.439 125
      vertex -86.2529 127.439 120
    endloop
  endfacet
  facet normal -0.806458 -0.591292 0
    outer loop
      vertex -86.2529 127.439 120
      vertex -86.2529 127.439 125
      vertex -86.2929 127.494 120
    endloop
  endfacet
  facet normal -0.806458 -0.591292 0
    outer loop
      vertex -86.2529 127.439 125
      vertex -86.2929 127.494 125
      vertex -86.2929 127.494 120
    endloop
  endfacet
  facet normal -0.779954 -0.625836 0
    outer loop
      vertex -86.2929 127.494 120
      vertex -86.2929 127.494 125
      vertex -86.3352 127.546 120
    endloop
  endfacet
  facet normal -0.779954 -0.625836 0
    outer loop
      vertex -86.2929 127.494 125
      vertex -86.3352 127.546 125
      vertex -86.3352 127.546 120
    endloop
  endfacet
  facet normal -0.751812 -0.659378 0
    outer loop
      vertex -86.3352 127.546 120
      vertex -86.3352 127.546 125
      vertex -86.3798 127.597 120
    endloop
  endfacet
  facet normal -0.751812 -0.659378 0
    outer loop
      vertex -86.3352 127.546 125
      vertex -86.3798 127.597 125
      vertex -86.3798 127.597 120
    endloop
  endfacet
  facet normal -0.722364 -0.691513 0
    outer loop
      vertex -86.3798 127.597 120
      vertex -86.3798 127.597 125
      vertex -86.4265 127.646 120
    endloop
  endfacet
  facet normal -0.722364 -0.691513 0
    outer loop
      vertex -86.3798 127.597 125
      vertex -86.4265 127.646 125
      vertex -86.4265 127.646 120
    endloop
  endfacet
  facet normal -0.691458 -0.722417 0
    outer loop
      vertex -86.4265 127.646 120
      vertex -86.4265 127.646 125
      vertex -86.4754 127.693 120
    endloop
  endfacet
  facet normal -0.691458 -0.722417 0
    outer loop
      vertex -86.4265 127.646 125
      vertex -86.4754 127.693 125
      vertex -86.4754 127.693 120
    endloop
  endfacet
  facet normal -0.65944 -0.751757 0
    outer loop
      vertex -86.4754 127.693 120
      vertex -86.4754 127.693 125
      vertex -86.5262 127.737 120
    endloop
  endfacet
  facet normal -0.65944 -0.751757 0
    outer loop
      vertex -86.4754 127.693 125
      vertex -86.5262 127.737 125
      vertex -86.5262 127.737 120
    endloop
  endfacet
  facet normal -0.625823 -0.779965 0
    outer loop
      vertex -86.5262 127.737 120
      vertex -86.5262 127.737 125
      vertex -86.579 127.78 120
    endloop
  endfacet
  facet normal -0.625823 -0.779965 0
    outer loop
      vertex -86.5262 127.737 125
      vertex -86.579 127.78 125
      vertex -86.579 127.78 120
    endloop
  endfacet
  facet normal -0.591364 -0.806405 0
    outer loop
      vertex -86.579 127.78 120
      vertex -86.579 127.78 125
      vertex -86.6335 127.82 120
    endloop
  endfacet
  facet normal -0.591364 -0.806405 0
    outer loop
      vertex -86.579 127.78 125
      vertex -86.6335 127.82 125
      vertex -86.6335 127.82 120
    endloop
  endfacet
  facet normal -0.555514 -0.831507 0
    outer loop
      vertex -86.6335 127.82 120
      vertex -86.6335 127.82 125
      vertex -86.6897 127.857 120
    endloop
  endfacet
  facet normal -0.555514 -0.831507 0
    outer loop
      vertex -86.6335 127.82 125
      vertex -86.6897 127.857 125
      vertex -86.6897 127.857 120
    endloop
  endfacet
  facet normal -0.518912 -0.854828 0
    outer loop
      vertex -86.6897 127.857 120
      vertex -86.6897 127.857 125
      vertex -86.7476 127.892 120
    endloop
  endfacet
  facet normal -0.518912 -0.854828 0
    outer loop
      vertex -86.6897 127.857 125
      vertex -86.7476 127.892 125
      vertex -86.7476 127.892 120
    endloop
  endfacet
  facet normal -0.480827 -0.876815 0
    outer loop
      vertex -86.7476 127.892 120
      vertex -86.7476 127.892 125
      vertex -86.8068 127.925 120
    endloop
  endfacet
  facet normal -0.480827 -0.876815 0
    outer loop
      vertex -86.7476 127.892 125
      vertex -86.8068 127.925 125
      vertex -86.8068 127.925 120
    endloop
  endfacet
  facet normal -0.442404 -0.896816 0
    outer loop
      vertex -86.8068 127.925 120
      vertex -86.8068 127.925 125
      vertex -86.8675 127.955 120
    endloop
  endfacet
  facet normal -0.442404 -0.896816 0
    outer loop
      vertex -86.8068 127.925 125
      vertex -86.8675 127.955 125
      vertex -86.8675 127.955 120
    endloop
  endfacet
  facet normal -0.402824 -0.915278 0
    outer loop
      vertex -86.8675 127.955 120
      vertex -86.8675 127.955 125
      vertex -86.9294 127.982 120
    endloop
  endfacet
  facet normal -0.402824 -0.915278 0
    outer loop
      vertex -86.8675 127.955 125
      vertex -86.9294 127.982 125
      vertex -86.9294 127.982 120
    endloop
  endfacet
  facet normal -0.362255 -0.932079 0
    outer loop
      vertex -86.9294 127.982 120
      vertex -86.9294 127.982 125
      vertex -86.9924 128.007 120
    endloop
  endfacet
  facet normal -0.362255 -0.932079 0
    outer loop
      vertex -86.9294 127.982 125
      vertex -86.9924 128.007 125
      vertex -86.9924 128.007 120
    endloop
  endfacet
  facet normal -0.321478 -0.946917 0
    outer loop
      vertex -86.9924 128.007 120
      vertex -86.9924 128.007 125
      vertex -87.0565 128.028 120
    endloop
  endfacet
  facet normal -0.321478 -0.946917 0
    outer loop
      vertex -86.9924 128.007 125
      vertex -87.0565 128.028 125
      vertex -87.0565 128.028 120
    endloop
  endfacet
  facet normal -0.279839 -0.960047 0
    outer loop
      vertex -87.0565 128.028 120
      vertex -87.0565 128.028 125
      vertex -87.1214 128.047 120
    endloop
  endfacet
  facet normal -0.279839 -0.960047 0
    outer loop
      vertex -87.0565 128.028 125
      vertex -87.1214 128.047 125
      vertex -87.1214 128.047 120
    endloop
  endfacet
  facet normal -0.237763 -0.971323 0
    outer loop
      vertex -87.1214 128.047 120
      vertex -87.1214 128.047 125
      vertex -87.1871 128.063 120
    endloop
  endfacet
  facet normal -0.237763 -0.971323 0
    outer loop
      vertex -87.1214 128.047 125
      vertex -87.1871 128.063 125
      vertex -87.1871 128.063 120
    endloop
  endfacet
  facet normal -0.194993 -0.980805 0
    outer loop
      vertex -87.1871 128.063 120
      vertex -87.1871 128.063 125
      vertex -87.2534 128.076 120
    endloop
  endfacet
  facet normal -0.194993 -0.980805 0
    outer loop
      vertex -87.1871 128.063 125
      vertex -87.2534 128.076 125
      vertex -87.2534 128.076 120
    endloop
  endfacet
  facet normal -0.152256 -0.988341 0
    outer loop
      vertex -87.2534 128.076 120
      vertex -87.2534 128.076 125
      vertex -87.3202 128.087 120
    endloop
  endfacet
  facet normal -0.152256 -0.988341 0
    outer loop
      vertex -87.2534 128.076 125
      vertex -87.3202 128.087 125
      vertex -87.3202 128.087 120
    endloop
  endfacet
  facet normal -0.108859 -0.994057 0
    outer loop
      vertex -87.3202 128.087 120
      vertex -87.3202 128.087 125
      vertex -87.3875 128.094 120
    endloop
  endfacet
  facet normal -0.108859 -0.994057 0
    outer loop
      vertex -87.3202 128.087 125
      vertex -87.3875 128.094 125
      vertex -87.3875 128.094 120
    endloop
  endfacet
  facet normal -0.0652175 -0.997871 0
    outer loop
      vertex -87.3875 128.094 120
      vertex -87.3875 128.094 125
      vertex -87.455 128.099 120
    endloop
  endfacet
  facet normal -0.0652175 -0.997871 0
    outer loop
      vertex -87.3875 128.094 125
      vertex -87.455 128.099 125
      vertex -87.455 128.099 120
    endloop
  endfacet
  facet normal -0.0218154 -0.999762 0
    outer loop
      vertex -87.455 128.099 120
      vertex -87.455 128.099 125
      vertex -87.5226 128.1 120
    endloop
  endfacet
  facet normal -0.0218154 -0.999762 0
    outer loop
      vertex -87.455 128.099 125
      vertex -87.5226 128.1 125
      vertex -87.5226 128.1 120
    endloop
  endfacet
  facet normal 0.0218154 -0.999762 0
    outer loop
      vertex -87.5226 128.1 120
      vertex -87.5226 128.1 125
      vertex -87.5902 128.099 120
    endloop
  endfacet
  facet normal 0.0218154 -0.999762 0
    outer loop
      vertex -87.5226 128.1 125
      vertex -87.5902 128.099 125
      vertex -87.5902 128.099 120
    endloop
  endfacet
  facet normal 0.0652175 -0.997871 0
    outer loop
      vertex -87.5902 128.099 120
      vertex -87.5902 128.099 125
      vertex -87.6577 128.094 120
    endloop
  endfacet
  facet normal 0.0652175 -0.997871 0
    outer loop
      vertex -87.5902 128.099 125
      vertex -87.6577 128.094 125
      vertex -87.6577 128.094 120
    endloop
  endfacet
  facet normal 0.108859 -0.994057 0
    outer loop
      vertex -87.6577 128.094 120
      vertex -87.6577 128.094 125
      vertex -87.7249 128.087 120
    endloop
  endfacet
  facet normal 0.108859 -0.994057 0
    outer loop
      vertex -87.6577 128.094 125
      vertex -87.7249 128.087 125
      vertex -87.7249 128.087 120
    endloop
  endfacet
  facet normal 0.152256 -0.988341 0
    outer loop
      vertex -87.7249 128.087 120
      vertex -87.7249 128.087 125
      vertex -87.7917 128.076 120
    endloop
  endfacet
  facet normal 0.152256 -0.988341 0
    outer loop
      vertex -87.7249 128.087 125
      vertex -87.7917 128.076 125
      vertex -87.7917 128.076 120
    endloop
  endfacet
  facet normal 0.194993 -0.980805 0
    outer loop
      vertex -87.7917 128.076 120
      vertex -87.7917 128.076 125
      vertex -87.858 128.063 120
    endloop
  endfacet
  facet normal 0.194993 -0.980805 0
    outer loop
      vertex -87.7917 128.076 125
      vertex -87.858 128.063 125
      vertex -87.858 128.063 120
    endloop
  endfacet
  facet normal 0.237763 -0.971323 0
    outer loop
      vertex -87.858 128.063 120
      vertex -87.858 128.063 125
      vertex -87.9237 128.047 120
    endloop
  endfacet
  facet normal 0.237763 -0.971323 0
    outer loop
      vertex -87.858 128.063 125
      vertex -87.9237 128.047 125
      vertex -87.9237 128.047 120
    endloop
  endfacet
  facet normal 0.279839 -0.960047 0
    outer loop
      vertex -87.9237 128.047 120
      vertex -87.9237 128.047 125
      vertex -87.9887 128.028 120
    endloop
  endfacet
  facet normal 0.279839 -0.960047 0
    outer loop
      vertex -87.9237 128.047 125
      vertex -87.9887 128.028 125
      vertex -87.9887 128.028 120
    endloop
  endfacet
  facet normal 0.321478 -0.946917 0
    outer loop
      vertex -87.9887 128.028 120
      vertex -87.9887 128.028 125
      vertex -88.0527 128.007 120
    endloop
  endfacet
  facet normal 0.321478 -0.946917 0
    outer loop
      vertex -87.9887 128.028 125
      vertex -88.0527 128.007 125
      vertex -88.0527 128.007 120
    endloop
  endfacet
  facet normal 0.362292 -0.932065 0
    outer loop
      vertex -88.0527 128.007 120
      vertex -88.0527 128.007 125
      vertex -88.1157 127.982 120
    endloop
  endfacet
  facet normal 0.362292 -0.932065 0
    outer loop
      vertex -88.0527 128.007 125
      vertex -88.1157 127.982 125
      vertex -88.1157 127.982 120
    endloop
  endfacet
  facet normal 0.402783 -0.915296 0
    outer loop
      vertex -88.1157 127.982 120
      vertex -88.1157 127.982 125
      vertex -88.1776 127.955 120
    endloop
  endfacet
  facet normal 0.402783 -0.915296 0
    outer loop
      vertex -88.1157 127.982 125
      vertex -88.1776 127.955 125
      vertex -88.1776 127.955 120
    endloop
  endfacet
  facet normal 0.442404 -0.896816 0
    outer loop
      vertex -88.1776 127.955 120
      vertex -88.1776 127.955 125
      vertex -88.2383 127.925 120
    endloop
  endfacet
  facet normal 0.442404 -0.896816 0
    outer loop
      vertex -88.1776 127.955 125
      vertex -88.2383 127.925 125
      vertex -88.2383 127.925 120
    endloop
  endfacet
  facet normal 0.480827 -0.876815 0
    outer loop
      vertex -88.2383 127.925 120
      vertex -88.2383 127.925 125
      vertex -88.2976 127.892 120
    endloop
  endfacet
  facet normal 0.480827 -0.876815 0
    outer loop
      vertex -88.2383 127.925 125
      vertex -88.2976 127.892 125
      vertex -88.2976 127.892 120
    endloop
  endfacet
  facet normal 0.518912 -0.854828 0
    outer loop
      vertex -88.2976 127.892 120
      vertex -88.2976 127.892 125
      vertex -88.3554 127.857 120
    endloop
  endfacet
  facet normal 0.518912 -0.854828 0
    outer loop
      vertex -88.2976 127.892 125
      vertex -88.3554 127.857 125
      vertex -88.3554 127.857 120
    endloop
  endfacet
  facet normal 0.555514 -0.831507 0
    outer loop
      vertex -88.3554 127.857 120
      vertex -88.3554 127.857 125
      vertex -88.4116 127.82 120
    endloop
  endfacet
  facet normal 0.555514 -0.831507 0
    outer loop
      vertex -88.3554 127.857 125
      vertex -88.4116 127.82 125
      vertex -88.4116 127.82 120
    endloop
  endfacet
  facet normal 0.591364 -0.806405 0
    outer loop
      vertex -88.4116 127.82 120
      vertex -88.4116 127.82 125
      vertex -88.4661 127.78 120
    endloop
  endfacet
  facet normal 0.591364 -0.806405 0
    outer loop
      vertex -88.4116 127.82 125
      vertex -88.4661 127.78 125
      vertex -88.4661 127.78 120
    endloop
  endfacet
  facet normal 0.625823 -0.779965 0
    outer loop
      vertex -88.4661 127.78 120
      vertex -88.4661 127.78 125
      vertex -88.5189 127.737 120
    endloop
  endfacet
  facet normal 0.625823 -0.779965 0
    outer loop
      vertex -88.4661 127.78 125
      vertex -88.5189 127.737 125
      vertex -88.5189 127.737 120
    endloop
  endfacet
  facet normal 0.65944 -0.751757 0
    outer loop
      vertex -88.5189 127.737 120
      vertex -88.5189 127.737 125
      vertex -88.5697 127.693 120
    endloop
  endfacet
  facet normal 0.65944 -0.751757 0
    outer loop
      vertex -88.5189 127.737 125
      vertex -88.5697 127.693 125
      vertex -88.5697 127.693 120
    endloop
  endfacet
  facet normal 0.691458 -0.722417 0
    outer loop
      vertex -88.5697 127.693 120
      vertex -88.5697 127.693 125
      vertex -88.6186 127.646 120
    endloop
  endfacet
  facet normal 0.691458 -0.722417 0
    outer loop
      vertex -88.5697 127.693 125
      vertex -88.6186 127.646 125
      vertex -88.6186 127.646 120
    endloop
  endfacet
  facet normal 0.722364 -0.691513 0
    outer loop
      vertex -88.6186 127.646 120
      vertex -88.6186 127.646 125
      vertex -88.6653 127.597 120
    endloop
  endfacet
  facet normal 0.722364 -0.691513 0
    outer loop
      vertex -88.6186 127.646 125
      vertex -88.6653 127.597 125
      vertex -88.6653 127.597 120
    endloop
  endfacet
  facet normal 0.751812 -0.659378 0
    outer loop
      vertex -88.6653 127.597 120
      vertex -88.6653 127.597 125
      vertex -88.7099 127.546 120
    endloop
  endfacet
  facet normal 0.751812 -0.659378 0
    outer loop
      vertex -88.6653 127.597 125
      vertex -88.7099 127.546 125
      vertex -88.7099 127.546 120
    endloop
  endfacet
  facet normal 0.779954 -0.625836 0
    outer loop
      vertex -88.7099 127.546 120
      vertex -88.7099 127.546 125
      vertex -88.7523 127.494 120
    endloop
  endfacet
  facet normal 0.779954 -0.625836 0
    outer loop
      vertex -88.7099 127.546 125
      vertex -88.7523 127.494 125
      vertex -88.7523 127.494 120
    endloop
  endfacet
  facet normal 0.806458 -0.591292 0
    outer loop
      vertex -88.7523 127.494 120
      vertex -88.7523 127.494 125
      vertex -88.7922 127.439 120
    endloop
  endfacet
  facet normal 0.806458 -0.591292 0
    outer loop
      vertex -88.7523 127.494 125
      vertex -88.7922 127.439 125
      vertex -88.7922 127.439 120
    endloop
  endfacet
  facet normal 0.831423 -0.555641 0
    outer loop
      vertex -88.7922 127.439 120
      vertex -88.7922 127.439 125
      vertex -88.8298 127.383 120
    endloop
  endfacet
  facet normal 0.831423 -0.555641 0
    outer loop
      vertex -88.7922 127.439 125
      vertex -88.8298 127.383 125
      vertex -88.8298 127.383 120
    endloop
  endfacet
  facet normal 0.854906 -0.518783 0
    outer loop
      vertex -88.8298 127.383 120
      vertex -88.8298 127.383 125
      vertex -88.8649 127.325 120
    endloop
  endfacet
  facet normal 0.854906 -0.518783 0
    outer loop
      vertex -88.8298 127.383 125
      vertex -88.8649 127.325 125
      vertex -88.8649 127.325 120
    endloop
  endfacet
  facet normal 0.876769 -0.480912 0
    outer loop
      vertex -88.8649 127.325 120
      vertex -88.8649 127.325 125
      vertex -88.8974 127.266 120
    endloop
  endfacet
  facet normal 0.876769 -0.480912 0
    outer loop
      vertex -88.8649 127.325 125
      vertex -88.8974 127.266 125
      vertex -88.8974 127.266 120
    endloop
  endfacet
  facet normal 0.896838 -0.442359 0
    outer loop
      vertex -88.8974 127.266 120
      vertex -88.8974 127.266 125
      vertex -88.9273 127.205 120
    endloop
  endfacet
  facet normal 0.896838 -0.442359 0
    outer loop
      vertex -88.8974 127.266 125
      vertex -88.9273 127.205 125
      vertex -88.9273 127.205 120
    endloop
  endfacet
  facet normal 0.915296 -0.402783 0
    outer loop
      vertex -88.9273 127.205 120
      vertex -88.9273 127.205 125
      vertex -88.9546 127.143 120
    endloop
  endfacet
  facet normal 0.915296 -0.402783 0
    outer loop
      vertex -88.9273 127.205 125
      vertex -88.9546 127.143 125
      vertex -88.9546 127.143 120
    endloop
  endfacet
  facet normal 0.932042 -0.362351 0
    outer loop
      vertex -88.9546 127.143 120
      vertex -88.9546 127.143 125
      vertex -88.9791 127.08 120
    endloop
  endfacet
  facet normal 0.932042 -0.362351 0
    outer loop
      vertex -88.9546 127.143 125
      vertex -88.9791 127.08 125
      vertex -88.9791 127.08 120
    endloop
  endfacet
  facet normal 0.946906 -0.321512 0
    outer loop
      vertex -88.9791 127.08 120
      vertex -88.9791 127.08 125
      vertex -89.0008 127.016 120
    endloop
  endfacet
  facet normal 0.946906 -0.321512 0
    outer loop
      vertex -88.9791 127.08 125
      vertex -89.0008 127.016 125
      vertex -89.0008 127.016 120
    endloop
  endfacet
  facet normal 0.960047 -0.279839 0
    outer loop
      vertex -89.0008 127.016 120
      vertex -89.0008 127.016 125
      vertex -89.0197 126.951 120
    endloop
  endfacet
  facet normal 0.960047 -0.279839 0
    outer loop
      vertex -89.0008 127.016 125
      vertex -89.0197 126.951 125
      vertex -89.0197 126.951 120
    endloop
  endfacet
  facet normal 0.971349 -0.237659 0
    outer loop
      vertex -89.0197 126.951 120
      vertex -89.0197 126.951 125
      vertex -89.0358 126.885 120
    endloop
  endfacet
  facet normal 0.971349 -0.237659 0
    outer loop
      vertex -89.0197 126.951 125
      vertex -89.0358 126.885 125
      vertex -89.0358 126.885 120
    endloop
  endfacet
  facet normal 0.980788 -0.195078 0
    outer loop
      vertex -89.0358 126.885 120
      vertex -89.0358 126.885 125
      vertex -89.049 126.819 120
    endloop
  endfacet
  facet normal 0.980788 -0.195078 0
    outer loop
      vertex -89.0358 126.885 125
      vertex -89.049 126.819 125
      vertex -89.049 126.819 120
    endloop
  endfacet
  facet normal 0.988355 -0.152165 0
    outer loop
      vertex -89.049 126.819 120
      vertex -89.049 126.819 125
      vertex -89.0593 126.752 120
    endloop
  endfacet
  facet normal 0.988355 -0.152165 0
    outer loop
      vertex -89.049 126.819 125
      vertex -89.0593 126.752 125
      vertex -89.0593 126.752 120
    endloop
  endfacet
  facet normal 0.994057 -0.108859 0
    outer loop
      vertex -89.0593 126.752 120
      vertex -89.0593 126.752 125
      vertex -89.0667 126.685 120
    endloop
  endfacet
  facet normal 0.994057 -0.108859 0
    outer loop
      vertex -89.0593 126.752 125
      vertex -89.0667 126.685 125
      vertex -89.0667 126.685 120
    endloop
  endfacet
  facet normal 0.997864 -0.0653271 0
    outer loop
      vertex -89.0667 126.685 120
      vertex -89.0667 126.685 125
      vertex -89.0711 126.618 120
    endloop
  endfacet
  facet normal 0.997864 -0.0653271 0
    outer loop
      vertex -89.0667 126.685 125
      vertex -89.0711 126.618 125
      vertex -89.0711 126.618 120
    endloop
  endfacet
  facet normal 0.999762 -0.0218154 0
    outer loop
      vertex -89.0711 126.618 120
      vertex -89.0711 126.618 125
      vertex -89.0726 126.55 120
    endloop
  endfacet
  facet normal 0.999762 -0.0218154 0
    outer loop
      vertex -89.0711 126.618 125
      vertex -89.0726 126.55 125
      vertex -89.0726 126.55 120
    endloop
  endfacet
  facet normal 0.999762 0.0218154 0
    outer loop
      vertex -89.0726 126.55 120
      vertex -89.0726 126.55 125
      vertex -89.0711 126.482 120
    endloop
  endfacet
  facet normal 0.999762 0.0218154 0
    outer loop
      vertex -89.0726 126.55 125
      vertex -89.0711 126.482 125
      vertex -89.0711 126.482 120
    endloop
  endfacet
  facet normal 0.997864 0.0653271 0
    outer loop
      vertex -89.0711 126.482 120
      vertex -89.0711 126.482 125
      vertex -89.0667 126.415 120
    endloop
  endfacet
  facet normal 0.997864 0.0653271 0
    outer loop
      vertex -89.0711 126.482 125
      vertex -89.0667 126.415 125
      vertex -89.0667 126.415 120
    endloop
  endfacet
  facet normal 0.994057 0.108859 0
    outer loop
      vertex -89.0667 126.415 120
      vertex -89.0667 126.415 125
      vertex -89.0593 126.348 120
    endloop
  endfacet
  facet normal 0.994057 0.108859 0
    outer loop
      vertex -89.0667 126.415 125
      vertex -89.0593 126.348 125
      vertex -89.0593 126.348 120
    endloop
  endfacet
  facet normal 0.98836 0.152132 0
    outer loop
      vertex -89.0593 126.348 120
      vertex -89.0593 126.348 125
      vertex -89.049 126.281 120
    endloop
  endfacet
  facet normal 0.98836 0.152132 0
    outer loop
      vertex -89.0593 126.348 125
      vertex -89.049 126.281 125
      vertex -89.049 126.281 120
    endloop
  endfacet
  facet normal 0.980779 0.19512 0
    outer loop
      vertex -89.049 126.281 120
      vertex -89.049 126.281 125
      vertex -89.0358 126.215 120
    endloop
  endfacet
  facet normal 0.980779 0.19512 0
    outer loop
      vertex -89.049 126.281 125
      vertex -89.0358 126.215 125
      vertex -89.0358 126.215 120
    endloop
  endfacet
  facet normal 0.971349 0.237659 0
    outer loop
      vertex -89.0358 126.215 120
      vertex -89.0358 126.215 125
      vertex -89.0197 126.149 120
    endloop
  endfacet
  facet normal 0.971349 0.237659 0
    outer loop
      vertex -89.0358 126.215 125
      vertex -89.0197 126.149 125
      vertex -89.0197 126.149 120
    endloop
  endfacet
  facet normal 0.960047 0.279839 0
    outer loop
      vertex -89.0197 126.149 120
      vertex -89.0197 126.149 125
      vertex -89.0008 126.084 120
    endloop
  endfacet
  facet normal 0.960047 0.279839 0
    outer loop
      vertex -89.0197 126.149 125
      vertex -89.0008 126.084 125
      vertex -89.0008 126.084 120
    endloop
  endfacet
  facet normal 0.946928 0.321445 0
    outer loop
      vertex -89.0008 126.084 120
      vertex -89.0008 126.084 125
      vertex -88.9791 126.02 120
    endloop
  endfacet
  facet normal 0.946928 0.321445 0
    outer loop
      vertex -89.0008 126.084 125
      vertex -88.9791 126.02 125
      vertex -88.9791 126.02 120
    endloop
  endfacet
  facet normal 0.932042 0.362351 0
    outer loop
      vertex -88.9791 126.02 120
      vertex -88.9791 126.02 125
      vertex -88.9546 125.957 120
    endloop
  endfacet
  facet normal 0.932042 0.362351 0
    outer loop
      vertex -88.9791 126.02 125
      vertex -88.9546 125.957 125
      vertex -88.9546 125.957 120
    endloop
  endfacet
  facet normal 0.91526 0.402864 0
    outer loop
      vertex -88.9546 125.957 120
      vertex -88.9546 125.957 125
      vertex -88.9273 125.895 120
    endloop
  endfacet
  facet normal 0.91526 0.402864 0
    outer loop
      vertex -88.9546 125.957 125
      vertex -88.9273 125.895 125
      vertex -88.9273 125.895 120
    endloop
  endfacet
  facet normal 0.896881 0.442272 0
    outer loop
      vertex -88.9273 125.895 120
      vertex -88.9273 125.895 125
      vertex -88.8974 125.834 120
    endloop
  endfacet
  facet normal 0.896881 0.442272 0
    outer loop
      vertex -88.9273 125.895 125
      vertex -88.8974 125.834 125
      vertex -88.8974 125.834 120
    endloop
  endfacet
  facet normal 0.876769 0.480912 0
    outer loop
      vertex -88.8974 125.834 120
      vertex -88.8974 125.834 125
      vertex -88.8649 125.775 120
    endloop
  endfacet
  facet normal 0.876769 0.480912 0
    outer loop
      vertex -88.8974 125.834 125
      vertex -88.8649 125.775 125
      vertex -88.8649 125.775 120
    endloop
  endfacet
  facet normal 0.854847 0.51888 0
    outer loop
      vertex -88.8649 125.775 120
      vertex -88.8649 125.775 125
      vertex -88.8298 125.717 120
    endloop
  endfacet
  facet normal 0.854847 0.51888 0
    outer loop
      vertex -88.8649 125.775 125
      vertex -88.8298 125.717 125
      vertex -88.8298 125.717 120
    endloop
  endfacet
  facet normal 0.831491 0.555539 0
    outer loop
      vertex -88.8298 125.717 120
      vertex -88.8298 125.717 125
      vertex -88.7922 125.661 120
    endloop
  endfacet
  facet normal 0.831491 0.555539 0
    outer loop
      vertex -88.8298 125.717 125
      vertex -88.7922 125.661 125
      vertex -88.7922 125.661 120
    endloop
  endfacet
  facet normal 0.806458 0.591292 0
    outer loop
      vertex -88.7922 125.661 120
      vertex -88.7922 125.661 125
      vertex -88.7523 125.606 120
    endloop
  endfacet
  facet normal 0.806458 0.591292 0
    outer loop
      vertex -88.7922 125.661 125
      vertex -88.7523 125.606 125
      vertex -88.7523 125.606 120
    endloop
  endfacet
  facet normal 0.779868 0.625944 0
    outer loop
      vertex -88.7523 125.606 120
      vertex -88.7523 125.606 125
      vertex -88.7099 125.554 120
    endloop
  endfacet
  facet normal 0.779868 0.625944 0
    outer loop
      vertex -88.7523 125.606 125
      vertex -88.7099 125.554 125
      vertex -88.7099 125.554 120
    endloop
  endfacet
  facet normal 0.751812 0.659378 0
    outer loop
      vertex -88.7099 125.554 120
      vertex -88.7099 125.554 125
      vertex -88.6653 125.503 120
    endloop
  endfacet
  facet normal 0.751812 0.659378 0
    outer loop
      vertex -88.7099 125.554 125
      vertex -88.6653 125.503 125
      vertex -88.6653 125.503 120
    endloop
  endfacet
  facet normal 0.72247 0.691403 0
    outer loop
      vertex -88.6653 125.503 120
      vertex -88.6653 125.503 125
      vertex -88.6186 125.454 120
    endloop
  endfacet
  facet normal 0.72247 0.691403 0
    outer loop
      vertex -88.6653 125.503 125
      vertex -88.6186 125.454 125
      vertex -88.6186 125.454 120
    endloop
  endfacet
  facet normal 0.691458 0.722417 0
    outer loop
      vertex -88.6186 125.454 120
      vertex -88.6186 125.454 125
      vertex -88.5697 125.407 120
    endloop
  endfacet
  facet normal 0.691458 0.722417 0
    outer loop
      vertex -88.6186 125.454 125
      vertex -88.5697 125.407 125
      vertex -88.5697 125.407 120
    endloop
  endfacet
  facet normal 0.659315 0.751866 0
    outer loop
      vertex -88.5697 125.407 120
      vertex -88.5697 125.407 125
      vertex -88.5189 125.363 120
    endloop
  endfacet
  facet normal 0.659315 0.751866 0
    outer loop
      vertex -88.5697 125.407 125
      vertex -88.5189 125.363 125
      vertex -88.5189 125.363 120
    endloop
  endfacet
  facet normal 0.625957 0.779857 0
    outer loop
      vertex -88.5189 125.363 120
      vertex -88.5189 125.363 125
      vertex -88.4661 125.32 120
    endloop
  endfacet
  facet normal 0.625957 0.779857 0
    outer loop
      vertex -88.5189 125.363 125
      vertex -88.4661 125.32 125
      vertex -88.4661 125.32 120
    endloop
  endfacet
  facet normal 0.59122 0.80651 0
    outer loop
      vertex -88.4661 125.32 120
      vertex -88.4661 125.32 125
      vertex -88.4116 125.28 120
    endloop
  endfacet
  facet normal 0.59122 0.80651 0
    outer loop
      vertex -88.4661 125.32 125
      vertex -88.4116 125.28 125
      vertex -88.4116 125.28 120
    endloop
  endfacet
  facet normal 0.555666 0.831406 0
    outer loop
      vertex -88.4116 125.28 120
      vertex -88.4116 125.28 125
      vertex -88.3554 125.243 120
    endloop
  endfacet
  facet normal 0.555666 0.831406 0
    outer loop
      vertex -88.4116 125.28 125
      vertex -88.3554 125.243 125
      vertex -88.3554 125.243 120
    endloop
  endfacet
  facet normal 0.518751 0.854925 0
    outer loop
      vertex -88.3554 125.243 120
      vertex -88.3554 125.243 125
      vertex -88.2976 125.208 120
    endloop
  endfacet
  facet normal 0.518751 0.854925 0
    outer loop
      vertex -88.3554 125.243 125
      vertex -88.2976 125.208 125
      vertex -88.2976 125.208 120
    endloop
  endfacet
  facet normal 0.480997 0.876722 0
    outer loop
      vertex -88.2976 125.208 120
      vertex -88.2976 125.208 125
      vertex -88.2383 125.175 120
    endloop
  endfacet
  facet normal 0.480997 0.876722 0
    outer loop
      vertex -88.2976 125.208 125
      vertex -88.2383 125.175 125
      vertex -88.2383 125.175 120
    endloop
  endfacet
  facet normal 0.442227 0.896903 0
    outer loop
      vertex -88.2383 125.175 120
      vertex -88.2383 125.175 125
      vertex -88.1776 125.145 120
    endloop
  endfacet
  facet normal 0.442227 0.896903 0
    outer loop
      vertex -88.2383 125.175 125
      vertex -88.1776 125.145 125
      vertex -88.1776 125.145 120
    endloop
  endfacet
  facet normal 0.402783 0.915296 0
    outer loop
      vertex -88.1776 125.145 120
      vertex -88.1776 125.145 125
      vertex -88.1157 125.118 120
    endloop
  endfacet
  facet normal 0.402783 0.915296 0
    outer loop
      vertex -88.1776 125.145 125
      vertex -88.1157 125.118 125
      vertex -88.1157 125.118 120
    endloop
  endfacet
  facet normal 0.362483 0.93199 0
    outer loop
      vertex -88.1157 125.118 120
      vertex -88.1157 125.118 125
      vertex -88.0527 125.093 120
    endloop
  endfacet
  facet normal 0.362483 0.93199 0
    outer loop
      vertex -88.1157 125.118 125
      vertex -88.0527 125.093 125
      vertex -88.0527 125.093 120
    endloop
  endfacet
  facet normal 0.321478 0.946917 0
    outer loop
      vertex -88.0527 125.093 120
      vertex -88.0527 125.093 125
      vertex -87.9887 125.072 120
    endloop
  endfacet
  facet normal 0.321478 0.946917 0
    outer loop
      vertex -88.0527 125.093 125
      vertex -87.9887 125.072 125
      vertex -87.9887 125.072 120
    endloop
  endfacet
  facet normal 0.279839 0.960047 0
    outer loop
      vertex -87.9887 125.072 120
      vertex -87.9887 125.072 125
      vertex -87.9237 125.053 120
    endloop
  endfacet
  facet normal 0.279839 0.960047 0
    outer loop
      vertex -87.9887 125.072 125
      vertex -87.9237 125.053 125
      vertex -87.9237 125.053 120
    endloop
  endfacet
  facet normal 0.237555 0.971374 0
    outer loop
      vertex -87.9237 125.053 120
      vertex -87.9237 125.053 125
      vertex -87.858 125.037 120
    endloop
  endfacet
  facet normal 0.237555 0.971374 0
    outer loop
      vertex -87.9237 125.053 125
      vertex -87.858 125.037 125
      vertex -87.858 125.037 120
    endloop
  endfacet
  facet normal 0.195205 0.980762 0
    outer loop
      vertex -87.858 125.037 120
      vertex -87.858 125.037 125
      vertex -87.7917 125.024 120
    endloop
  endfacet
  facet normal 0.195205 0.980762 0
    outer loop
      vertex -87.858 125.037 125
      vertex -87.7917 125.024 125
      vertex -87.7917 125.024 120
    endloop
  endfacet
  facet normal 0.152041 0.988374 0
    outer loop
      vertex -87.7917 125.024 120
      vertex -87.7917 125.024 125
      vertex -87.7249 125.013 120
    endloop
  endfacet
  facet normal 0.152041 0.988374 0
    outer loop
      vertex -87.7917 125.024 125
      vertex -87.7249 125.013 125
      vertex -87.7249 125.013 120
    endloop
  endfacet
  facet normal 0.108859 0.994057 0
    outer loop
      vertex -87.7249 125.013 120
      vertex -87.7249 125.013 125
      vertex -87.6577 125.006 120
    endloop
  endfacet
  facet normal 0.108859 0.994057 0
    outer loop
      vertex -87.7249 125.013 125
      vertex -87.6577 125.006 125
      vertex -87.6577 125.006 120
    endloop
  endfacet
  facet normal 0.0654368 0.997857 0
    outer loop
      vertex -87.6577 125.006 120
      vertex -87.6577 125.006 125
      vertex -87.5902 125.001 120
    endloop
  endfacet
  facet normal 0.0654368 0.997857 0
    outer loop
      vertex -87.6577 125.006 125
      vertex -87.5902 125.001 125
      vertex -87.5902 125.001 120
    endloop
  endfacet
  facet normal 0.0218154 0.999762 0
    outer loop
      vertex -87.5902 125.001 120
      vertex -87.5902 125.001 125
      vertex -87.5226 125 120
    endloop
  endfacet
  facet normal 0.0218154 0.999762 0
    outer loop
      vertex -87.5902 125.001 125
      vertex -87.5226 125 125
      vertex -87.5226 125 120
    endloop
  endfacet
  facet normal -0.0218154 0.999762 0
    outer loop
      vertex -87.5226 125 120
      vertex -87.5226 125 125
      vertex -87.455 125.001 120
    endloop
  endfacet
  facet normal -0.0218154 0.999762 0
    outer loop
      vertex -87.5226 125 125
      vertex -87.455 125.001 125
      vertex -87.455 125.001 120
    endloop
  endfacet
  facet normal -0.0654368 0.997857 0
    outer loop
      vertex -87.455 125.001 120
      vertex -87.455 125.001 125
      vertex -87.3875 125.006 120
    endloop
  endfacet
  facet normal -0.0654368 0.997857 0
    outer loop
      vertex -87.455 125.001 125
      vertex -87.3875 125.006 125
      vertex -87.3875 125.006 120
    endloop
  endfacet
  facet normal -0.108859 0.994057 0
    outer loop
      vertex -87.3875 125.006 120
      vertex -87.3875 125.006 125
      vertex -87.3202 125.013 120
    endloop
  endfacet
  facet normal -0.108859 0.994057 0
    outer loop
      vertex -87.3875 125.006 125
      vertex -87.3202 125.013 125
      vertex -87.3202 125.013 120
    endloop
  endfacet
  facet normal -0.152041 0.988374 0
    outer loop
      vertex -87.3202 125.013 120
      vertex -87.3202 125.013 125
      vertex -87.2534 125.024 120
    endloop
  endfacet
  facet normal -0.152041 0.988374 0
    outer loop
      vertex -87.3202 125.013 125
      vertex -87.2534 125.024 125
      vertex -87.2534 125.024 120
    endloop
  endfacet
  facet normal -0.195205 0.980762 0
    outer loop
      vertex -87.2534 125.024 120
      vertex -87.2534 125.024 125
      vertex -87.1871 125.037 120
    endloop
  endfacet
  facet normal -0.195205 0.980762 0
    outer loop
      vertex -87.2534 125.024 125
      vertex -87.1871 125.037 125
      vertex -87.1871 125.037 120
    endloop
  endfacet
  facet normal -0.237555 0.971374 0
    outer loop
      vertex -87.1871 125.037 120
      vertex -87.1871 125.037 125
      vertex -87.1214 125.053 120
    endloop
  endfacet
  facet normal -0.237555 0.971374 0
    outer loop
      vertex -87.1871 125.037 125
      vertex -87.1214 125.053 125
      vertex -87.1214 125.053 120
    endloop
  endfacet
  facet normal -0.279839 0.960047 0
    outer loop
      vertex -87.1214 125.053 120
      vertex -87.1214 125.053 125
      vertex -87.0565 125.072 120
    endloop
  endfacet
  facet normal -0.279839 0.960047 0
    outer loop
      vertex -87.1214 125.053 125
      vertex -87.0565 125.072 125
      vertex -87.0565 125.072 120
    endloop
  endfacet
  facet normal -0.321478 0.946917 0
    outer loop
      vertex -87.0565 125.072 120
      vertex -87.0565 125.072 125
      vertex -86.9924 125.093 120
    endloop
  endfacet
  facet normal -0.321478 0.946917 0
    outer loop
      vertex -87.0565 125.072 125
      vertex -86.9924 125.093 125
      vertex -86.9924 125.093 120
    endloop
  endfacet
  facet normal -0.362446 0.932005 0
    outer loop
      vertex -86.9924 125.093 120
      vertex -86.9924 125.093 125
      vertex -86.9294 125.118 120
    endloop
  endfacet
  facet normal -0.362446 0.932005 0
    outer loop
      vertex -86.9924 125.093 125
      vertex -86.9294 125.118 125
      vertex -86.9294 125.118 120
    endloop
  endfacet
  facet normal -0.402824 0.915278 0
    outer loop
      vertex -86.9294 125.118 120
      vertex -86.9294 125.118 125
      vertex -86.8675 125.145 120
    endloop
  endfacet
  facet normal -0.402824 0.915278 0
    outer loop
      vertex -86.9294 125.118 125
      vertex -86.8675 125.145 125
      vertex -86.8675 125.145 120
    endloop
  endfacet
  facet normal -0.442227 0.896903 0
    outer loop
      vertex -86.8675 125.145 120
      vertex -86.8675 125.145 125
      vertex -86.8068 125.175 120
    endloop
  endfacet
  facet normal -0.442227 0.896903 0
    outer loop
      vertex -86.8675 125.145 125
      vertex -86.8068 125.175 125
      vertex -86.8068 125.175 120
    endloop
  endfacet
  facet normal -0.480997 0.876722 0
    outer loop
      vertex -86.8068 125.175 120
      vertex -86.8068 125.175 125
      vertex -86.7476 125.208 120
    endloop
  endfacet
  facet normal -0.480997 0.876722 0
    outer loop
      vertex -86.8068 125.175 125
      vertex -86.7476 125.208 125
      vertex -86.7476 125.208 120
    endloop
  endfacet
  facet normal -0.518751 0.854925 0
    outer loop
      vertex -86.7476 125.208 120
      vertex -86.7476 125.208 125
      vertex -86.6897 125.243 120
    endloop
  endfacet
  facet normal -0.518751 0.854925 0
    outer loop
      vertex -86.7476 125.208 125
      vertex -86.6897 125.243 125
      vertex -86.6897 125.243 120
    endloop
  endfacet
  facet normal -0.555666 0.831406 0
    outer loop
      vertex -86.6897 125.243 120
      vertex -86.6897 125.243 125
      vertex -86.6335 125.28 120
    endloop
  endfacet
  facet normal -0.555666 0.831406 0
    outer loop
      vertex -86.6897 125.243 125
      vertex -86.6335 125.28 125
      vertex -86.6335 125.28 120
    endloop
  endfacet
  facet normal -0.59122 0.80651 0
    outer loop
      vertex -86.6335 125.28 120
      vertex -86.6335 125.28 125
      vertex -86.579 125.32 120
    endloop
  endfacet
  facet normal -0.59122 0.80651 0
    outer loop
      vertex -86.6335 125.28 125
      vertex -86.579 125.32 125
      vertex -86.579 125.32 120
    endloop
  endfacet
  facet normal -0.625957 0.779857 0
    outer loop
      vertex -86.579 125.32 120
      vertex -86.579 125.32 125
      vertex -86.5262 125.363 120
    endloop
  endfacet
  facet normal -0.625957 0.779857 0
    outer loop
      vertex -86.579 125.32 125
      vertex -86.5262 125.363 125
      vertex -86.5262 125.363 120
    endloop
  endfacet
  facet normal -0.659315 0.751866 0
    outer loop
      vertex -86.5262 125.363 120
      vertex -86.5262 125.363 125
      vertex -86.4754 125.407 120
    endloop
  endfacet
  facet normal -0.659315 0.751866 0
    outer loop
      vertex -86.5262 125.363 125
      vertex -86.4754 125.407 125
      vertex -86.4754 125.407 120
    endloop
  endfacet
  facet normal -0.691458 0.722417 0
    outer loop
      vertex -86.4754 125.407 120
      vertex -86.4754 125.407 125
      vertex -86.4265 125.454 120
    endloop
  endfacet
  facet normal -0.691458 0.722417 0
    outer loop
      vertex -86.4754 125.407 125
      vertex -86.4265 125.454 125
      vertex -86.4265 125.454 120
    endloop
  endfacet
  facet normal -0.72247 0.691403 0
    outer loop
      vertex -86.4265 125.454 120
      vertex -86.4265 125.454 125
      vertex -86.3798 125.503 120
    endloop
  endfacet
  facet normal -0.72247 0.691403 0
    outer loop
      vertex -86.4265 125.454 125
      vertex -86.3798 125.503 125
      vertex -86.3798 125.503 120
    endloop
  endfacet
  facet normal -0.751812 0.659378 0
    outer loop
      vertex -86.3798 125.503 120
      vertex -86.3798 125.503 125
      vertex -86.3352 125.554 120
    endloop
  endfacet
  facet normal -0.751812 0.659378 0
    outer loop
      vertex -86.3798 125.503 125
      vertex -86.3352 125.554 125
      vertex -86.3352 125.554 120
    endloop
  endfacet
  facet normal -0.779868 0.625944 0
    outer loop
      vertex -86.3352 125.554 120
      vertex -86.3352 125.554 125
      vertex -86.2929 125.606 120
    endloop
  endfacet
  facet normal -0.779868 0.625944 0
    outer loop
      vertex -86.3352 125.554 125
      vertex -86.2929 125.606 125
      vertex -86.2929 125.606 120
    endloop
  endfacet
  facet normal -0.806458 0.591292 0
    outer loop
      vertex -86.2929 125.606 120
      vertex -86.2929 125.606 125
      vertex -86.2529 125.661 120
    endloop
  endfacet
  facet normal -0.806458 0.591292 0
    outer loop
      vertex -86.2929 125.606 125
      vertex -86.2529 125.661 125
      vertex -86.2529 125.661 120
    endloop
  endfacet
  facet normal -0.831491 0.555539 0
    outer loop
      vertex -86.2529 125.661 120
      vertex -86.2529 125.661 125
      vertex -86.2153 125.717 120
    endloop
  endfacet
  facet normal -0.831491 0.555539 0
    outer loop
      vertex -86.2529 125.661 125
      vertex -86.2153 125.717 125
      vertex -86.2153 125.717 120
    endloop
  endfacet
  facet normal -0.854847 0.51888 0
    outer loop
      vertex -86.2153 125.717 120
      vertex -86.2153 125.717 125
      vertex -86.1802 125.775 120
    endloop
  endfacet
  facet normal -0.854847 0.51888 0
    outer loop
      vertex -86.2153 125.717 125
      vertex -86.1802 125.775 125
      vertex -86.1802 125.775 120
    endloop
  endfacet
  facet normal -0.876722 0.480997 0
    outer loop
      vertex -86.1802 125.775 120
      vertex -86.1802 125.775 125
      vertex -86.1477 125.834 120
    endloop
  endfacet
  facet normal -0.876722 0.480997 0
    outer loop
      vertex -86.1802 125.775 125
      vertex -86.1477 125.834 125
      vertex -86.1477 125.834 120
    endloop
  endfacet
  facet normal -0.896925 0.442183 0
    outer loop
      vertex -86.1477 125.834 120
      vertex -86.1477 125.834 125
      vertex -86.1178 125.895 120
    endloop
  endfacet
  facet normal -0.896925 0.442183 0
    outer loop
      vertex -86.1477 125.834 125
      vertex -86.1178 125.895 125
      vertex -86.1178 125.895 120
    endloop
  endfacet
  facet normal -0.91526 0.402864 0
    outer loop
      vertex -86.1178 125.895 120
      vertex -86.1178 125.895 125
      vertex -86.0905 125.957 120
    endloop
  endfacet
  facet normal -0.91526 0.402864 0
    outer loop
      vertex -86.1178 125.895 125
      vertex -86.0905 125.957 125
      vertex -86.0905 125.957 120
    endloop
  endfacet
  facet normal -0.932042 0.362351 0
    outer loop
      vertex -86.0905 125.957 120
      vertex -86.0905 125.957 125
      vertex -86.066 126.02 120
    endloop
  endfacet
  facet normal -0.932042 0.362351 0
    outer loop
      vertex -86.0905 125.957 125
      vertex -86.066 126.02 125
      vertex -86.066 126.02 120
    endloop
  endfacet
  facet normal -0.946928 0.321445 0
    outer loop
      vertex -86.066 126.02 120
      vertex -86.066 126.02 125
      vertex -86.0443 126.084 120
    endloop
  endfacet
  facet normal -0.946928 0.321445 0
    outer loop
      vertex -86.066 126.02 125
      vertex -86.0443 126.084 125
      vertex -86.0443 126.084 120
    endloop
  endfacet
  facet normal -0.960047 0.279839 0
    outer loop
      vertex -86.0443 126.084 120
      vertex -86.0443 126.084 125
      vertex -86.0254 126.149 120
    endloop
  endfacet
  facet normal -0.960047 0.279839 0
    outer loop
      vertex -86.0443 126.084 125
      vertex -86.0254 126.149 125
      vertex -86.0254 126.149 120
    endloop
  endfacet
  facet normal -0.971349 0.237659 0
    outer loop
      vertex -86.0254 126.149 120
      vertex -86.0254 126.149 125
      vertex -86.0093 126.215 120
    endloop
  endfacet
  facet normal -0.971349 0.237659 0
    outer loop
      vertex -86.0254 126.149 125
      vertex -86.0093 126.215 125
      vertex -86.0093 126.215 120
    endloop
  endfacet
  facet normal -0.980779 0.19512 0
    outer loop
      vertex -86.0093 126.215 120
      vertex -86.0093 126.215 125
      vertex -85.9961 126.281 120
    endloop
  endfacet
  facet normal -0.980779 0.19512 0
    outer loop
      vertex -86.0093 126.215 125
      vertex -85.9961 126.281 125
      vertex -85.9961 126.281 120
    endloop
  endfacet
  facet normal -0.98836 0.152132 0
    outer loop
      vertex -85.9961 126.281 120
      vertex -85.9961 126.281 125
      vertex -85.9858 126.348 120
    endloop
  endfacet
  facet normal -0.98836 0.152132 0
    outer loop
      vertex -85.9961 126.281 125
      vertex -85.9858 126.348 125
      vertex -85.9858 126.348 120
    endloop
  endfacet
  facet normal -0.994057 0.108859 0
    outer loop
      vertex -85.9858 126.348 120
      vertex -85.9858 126.348 125
      vertex -85.9785 126.415 120
    endloop
  endfacet
  facet normal -0.994057 0.108859 0
    outer loop
      vertex -85.9858 126.348 125
      vertex -85.9785 126.415 125
      vertex -85.9785 126.415 120
    endloop
  endfacet
  facet normal -0.997864 0.0653271 0
    outer loop
      vertex -85.9785 126.415 120
      vertex -85.9785 126.415 125
      vertex -85.974 126.482 120
    endloop
  endfacet
  facet normal -0.997864 0.0653271 0
    outer loop
      vertex -85.9785 126.415 125
      vertex -85.974 126.482 125
      vertex -85.974 126.482 120
    endloop
  endfacet
  facet normal -0.999762 0.0218154 0
    outer loop
      vertex -85.974 126.482 120
      vertex -85.974 126.482 125
      vertex -85.9726 126.55 120
    endloop
  endfacet
  facet normal -0.999762 0.0218154 0
    outer loop
      vertex -85.974 126.482 125
      vertex -85.9726 126.55 125
      vertex -85.9726 126.55 120
    endloop
  endfacet
  facet normal -0.999762 -0.0218154 0
    outer loop
      vertex -85.9726 -127.322 120
      vertex -85.9726 -127.322 125
      vertex -85.974 -127.254 120
    endloop
  endfacet
  facet normal -0.999762 -0.0218154 0
    outer loop
      vertex -85.9726 -127.322 125
      vertex -85.974 -127.254 125
      vertex -85.974 -127.254 120
    endloop
  endfacet
  facet normal -0.997864 -0.0653271 0
    outer loop
      vertex -85.974 -127.254 120
      vertex -85.974 -127.254 125
      vertex -85.9785 -127.187 120
    endloop
  endfacet
  facet normal -0.997864 -0.0653271 0
    outer loop
      vertex -85.974 -127.254 125
      vertex -85.9785 -127.187 125
      vertex -85.9785 -127.187 120
    endloop
  endfacet
  facet normal -0.994057 -0.108859 0
    outer loop
      vertex -85.9785 -127.187 120
      vertex -85.9785 -127.187 125
      vertex -85.9858 -127.12 120
    endloop
  endfacet
  facet normal -0.994057 -0.108859 0
    outer loop
      vertex -85.9785 -127.187 125
      vertex -85.9858 -127.12 125
      vertex -85.9858 -127.12 120
    endloop
  endfacet
  facet normal -0.98836 -0.152132 0
    outer loop
      vertex -85.9858 -127.12 120
      vertex -85.9858 -127.12 125
      vertex -85.9961 -127.053 120
    endloop
  endfacet
  facet normal -0.98836 -0.152132 0
    outer loop
      vertex -85.9858 -127.12 125
      vertex -85.9961 -127.053 125
      vertex -85.9961 -127.053 120
    endloop
  endfacet
  facet normal -0.980779 -0.19512 0
    outer loop
      vertex -85.9961 -127.053 120
      vertex -85.9961 -127.053 125
      vertex -86.0093 -126.986 120
    endloop
  endfacet
  facet normal -0.980779 -0.19512 0
    outer loop
      vertex -85.9961 -127.053 125
      vertex -86.0093 -126.986 125
      vertex -86.0093 -126.986 120
    endloop
  endfacet
  facet normal -0.971349 -0.237659 0
    outer loop
      vertex -86.0093 -126.986 120
      vertex -86.0093 -126.986 125
      vertex -86.0254 -126.921 120
    endloop
  endfacet
  facet normal -0.971349 -0.237659 0
    outer loop
      vertex -86.0093 -126.986 125
      vertex -86.0254 -126.921 125
      vertex -86.0254 -126.921 120
    endloop
  endfacet
  facet normal -0.960047 -0.279839 0
    outer loop
      vertex -86.0254 -126.921 120
      vertex -86.0254 -126.921 125
      vertex -86.0443 -126.856 120
    endloop
  endfacet
  facet normal -0.960047 -0.279839 0
    outer loop
      vertex -86.0254 -126.921 125
      vertex -86.0443 -126.856 125
      vertex -86.0443 -126.856 120
    endloop
  endfacet
  facet normal -0.946928 -0.321445 0
    outer loop
      vertex -86.0443 -126.856 120
      vertex -86.0443 -126.856 125
      vertex -86.066 -126.792 120
    endloop
  endfacet
  facet normal -0.946928 -0.321445 0
    outer loop
      vertex -86.0443 -126.856 125
      vertex -86.066 -126.792 125
      vertex -86.066 -126.792 120
    endloop
  endfacet
  facet normal -0.932013 -0.362425 0
    outer loop
      vertex -86.066 -126.792 120
      vertex -86.066 -126.792 125
      vertex -86.0905 -126.729 120
    endloop
  endfacet
  facet normal -0.932013 -0.362425 0
    outer loop
      vertex -86.066 -126.792 125
      vertex -86.0905 -126.729 125
      vertex -86.0905 -126.729 120
    endloop
  endfacet
  facet normal -0.915296 -0.402783 0
    outer loop
      vertex -86.0905 -126.729 120
      vertex -86.0905 -126.729 125
      vertex -86.1178 -126.667 120
    endloop
  endfacet
  facet normal -0.915296 -0.402783 0
    outer loop
      vertex -86.0905 -126.729 125
      vertex -86.1178 -126.667 125
      vertex -86.1178 -126.667 120
    endloop
  endfacet
  facet normal -0.896925 -0.442183 0
    outer loop
      vertex -86.1178 -126.667 120
      vertex -86.1178 -126.667 125
      vertex -86.1477 -126.606 120
    endloop
  endfacet
  facet normal -0.896925 -0.442183 0
    outer loop
      vertex -86.1178 -126.667 125
      vertex -86.1477 -126.606 125
      vertex -86.1477 -126.606 120
    endloop
  endfacet
  facet normal -0.876722 -0.480997 0
    outer loop
      vertex -86.1477 -126.606 120
      vertex -86.1477 -126.606 125
      vertex -86.1802 -126.547 120
    endloop
  endfacet
  facet normal -0.876722 -0.480997 0
    outer loop
      vertex -86.1477 -126.606 125
      vertex -86.1802 -126.547 125
      vertex -86.1802 -126.547 120
    endloop
  endfacet
  facet normal -0.854847 -0.51888 0
    outer loop
      vertex -86.1802 -126.547 120
      vertex -86.1802 -126.547 125
      vertex -86.2153 -126.489 120
    endloop
  endfacet
  facet normal -0.854847 -0.51888 0
    outer loop
      vertex -86.1802 -126.547 125
      vertex -86.2153 -126.489 125
      vertex -86.2153 -126.489 120
    endloop
  endfacet
  facet normal -0.831491 -0.555539 0
    outer loop
      vertex -86.2153 -126.489 120
      vertex -86.2153 -126.489 125
      vertex -86.2529 -126.433 120
    endloop
  endfacet
  facet normal -0.831491 -0.555539 0
    outer loop
      vertex -86.2153 -126.489 125
      vertex -86.2529 -126.433 125
      vertex -86.2529 -126.433 120
    endloop
  endfacet
  facet normal -0.806458 -0.591292 0
    outer loop
      vertex -86.2529 -126.433 120
      vertex -86.2529 -126.433 125
      vertex -86.2929 -126.378 120
    endloop
  endfacet
  facet normal -0.806458 -0.591292 0
    outer loop
      vertex -86.2529 -126.433 125
      vertex -86.2929 -126.378 125
      vertex -86.2929 -126.378 120
    endloop
  endfacet
  facet normal -0.779868 -0.625944 0
    outer loop
      vertex -86.2929 -126.378 120
      vertex -86.2929 -126.378 125
      vertex -86.3352 -126.326 120
    endloop
  endfacet
  facet normal -0.779868 -0.625944 0
    outer loop
      vertex -86.2929 -126.378 125
      vertex -86.3352 -126.326 125
      vertex -86.3352 -126.326 120
    endloop
  endfacet
  facet normal -0.751812 -0.659378 0
    outer loop
      vertex -86.3352 -126.326 120
      vertex -86.3352 -126.326 125
      vertex -86.3798 -126.275 120
    endloop
  endfacet
  facet normal -0.751812 -0.659378 0
    outer loop
      vertex -86.3352 -126.326 125
      vertex -86.3798 -126.275 125
      vertex -86.3798 -126.275 120
    endloop
  endfacet
  facet normal -0.72247 -0.691403 0
    outer loop
      vertex -86.3798 -126.275 120
      vertex -86.3798 -126.275 125
      vertex -86.4265 -126.226 120
    endloop
  endfacet
  facet normal -0.72247 -0.691403 0
    outer loop
      vertex -86.3798 -126.275 125
      vertex -86.4265 -126.226 125
      vertex -86.4265 -126.226 120
    endloop
  endfacet
  facet normal -0.691458 -0.722417 0
    outer loop
      vertex -86.4265 -126.226 120
      vertex -86.4265 -126.226 125
      vertex -86.4754 -126.179 120
    endloop
  endfacet
  facet normal -0.691458 -0.722417 0
    outer loop
      vertex -86.4265 -126.226 125
      vertex -86.4754 -126.179 125
      vertex -86.4754 -126.179 120
    endloop
  endfacet
  facet normal -0.659315 -0.751866 0
    outer loop
      vertex -86.4754 -126.179 120
      vertex -86.4754 -126.179 125
      vertex -86.5262 -126.134 120
    endloop
  endfacet
  facet normal -0.659315 -0.751866 0
    outer loop
      vertex -86.4754 -126.179 125
      vertex -86.5262 -126.134 125
      vertex -86.5262 -126.134 120
    endloop
  endfacet
  facet normal -0.625957 -0.779857 0
    outer loop
      vertex -86.5262 -126.134 120
      vertex -86.5262 -126.134 125
      vertex -86.579 -126.092 120
    endloop
  endfacet
  facet normal -0.625957 -0.779857 0
    outer loop
      vertex -86.5262 -126.134 125
      vertex -86.579 -126.092 125
      vertex -86.579 -126.092 120
    endloop
  endfacet
  facet normal -0.59122 -0.80651 0
    outer loop
      vertex -86.579 -126.092 120
      vertex -86.579 -126.092 125
      vertex -86.6335 -126.052 120
    endloop
  endfacet
  facet normal -0.59122 -0.80651 0
    outer loop
      vertex -86.579 -126.092 125
      vertex -86.6335 -126.052 125
      vertex -86.6335 -126.052 120
    endloop
  endfacet
  facet normal -0.555666 -0.831406 0
    outer loop
      vertex -86.6335 -126.052 120
      vertex -86.6335 -126.052 125
      vertex -86.6897 -126.015 120
    endloop
  endfacet
  facet normal -0.555666 -0.831406 0
    outer loop
      vertex -86.6335 -126.052 125
      vertex -86.6897 -126.015 125
      vertex -86.6897 -126.015 120
    endloop
  endfacet
  facet normal -0.518751 -0.854925 0
    outer loop
      vertex -86.6897 -126.015 120
      vertex -86.6897 -126.015 125
      vertex -86.7476 -125.98 120
    endloop
  endfacet
  facet normal -0.518751 -0.854925 0
    outer loop
      vertex -86.6897 -126.015 125
      vertex -86.7476 -125.98 125
      vertex -86.7476 -125.98 120
    endloop
  endfacet
  facet normal -0.480997 -0.876722 0
    outer loop
      vertex -86.7476 -125.98 120
      vertex -86.7476 -125.98 125
      vertex -86.8068 -125.947 120
    endloop
  endfacet
  facet normal -0.480997 -0.876722 0
    outer loop
      vertex -86.7476 -125.98 125
      vertex -86.8068 -125.947 125
      vertex -86.8068 -125.947 120
    endloop
  endfacet
  facet normal -0.442227 -0.896903 0
    outer loop
      vertex -86.8068 -125.947 120
      vertex -86.8068 -125.947 125
      vertex -86.8675 -125.917 120
    endloop
  endfacet
  facet normal -0.442227 -0.896903 0
    outer loop
      vertex -86.8068 -125.947 125
      vertex -86.8675 -125.917 125
      vertex -86.8675 -125.917 120
    endloop
  endfacet
  facet normal -0.402824 -0.915278 0
    outer loop
      vertex -86.8675 -125.917 120
      vertex -86.8675 -125.917 125
      vertex -86.9294 -125.89 120
    endloop
  endfacet
  facet normal -0.402824 -0.915278 0
    outer loop
      vertex -86.8675 -125.917 125
      vertex -86.9294 -125.89 125
      vertex -86.9294 -125.89 120
    endloop
  endfacet
  facet normal -0.362446 -0.932005 0
    outer loop
      vertex -86.9294 -125.89 120
      vertex -86.9294 -125.89 125
      vertex -86.9924 -125.865 120
    endloop
  endfacet
  facet normal -0.362446 -0.932005 0
    outer loop
      vertex -86.9294 -125.89 125
      vertex -86.9924 -125.865 125
      vertex -86.9924 -125.865 120
    endloop
  endfacet
  facet normal -0.321478 -0.946917 0
    outer loop
      vertex -86.9924 -125.865 120
      vertex -86.9924 -125.865 125
      vertex -87.0565 -125.844 120
    endloop
  endfacet
  facet normal -0.321478 -0.946917 0
    outer loop
      vertex -86.9924 -125.865 125
      vertex -87.0565 -125.844 125
      vertex -87.0565 -125.844 120
    endloop
  endfacet
  facet normal -0.279839 -0.960047 0
    outer loop
      vertex -87.0565 -125.844 120
      vertex -87.0565 -125.844 125
      vertex -87.1214 -125.825 120
    endloop
  endfacet
  facet normal -0.279839 -0.960047 0
    outer loop
      vertex -87.0565 -125.844 125
      vertex -87.1214 -125.825 125
      vertex -87.1214 -125.825 120
    endloop
  endfacet
  facet normal -0.237555 -0.971374 0
    outer loop
      vertex -87.1214 -125.825 120
      vertex -87.1214 -125.825 125
      vertex -87.1871 -125.809 120
    endloop
  endfacet
  facet normal -0.237555 -0.971374 0
    outer loop
      vertex -87.1214 -125.825 125
      vertex -87.1871 -125.809 125
      vertex -87.1871 -125.809 120
    endloop
  endfacet
  facet normal -0.195205 -0.980762 0
    outer loop
      vertex -87.1871 -125.809 120
      vertex -87.1871 -125.809 125
      vertex -87.2534 -125.795 120
    endloop
  endfacet
  facet normal -0.195205 -0.980762 0
    outer loop
      vertex -87.1871 -125.809 125
      vertex -87.2534 -125.795 125
      vertex -87.2534 -125.795 120
    endloop
  endfacet
  facet normal -0.152041 -0.988374 0
    outer loop
      vertex -87.2534 -125.795 120
      vertex -87.2534 -125.795 125
      vertex -87.3202 -125.785 120
    endloop
  endfacet
  facet normal -0.152041 -0.988374 0
    outer loop
      vertex -87.2534 -125.795 125
      vertex -87.3202 -125.785 125
      vertex -87.3202 -125.785 120
    endloop
  endfacet
  facet normal -0.108859 -0.994057 0
    outer loop
      vertex -87.3202 -125.785 120
      vertex -87.3202 -125.785 125
      vertex -87.3875 -125.778 120
    endloop
  endfacet
  facet normal -0.108859 -0.994057 0
    outer loop
      vertex -87.3202 -125.785 125
      vertex -87.3875 -125.778 125
      vertex -87.3875 -125.778 120
    endloop
  endfacet
  facet normal -0.0654368 -0.997857 0
    outer loop
      vertex -87.3875 -125.778 120
      vertex -87.3875 -125.778 125
      vertex -87.455 -125.773 120
    endloop
  endfacet
  facet normal -0.0654368 -0.997857 0
    outer loop
      vertex -87.3875 -125.778 125
      vertex -87.455 -125.773 125
      vertex -87.455 -125.773 120
    endloop
  endfacet
  facet normal -0.0218154 -0.999762 0
    outer loop
      vertex -87.455 -125.773 120
      vertex -87.455 -125.773 125
      vertex -87.5226 -125.772 120
    endloop
  endfacet
  facet normal -0.0218154 -0.999762 0
    outer loop
      vertex -87.455 -125.773 125
      vertex -87.5226 -125.772 125
      vertex -87.5226 -125.772 120
    endloop
  endfacet
  facet normal 0.0218154 -0.999762 0
    outer loop
      vertex -87.5226 -125.772 120
      vertex -87.5226 -125.772 125
      vertex -87.5902 -125.773 120
    endloop
  endfacet
  facet normal 0.0218154 -0.999762 0
    outer loop
      vertex -87.5226 -125.772 125
      vertex -87.5902 -125.773 125
      vertex -87.5902 -125.773 120
    endloop
  endfacet
  facet normal 0.0654368 -0.997857 0
    outer loop
      vertex -87.5902 -125.773 120
      vertex -87.5902 -125.773 125
      vertex -87.6577 -125.778 120
    endloop
  endfacet
  facet normal 0.0654368 -0.997857 0
    outer loop
      vertex -87.5902 -125.773 125
      vertex -87.6577 -125.778 125
      vertex -87.6577 -125.778 120
    endloop
  endfacet
  facet normal 0.108859 -0.994057 0
    outer loop
      vertex -87.6577 -125.778 120
      vertex -87.6577 -125.778 125
      vertex -87.7249 -125.785 120
    endloop
  endfacet
  facet normal 0.108859 -0.994057 0
    outer loop
      vertex -87.6577 -125.778 125
      vertex -87.7249 -125.785 125
      vertex -87.7249 -125.785 120
    endloop
  endfacet
  facet normal 0.152041 -0.988374 0
    outer loop
      vertex -87.7249 -125.785 120
      vertex -87.7249 -125.785 125
      vertex -87.7917 -125.795 120
    endloop
  endfacet
  facet normal 0.152041 -0.988374 0
    outer loop
      vertex -87.7249 -125.785 125
      vertex -87.7917 -125.795 125
      vertex -87.7917 -125.795 120
    endloop
  endfacet
  facet normal 0.195205 -0.980762 0
    outer loop
      vertex -87.7917 -125.795 120
      vertex -87.7917 -125.795 125
      vertex -87.858 -125.809 120
    endloop
  endfacet
  facet normal 0.195205 -0.980762 0
    outer loop
      vertex -87.7917 -125.795 125
      vertex -87.858 -125.809 125
      vertex -87.858 -125.809 120
    endloop
  endfacet
  facet normal 0.237555 -0.971374 0
    outer loop
      vertex -87.858 -125.809 120
      vertex -87.858 -125.809 125
      vertex -87.9237 -125.825 120
    endloop
  endfacet
  facet normal 0.237555 -0.971374 0
    outer loop
      vertex -87.858 -125.809 125
      vertex -87.9237 -125.825 125
      vertex -87.9237 -125.825 120
    endloop
  endfacet
  facet normal 0.279839 -0.960047 0
    outer loop
      vertex -87.9237 -125.825 120
      vertex -87.9237 -125.825 125
      vertex -87.9887 -125.844 120
    endloop
  endfacet
  facet normal 0.279839 -0.960047 0
    outer loop
      vertex -87.9237 -125.825 125
      vertex -87.9887 -125.844 125
      vertex -87.9887 -125.844 120
    endloop
  endfacet
  facet normal 0.321478 -0.946917 0
    outer loop
      vertex -87.9887 -125.844 120
      vertex -87.9887 -125.844 125
      vertex -88.0527 -125.865 120
    endloop
  endfacet
  facet normal 0.321478 -0.946917 0
    outer loop
      vertex -87.9887 -125.844 125
      vertex -88.0527 -125.865 125
      vertex -88.0527 -125.865 120
    endloop
  endfacet
  facet normal 0.362483 -0.93199 0
    outer loop
      vertex -88.0527 -125.865 120
      vertex -88.0527 -125.865 125
      vertex -88.1157 -125.89 120
    endloop
  endfacet
  facet normal 0.362483 -0.93199 0
    outer loop
      vertex -88.0527 -125.865 125
      vertex -88.1157 -125.89 125
      vertex -88.1157 -125.89 120
    endloop
  endfacet
  facet normal 0.402783 -0.915296 0
    outer loop
      vertex -88.1157 -125.89 120
      vertex -88.1157 -125.89 125
      vertex -88.1776 -125.917 120
    endloop
  endfacet
  facet normal 0.402783 -0.915296 0
    outer loop
      vertex -88.1157 -125.89 125
      vertex -88.1776 -125.917 125
      vertex -88.1776 -125.917 120
    endloop
  endfacet
  facet normal 0.442227 -0.896903 0
    outer loop
      vertex -88.1776 -125.917 120
      vertex -88.1776 -125.917 125
      vertex -88.2383 -125.947 120
    endloop
  endfacet
  facet normal 0.442227 -0.896903 0
    outer loop
      vertex -88.1776 -125.917 125
      vertex -88.2383 -125.947 125
      vertex -88.2383 -125.947 120
    endloop
  endfacet
  facet normal 0.480997 -0.876722 0
    outer loop
      vertex -88.2383 -125.947 120
      vertex -88.2383 -125.947 125
      vertex -88.2976 -125.98 120
    endloop
  endfacet
  facet normal 0.480997 -0.876722 0
    outer loop
      vertex -88.2383 -125.947 125
      vertex -88.2976 -125.98 125
      vertex -88.2976 -125.98 120
    endloop
  endfacet
  facet normal 0.518751 -0.854925 0
    outer loop
      vertex -88.2976 -125.98 120
      vertex -88.2976 -125.98 125
      vertex -88.3554 -126.015 120
    endloop
  endfacet
  facet normal 0.518751 -0.854925 0
    outer loop
      vertex -88.2976 -125.98 125
      vertex -88.3554 -126.015 125
      vertex -88.3554 -126.015 120
    endloop
  endfacet
  facet normal 0.555666 -0.831406 0
    outer loop
      vertex -88.3554 -126.015 120
      vertex -88.3554 -126.015 125
      vertex -88.4116 -126.052 120
    endloop
  endfacet
  facet normal 0.555666 -0.831406 0
    outer loop
      vertex -88.3554 -126.015 125
      vertex -88.4116 -126.052 125
      vertex -88.4116 -126.052 120
    endloop
  endfacet
  facet normal 0.59122 -0.80651 0
    outer loop
      vertex -88.4116 -126.052 120
      vertex -88.4116 -126.052 125
      vertex -88.4661 -126.092 120
    endloop
  endfacet
  facet normal 0.59122 -0.80651 0
    outer loop
      vertex -88.4116 -126.052 125
      vertex -88.4661 -126.092 125
      vertex -88.4661 -126.092 120
    endloop
  endfacet
  facet normal 0.625957 -0.779857 0
    outer loop
      vertex -88.4661 -126.092 120
      vertex -88.4661 -126.092 125
      vertex -88.5189 -126.134 120
    endloop
  endfacet
  facet normal 0.625957 -0.779857 0
    outer loop
      vertex -88.4661 -126.092 125
      vertex -88.5189 -126.134 125
      vertex -88.5189 -126.134 120
    endloop
  endfacet
  facet normal 0.659315 -0.751866 0
    outer loop
      vertex -88.5189 -126.134 120
      vertex -88.5189 -126.134 125
      vertex -88.5697 -126.179 120
    endloop
  endfacet
  facet normal 0.659315 -0.751866 0
    outer loop
      vertex -88.5189 -126.134 125
      vertex -88.5697 -126.179 125
      vertex -88.5697 -126.179 120
    endloop
  endfacet
  facet normal 0.691458 -0.722417 0
    outer loop
      vertex -88.5697 -126.179 120
      vertex -88.5697 -126.179 125
      vertex -88.6186 -126.226 120
    endloop
  endfacet
  facet normal 0.691458 -0.722417 0
    outer loop
      vertex -88.5697 -126.179 125
      vertex -88.6186 -126.226 125
      vertex -88.6186 -126.226 120
    endloop
  endfacet
  facet normal 0.72247 -0.691403 0
    outer loop
      vertex -88.6186 -126.226 120
      vertex -88.6186 -126.226 125
      vertex -88.6653 -126.275 120
    endloop
  endfacet
  facet normal 0.72247 -0.691403 0
    outer loop
      vertex -88.6186 -126.226 125
      vertex -88.6653 -126.275 125
      vertex -88.6653 -126.275 120
    endloop
  endfacet
  facet normal 0.751812 -0.659378 0
    outer loop
      vertex -88.6653 -126.275 120
      vertex -88.6653 -126.275 125
      vertex -88.7099 -126.326 120
    endloop
  endfacet
  facet normal 0.751812 -0.659378 0
    outer loop
      vertex -88.6653 -126.275 125
      vertex -88.7099 -126.326 125
      vertex -88.7099 -126.326 120
    endloop
  endfacet
  facet normal 0.779868 -0.625944 0
    outer loop
      vertex -88.7099 -126.326 120
      vertex -88.7099 -126.326 125
      vertex -88.7523 -126.378 120
    endloop
  endfacet
  facet normal 0.779868 -0.625944 0
    outer loop
      vertex -88.7099 -126.326 125
      vertex -88.7523 -126.378 125
      vertex -88.7523 -126.378 120
    endloop
  endfacet
  facet normal 0.806458 -0.591292 0
    outer loop
      vertex -88.7523 -126.378 120
      vertex -88.7523 -126.378 125
      vertex -88.7922 -126.433 120
    endloop
  endfacet
  facet normal 0.806458 -0.591292 0
    outer loop
      vertex -88.7523 -126.378 125
      vertex -88.7922 -126.433 125
      vertex -88.7922 -126.433 120
    endloop
  endfacet
  facet normal 0.831491 -0.555539 0
    outer loop
      vertex -88.7922 -126.433 120
      vertex -88.7922 -126.433 125
      vertex -88.8298 -126.489 120
    endloop
  endfacet
  facet normal 0.831491 -0.555539 0
    outer loop
      vertex -88.7922 -126.433 125
      vertex -88.8298 -126.489 125
      vertex -88.8298 -126.489 120
    endloop
  endfacet
  facet normal 0.854847 -0.51888 0
    outer loop
      vertex -88.8298 -126.489 120
      vertex -88.8298 -126.489 125
      vertex -88.8649 -126.547 120
    endloop
  endfacet
  facet normal 0.854847 -0.51888 0
    outer loop
      vertex -88.8298 -126.489 125
      vertex -88.8649 -126.547 125
      vertex -88.8649 -126.547 120
    endloop
  endfacet
  facet normal 0.876769 -0.480912 0
    outer loop
      vertex -88.8649 -126.547 120
      vertex -88.8649 -126.547 125
      vertex -88.8974 -126.606 120
    endloop
  endfacet
  facet normal 0.876769 -0.480912 0
    outer loop
      vertex -88.8649 -126.547 125
      vertex -88.8974 -126.606 125
      vertex -88.8974 -126.606 120
    endloop
  endfacet
  facet normal 0.896881 -0.442272 0
    outer loop
      vertex -88.8974 -126.606 120
      vertex -88.8974 -126.606 125
      vertex -88.9273 -126.667 120
    endloop
  endfacet
  facet normal 0.896881 -0.442272 0
    outer loop
      vertex -88.8974 -126.606 125
      vertex -88.9273 -126.667 125
      vertex -88.9273 -126.667 120
    endloop
  endfacet
  facet normal 0.915296 -0.402783 0
    outer loop
      vertex -88.9273 -126.667 120
      vertex -88.9273 -126.667 125
      vertex -88.9546 -126.729 120
    endloop
  endfacet
  facet normal 0.915296 -0.402783 0
    outer loop
      vertex -88.9273 -126.667 125
      vertex -88.9546 -126.729 125
      vertex -88.9546 -126.729 120
    endloop
  endfacet
  facet normal 0.932013 -0.362425 0
    outer loop
      vertex -88.9546 -126.729 120
      vertex -88.9546 -126.729 125
      vertex -88.9791 -126.792 120
    endloop
  endfacet
  facet normal 0.932013 -0.362425 0
    outer loop
      vertex -88.9546 -126.729 125
      vertex -88.9791 -126.792 125
      vertex -88.9791 -126.792 120
    endloop
  endfacet
  facet normal 0.946928 -0.321445 0
    outer loop
      vertex -88.9791 -126.792 120
      vertex -88.9791 -126.792 125
      vertex -89.0008 -126.856 120
    endloop
  endfacet
  facet normal 0.946928 -0.321445 0
    outer loop
      vertex -88.9791 -126.792 125
      vertex -89.0008 -126.856 125
      vertex -89.0008 -126.856 120
    endloop
  endfacet
  facet normal 0.960047 -0.279839 0
    outer loop
      vertex -89.0008 -126.856 120
      vertex -89.0008 -126.856 125
      vertex -89.0197 -126.921 120
    endloop
  endfacet
  facet normal 0.960047 -0.279839 0
    outer loop
      vertex -89.0008 -126.856 125
      vertex -89.0197 -126.921 125
      vertex -89.0197 -126.921 120
    endloop
  endfacet
  facet normal 0.971349 -0.237659 0
    outer loop
      vertex -89.0197 -126.921 120
      vertex -89.0197 -126.921 125
      vertex -89.0358 -126.986 120
    endloop
  endfacet
  facet normal 0.971349 -0.237659 0
    outer loop
      vertex -89.0197 -126.921 125
      vertex -89.0358 -126.986 125
      vertex -89.0358 -126.986 120
    endloop
  endfacet
  facet normal 0.980779 -0.19512 0
    outer loop
      vertex -89.0358 -126.986 120
      vertex -89.0358 -126.986 125
      vertex -89.049 -127.053 120
    endloop
  endfacet
  facet normal 0.980779 -0.19512 0
    outer loop
      vertex -89.0358 -126.986 125
      vertex -89.049 -127.053 125
      vertex -89.049 -127.053 120
    endloop
  endfacet
  facet normal 0.98836 -0.152132 0
    outer loop
      vertex -89.049 -127.053 120
      vertex -89.049 -127.053 125
      vertex -89.0593 -127.12 120
    endloop
  endfacet
  facet normal 0.98836 -0.152132 0
    outer loop
      vertex -89.049 -127.053 125
      vertex -89.0593 -127.12 125
      vertex -89.0593 -127.12 120
    endloop
  endfacet
  facet normal 0.994057 -0.108859 0
    outer loop
      vertex -89.0593 -127.12 120
      vertex -89.0593 -127.12 125
      vertex -89.0667 -127.187 120
    endloop
  endfacet
  facet normal 0.994057 -0.108859 0
    outer loop
      vertex -89.0593 -127.12 125
      vertex -89.0667 -127.187 125
      vertex -89.0667 -127.187 120
    endloop
  endfacet
  facet normal 0.997864 -0.0653271 0
    outer loop
      vertex -89.0667 -127.187 120
      vertex -89.0667 -127.187 125
      vertex -89.0711 -127.254 120
    endloop
  endfacet
  facet normal 0.997864 -0.0653271 0
    outer loop
      vertex -89.0667 -127.187 125
      vertex -89.0711 -127.254 125
      vertex -89.0711 -127.254 120
    endloop
  endfacet
  facet normal 0.999762 -0.0218154 0
    outer loop
      vertex -89.0711 -127.254 120
      vertex -89.0711 -127.254 125
      vertex -89.0726 -127.322 120
    endloop
  endfacet
  facet normal 0.999762 -0.0218154 0
    outer loop
      vertex -89.0711 -127.254 125
      vertex -89.0726 -127.322 125
      vertex -89.0726 -127.322 120
    endloop
  endfacet
  facet normal 0.999762 0.0218154 0
    outer loop
      vertex -89.0726 -127.322 120
      vertex -89.0726 -127.322 125
      vertex -89.0711 -127.389 120
    endloop
  endfacet
  facet normal 0.999762 0.0218154 0
    outer loop
      vertex -89.0726 -127.322 125
      vertex -89.0711 -127.389 125
      vertex -89.0711 -127.389 120
    endloop
  endfacet
  facet normal 0.997864 0.0653271 0
    outer loop
      vertex -89.0711 -127.389 120
      vertex -89.0711 -127.389 125
      vertex -89.0667 -127.457 120
    endloop
  endfacet
  facet normal 0.997864 0.0653271 0
    outer loop
      vertex -89.0711 -127.389 125
      vertex -89.0667 -127.457 125
      vertex -89.0667 -127.457 120
    endloop
  endfacet
  facet normal 0.994057 0.108859 0
    outer loop
      vertex -89.0667 -127.457 120
      vertex -89.0667 -127.457 125
      vertex -89.0593 -127.524 120
    endloop
  endfacet
  facet normal 0.994057 0.108859 0
    outer loop
      vertex -89.0667 -127.457 125
      vertex -89.0593 -127.524 125
      vertex -89.0593 -127.524 120
    endloop
  endfacet
  facet normal 0.988355 0.152165 0
    outer loop
      vertex -89.0593 -127.524 120
      vertex -89.0593 -127.524 125
      vertex -89.049 -127.591 120
    endloop
  endfacet
  facet normal 0.988355 0.152165 0
    outer loop
      vertex -89.0593 -127.524 125
      vertex -89.049 -127.591 125
      vertex -89.049 -127.591 120
    endloop
  endfacet
  facet normal 0.980788 0.195078 0
    outer loop
      vertex -89.049 -127.591 120
      vertex -89.049 -127.591 125
      vertex -89.0358 -127.657 120
    endloop
  endfacet
  facet normal 0.980788 0.195078 0
    outer loop
      vertex -89.049 -127.591 125
      vertex -89.0358 -127.657 125
      vertex -89.0358 -127.657 120
    endloop
  endfacet
  facet normal 0.971349 0.237659 0
    outer loop
      vertex -89.0358 -127.657 120
      vertex -89.0358 -127.657 125
      vertex -89.0197 -127.723 120
    endloop
  endfacet
  facet normal 0.971349 0.237659 0
    outer loop
      vertex -89.0358 -127.657 125
      vertex -89.0197 -127.723 125
      vertex -89.0197 -127.723 120
    endloop
  endfacet
  facet normal 0.960047 0.279839 0
    outer loop
      vertex -89.0197 -127.723 120
      vertex -89.0197 -127.723 125
      vertex -89.0008 -127.788 120
    endloop
  endfacet
  facet normal 0.960047 0.279839 0
    outer loop
      vertex -89.0197 -127.723 125
      vertex -89.0008 -127.788 125
      vertex -89.0008 -127.788 120
    endloop
  endfacet
  facet normal 0.946906 0.321512 0
    outer loop
      vertex -89.0008 -127.788 120
      vertex -89.0008 -127.788 125
      vertex -88.9791 -127.852 120
    endloop
  endfacet
  facet normal 0.946906 0.321512 0
    outer loop
      vertex -89.0008 -127.788 125
      vertex -88.9791 -127.852 125
      vertex -88.9791 -127.852 120
    endloop
  endfacet
  facet normal 0.932042 0.362351 0
    outer loop
      vertex -88.9791 -127.852 120
      vertex -88.9791 -127.852 125
      vertex -88.9546 -127.915 120
    endloop
  endfacet
  facet normal 0.932042 0.362351 0
    outer loop
      vertex -88.9791 -127.852 125
      vertex -88.9546 -127.915 125
      vertex -88.9546 -127.915 120
    endloop
  endfacet
  facet normal 0.915296 0.402783 0
    outer loop
      vertex -88.9546 -127.915 120
      vertex -88.9546 -127.915 125
      vertex -88.9273 -127.977 120
    endloop
  endfacet
  facet normal 0.915296 0.402783 0
    outer loop
      vertex -88.9546 -127.915 125
      vertex -88.9273 -127.977 125
      vertex -88.9273 -127.977 120
    endloop
  endfacet
  facet normal 0.896838 0.442359 0
    outer loop
      vertex -88.9273 -127.977 120
      vertex -88.9273 -127.977 125
      vertex -88.8974 -128.038 120
    endloop
  endfacet
  facet normal 0.896838 0.442359 0
    outer loop
      vertex -88.9273 -127.977 125
      vertex -88.8974 -128.038 125
      vertex -88.8974 -128.038 120
    endloop
  endfacet
  facet normal 0.876769 0.480912 0
    outer loop
      vertex -88.8974 -128.038 120
      vertex -88.8974 -128.038 125
      vertex -88.8649 -128.097 120
    endloop
  endfacet
  facet normal 0.876769 0.480912 0
    outer loop
      vertex -88.8974 -128.038 125
      vertex -88.8649 -128.097 125
      vertex -88.8649 -128.097 120
    endloop
  endfacet
  facet normal 0.854906 0.518783 0
    outer loop
      vertex -88.8649 -128.097 120
      vertex -88.8649 -128.097 125
      vertex -88.8298 -128.155 120
    endloop
  endfacet
  facet normal 0.854906 0.518783 0
    outer loop
      vertex -88.8649 -128.097 125
      vertex -88.8298 -128.155 125
      vertex -88.8298 -128.155 120
    endloop
  endfacet
  facet normal 0.831423 0.555641 0
    outer loop
      vertex -88.8298 -128.155 120
      vertex -88.8298 -128.155 125
      vertex -88.7922 -128.211 120
    endloop
  endfacet
  facet normal 0.831423 0.555641 0
    outer loop
      vertex -88.8298 -128.155 125
      vertex -88.7922 -128.211 125
      vertex -88.7922 -128.211 120
    endloop
  endfacet
  facet normal 0.806458 0.591292 0
    outer loop
      vertex -88.7922 -128.211 120
      vertex -88.7922 -128.211 125
      vertex -88.7523 -128.265 120
    endloop
  endfacet
  facet normal 0.806458 0.591292 0
    outer loop
      vertex -88.7922 -128.211 125
      vertex -88.7523 -128.265 125
      vertex -88.7523 -128.265 120
    endloop
  endfacet
  facet normal 0.779954 0.625836 0
    outer loop
      vertex -88.7523 -128.265 120
      vertex -88.7523 -128.265 125
      vertex -88.7099 -128.318 120
    endloop
  endfacet
  facet normal 0.779954 0.625836 0
    outer loop
      vertex -88.7523 -128.265 125
      vertex -88.7099 -128.318 125
      vertex -88.7099 -128.318 120
    endloop
  endfacet
  facet normal 0.751812 0.659378 0
    outer loop
      vertex -88.7099 -128.318 120
      vertex -88.7099 -128.318 125
      vertex -88.6653 -128.369 120
    endloop
  endfacet
  facet normal 0.751812 0.659378 0
    outer loop
      vertex -88.7099 -128.318 125
      vertex -88.6653 -128.369 125
      vertex -88.6653 -128.369 120
    endloop
  endfacet
  facet normal 0.722364 0.691513 0
    outer loop
      vertex -88.6653 -128.369 120
      vertex -88.6653 -128.369 125
      vertex -88.6186 -128.418 120
    endloop
  endfacet
  facet normal 0.722364 0.691513 0
    outer loop
      vertex -88.6653 -128.369 125
      vertex -88.6186 -128.418 125
      vertex -88.6186 -128.418 120
    endloop
  endfacet
  facet normal 0.691458 0.722417 0
    outer loop
      vertex -88.6186 -128.418 120
      vertex -88.6186 -128.418 125
      vertex -88.5697 -128.465 120
    endloop
  endfacet
  facet normal 0.691458 0.722417 0
    outer loop
      vertex -88.6186 -128.418 125
      vertex -88.5697 -128.465 125
      vertex -88.5697 -128.465 120
    endloop
  endfacet
  facet normal 0.65944 0.751757 0
    outer loop
      vertex -88.5697 -128.465 120
      vertex -88.5697 -128.465 125
      vertex -88.5189 -128.509 120
    endloop
  endfacet
  facet normal 0.65944 0.751757 0
    outer loop
      vertex -88.5697 -128.465 125
      vertex -88.5189 -128.509 125
      vertex -88.5189 -128.509 120
    endloop
  endfacet
  facet normal 0.625823 0.779965 0
    outer loop
      vertex -88.5189 -128.509 120
      vertex -88.5189 -128.509 125
      vertex -88.4661 -128.552 120
    endloop
  endfacet
  facet normal 0.625823 0.779965 0
    outer loop
      vertex -88.5189 -128.509 125
      vertex -88.4661 -128.552 125
      vertex -88.4661 -128.552 120
    endloop
  endfacet
  facet normal 0.591364 0.806405 0
    outer loop
      vertex -88.4661 -128.552 120
      vertex -88.4661 -128.552 125
      vertex -88.4116 -128.592 120
    endloop
  endfacet
  facet normal 0.591364 0.806405 0
    outer loop
      vertex -88.4661 -128.552 125
      vertex -88.4116 -128.592 125
      vertex -88.4116 -128.592 120
    endloop
  endfacet
  facet normal 0.555514 0.831507 0
    outer loop
      vertex -88.4116 -128.592 120
      vertex -88.4116 -128.592 125
      vertex -88.3554 -128.629 120
    endloop
  endfacet
  facet normal 0.555514 0.831507 0
    outer loop
      vertex -88.4116 -128.592 125
      vertex -88.3554 -128.629 125
      vertex -88.3554 -128.629 120
    endloop
  endfacet
  facet normal 0.518912 0.854828 0
    outer loop
      vertex -88.3554 -128.629 120
      vertex -88.3554 -128.629 125
      vertex -88.2976 -128.664 120
    endloop
  endfacet
  facet normal 0.518912 0.854828 0
    outer loop
      vertex -88.3554 -128.629 125
      vertex -88.2976 -128.664 125
      vertex -88.2976 -128.664 120
    endloop
  endfacet
  facet normal 0.480997 0.876722 0
    outer loop
      vertex -88.2976 -128.664 120
      vertex -88.2976 -128.664 125
      vertex -88.2383 -128.697 120
    endloop
  endfacet
  facet normal 0.480997 0.876722 0
    outer loop
      vertex -88.2976 -128.664 125
      vertex -88.2383 -128.697 125
      vertex -88.2383 -128.697 120
    endloop
  endfacet
  facet normal 0.442227 0.896903 0
    outer loop
      vertex -88.2383 -128.697 120
      vertex -88.2383 -128.697 125
      vertex -88.1776 -128.727 120
    endloop
  endfacet
  facet normal 0.442227 0.896903 0
    outer loop
      vertex -88.2383 -128.697 125
      vertex -88.1776 -128.727 125
      vertex -88.1776 -128.727 120
    endloop
  endfacet
  facet normal 0.402783 0.915296 0
    outer loop
      vertex -88.1776 -128.727 120
      vertex -88.1776 -128.727 125
      vertex -88.1157 -128.754 120
    endloop
  endfacet
  facet normal 0.402783 0.915296 0
    outer loop
      vertex -88.1776 -128.727 125
      vertex -88.1157 -128.754 125
      vertex -88.1157 -128.754 120
    endloop
  endfacet
  facet normal 0.362292 0.932065 0
    outer loop
      vertex -88.1157 -128.754 120
      vertex -88.1157 -128.754 125
      vertex -88.0527 -128.778 120
    endloop
  endfacet
  facet normal 0.362292 0.932065 0
    outer loop
      vertex -88.1157 -128.754 125
      vertex -88.0527 -128.778 125
      vertex -88.0527 -128.778 120
    endloop
  endfacet
  facet normal 0.321478 0.946917 0
    outer loop
      vertex -88.0527 -128.778 120
      vertex -88.0527 -128.778 125
      vertex -87.9887 -128.8 120
    endloop
  endfacet
  facet normal 0.321478 0.946917 0
    outer loop
      vertex -88.0527 -128.778 125
      vertex -87.9887 -128.8 125
      vertex -87.9887 -128.8 120
    endloop
  endfacet
  facet normal 0.279839 0.960047 0
    outer loop
      vertex -87.9887 -128.8 120
      vertex -87.9887 -128.8 125
      vertex -87.9237 -128.819 120
    endloop
  endfacet
  facet normal 0.279839 0.960047 0
    outer loop
      vertex -87.9887 -128.8 125
      vertex -87.9237 -128.819 125
      vertex -87.9237 -128.819 120
    endloop
  endfacet
  facet normal 0.237763 0.971323 0
    outer loop
      vertex -87.9237 -128.819 120
      vertex -87.9237 -128.819 125
      vertex -87.858 -128.835 120
    endloop
  endfacet
  facet normal 0.237763 0.971323 0
    outer loop
      vertex -87.9237 -128.819 125
      vertex -87.858 -128.835 125
      vertex -87.858 -128.835 120
    endloop
  endfacet
  facet normal 0.194993 0.980805 0
    outer loop
      vertex -87.858 -128.835 120
      vertex -87.858 -128.835 125
      vertex -87.7917 -128.848 120
    endloop
  endfacet
  facet normal 0.194993 0.980805 0
    outer loop
      vertex -87.858 -128.835 125
      vertex -87.7917 -128.848 125
      vertex -87.7917 -128.848 120
    endloop
  endfacet
  facet normal 0.152256 0.988341 0
    outer loop
      vertex -87.7917 -128.848 120
      vertex -87.7917 -128.848 125
      vertex -87.7249 -128.859 120
    endloop
  endfacet
  facet normal 0.152256 0.988341 0
    outer loop
      vertex -87.7917 -128.848 125
      vertex -87.7249 -128.859 125
      vertex -87.7249 -128.859 120
    endloop
  endfacet
  facet normal 0.108859 0.994057 0
    outer loop
      vertex -87.7249 -128.859 120
      vertex -87.7249 -128.859 125
      vertex -87.6577 -128.866 120
    endloop
  endfacet
  facet normal 0.108859 0.994057 0
    outer loop
      vertex -87.7249 -128.859 125
      vertex -87.6577 -128.866 125
      vertex -87.6577 -128.866 120
    endloop
  endfacet
  facet normal 0.0654368 0.997857 0
    outer loop
      vertex -87.6577 -128.866 120
      vertex -87.6577 -128.866 125
      vertex -87.5902 -128.87 120
    endloop
  endfacet
  facet normal 0.0654368 0.997857 0
    outer loop
      vertex -87.6577 -128.866 125
      vertex -87.5902 -128.87 125
      vertex -87.5902 -128.87 120
    endloop
  endfacet
  facet normal 0.0218154 0.999762 0
    outer loop
      vertex -87.5902 -128.87 120
      vertex -87.5902 -128.87 125
      vertex -87.5226 -128.872 120
    endloop
  endfacet
  facet normal 0.0218154 0.999762 0
    outer loop
      vertex -87.5902 -128.87 125
      vertex -87.5226 -128.872 125
      vertex -87.5226 -128.872 120
    endloop
  endfacet
  facet normal -0.0218154 0.999762 0
    outer loop
      vertex -87.5226 -128.872 120
      vertex -87.5226 -128.872 125
      vertex -87.455 -128.87 120
    endloop
  endfacet
  facet normal -0.0218154 0.999762 0
    outer loop
      vertex -87.5226 -128.872 125
      vertex -87.455 -128.87 125
      vertex -87.455 -128.87 120
    endloop
  endfacet
  facet normal -0.0654368 0.997857 0
    outer loop
      vertex -87.455 -128.87 120
      vertex -87.455 -128.87 125
      vertex -87.3875 -128.866 120
    endloop
  endfacet
  facet normal -0.0654368 0.997857 0
    outer loop
      vertex -87.455 -128.87 125
      vertex -87.3875 -128.866 125
      vertex -87.3875 -128.866 120
    endloop
  endfacet
  facet normal -0.108859 0.994057 0
    outer loop
      vertex -87.3875 -128.866 120
      vertex -87.3875 -128.866 125
      vertex -87.3202 -128.859 120
    endloop
  endfacet
  facet normal -0.108859 0.994057 0
    outer loop
      vertex -87.3875 -128.866 125
      vertex -87.3202 -128.859 125
      vertex -87.3202 -128.859 120
    endloop
  endfacet
  facet normal -0.152256 0.988341 0
    outer loop
      vertex -87.3202 -128.859 120
      vertex -87.3202 -128.859 125
      vertex -87.2534 -128.848 120
    endloop
  endfacet
  facet normal -0.152256 0.988341 0
    outer loop
      vertex -87.3202 -128.859 125
      vertex -87.2534 -128.848 125
      vertex -87.2534 -128.848 120
    endloop
  endfacet
  facet normal -0.194993 0.980805 0
    outer loop
      vertex -87.2534 -128.848 120
      vertex -87.2534 -128.848 125
      vertex -87.1871 -128.835 120
    endloop
  endfacet
  facet normal -0.194993 0.980805 0
    outer loop
      vertex -87.2534 -128.848 125
      vertex -87.1871 -128.835 125
      vertex -87.1871 -128.835 120
    endloop
  endfacet
  facet normal -0.237763 0.971323 0
    outer loop
      vertex -87.1871 -128.835 120
      vertex -87.1871 -128.835 125
      vertex -87.1214 -128.819 120
    endloop
  endfacet
  facet normal -0.237763 0.971323 0
    outer loop
      vertex -87.1871 -128.835 125
      vertex -87.1214 -128.819 125
      vertex -87.1214 -128.819 120
    endloop
  endfacet
  facet normal -0.279839 0.960047 0
    outer loop
      vertex -87.1214 -128.819 120
      vertex -87.1214 -128.819 125
      vertex -87.0565 -128.8 120
    endloop
  endfacet
  facet normal -0.279839 0.960047 0
    outer loop
      vertex -87.1214 -128.819 125
      vertex -87.0565 -128.8 125
      vertex -87.0565 -128.8 120
    endloop
  endfacet
  facet normal -0.321478 0.946917 0
    outer loop
      vertex -87.0565 -128.8 120
      vertex -87.0565 -128.8 125
      vertex -86.9924 -128.778 120
    endloop
  endfacet
  facet normal -0.321478 0.946917 0
    outer loop
      vertex -87.0565 -128.8 125
      vertex -86.9924 -128.778 125
      vertex -86.9924 -128.778 120
    endloop
  endfacet
  facet normal -0.362255 0.932079 0
    outer loop
      vertex -86.9924 -128.778 120
      vertex -86.9924 -128.778 125
      vertex -86.9294 -128.754 120
    endloop
  endfacet
  facet normal -0.362255 0.932079 0
    outer loop
      vertex -86.9924 -128.778 125
      vertex -86.9294 -128.754 125
      vertex -86.9294 -128.754 120
    endloop
  endfacet
  facet normal -0.402824 0.915278 0
    outer loop
      vertex -86.9294 -128.754 120
      vertex -86.9294 -128.754 125
      vertex -86.8675 -128.727 120
    endloop
  endfacet
  facet normal -0.402824 0.915278 0
    outer loop
      vertex -86.9294 -128.754 125
      vertex -86.8675 -128.727 125
      vertex -86.8675 -128.727 120
    endloop
  endfacet
  facet normal -0.442227 0.896903 0
    outer loop
      vertex -86.8675 -128.727 120
      vertex -86.8675 -128.727 125
      vertex -86.8068 -128.697 120
    endloop
  endfacet
  facet normal -0.442227 0.896903 0
    outer loop
      vertex -86.8675 -128.727 125
      vertex -86.8068 -128.697 125
      vertex -86.8068 -128.697 120
    endloop
  endfacet
  facet normal -0.480997 0.876722 0
    outer loop
      vertex -86.8068 -128.697 120
      vertex -86.8068 -128.697 125
      vertex -86.7476 -128.664 120
    endloop
  endfacet
  facet normal -0.480997 0.876722 0
    outer loop
      vertex -86.8068 -128.697 125
      vertex -86.7476 -128.664 125
      vertex -86.7476 -128.664 120
    endloop
  endfacet
  facet normal -0.518912 0.854828 0
    outer loop
      vertex -86.7476 -128.664 120
      vertex -86.7476 -128.664 125
      vertex -86.6897 -128.629 120
    endloop
  endfacet
  facet normal -0.518912 0.854828 0
    outer loop
      vertex -86.7476 -128.664 125
      vertex -86.6897 -128.629 125
      vertex -86.6897 -128.629 120
    endloop
  endfacet
  facet normal -0.555514 0.831507 0
    outer loop
      vertex -86.6897 -128.629 120
      vertex -86.6897 -128.629 125
      vertex -86.6335 -128.592 120
    endloop
  endfacet
  facet normal -0.555514 0.831507 0
    outer loop
      vertex -86.6897 -128.629 125
      vertex -86.6335 -128.592 125
      vertex -86.6335 -128.592 120
    endloop
  endfacet
  facet normal -0.591364 0.806405 0
    outer loop
      vertex -86.6335 -128.592 120
      vertex -86.6335 -128.592 125
      vertex -86.579 -128.552 120
    endloop
  endfacet
  facet normal -0.591364 0.806405 0
    outer loop
      vertex -86.6335 -128.592 125
      vertex -86.579 -128.552 125
      vertex -86.579 -128.552 120
    endloop
  endfacet
  facet normal -0.625823 0.779965 0
    outer loop
      vertex -86.579 -128.552 120
      vertex -86.579 -128.552 125
      vertex -86.5262 -128.509 120
    endloop
  endfacet
  facet normal -0.625823 0.779965 0
    outer loop
      vertex -86.579 -128.552 125
      vertex -86.5262 -128.509 125
      vertex -86.5262 -128.509 120
    endloop
  endfacet
  facet normal -0.65944 0.751757 0
    outer loop
      vertex -86.5262 -128.509 120
      vertex -86.5262 -128.509 125
      vertex -86.4754 -128.465 120
    endloop
  endfacet
  facet normal -0.65944 0.751757 0
    outer loop
      vertex -86.5262 -128.509 125
      vertex -86.4754 -128.465 125
      vertex -86.4754 -128.465 120
    endloop
  endfacet
  facet normal -0.691458 0.722417 0
    outer loop
      vertex -86.4754 -128.465 120
      vertex -86.4754 -128.465 125
      vertex -86.4265 -128.418 120
    endloop
  endfacet
  facet normal -0.691458 0.722417 0
    outer loop
      vertex -86.4754 -128.465 125
      vertex -86.4265 -128.418 125
      vertex -86.4265 -128.418 120
    endloop
  endfacet
  facet normal -0.722364 0.691513 0
    outer loop
      vertex -86.4265 -128.418 120
      vertex -86.4265 -128.418 125
      vertex -86.3798 -128.369 120
    endloop
  endfacet
  facet normal -0.722364 0.691513 0
    outer loop
      vertex -86.4265 -128.418 125
      vertex -86.3798 -128.369 125
      vertex -86.3798 -128.369 120
    endloop
  endfacet
  facet normal -0.751812 0.659378 0
    outer loop
      vertex -86.3798 -128.369 120
      vertex -86.3798 -128.369 125
      vertex -86.3352 -128.318 120
    endloop
  endfacet
  facet normal -0.751812 0.659378 0
    outer loop
      vertex -86.3798 -128.369 125
      vertex -86.3352 -128.318 125
      vertex -86.3352 -128.318 120
    endloop
  endfacet
  facet normal -0.779954 0.625836 0
    outer loop
      vertex -86.3352 -128.318 120
      vertex -86.3352 -128.318 125
      vertex -86.2929 -128.265 120
    endloop
  endfacet
  facet normal -0.779954 0.625836 0
    outer loop
      vertex -86.3352 -128.318 125
      vertex -86.2929 -128.265 125
      vertex -86.2929 -128.265 120
    endloop
  endfacet
  facet normal -0.806458 0.591292 0
    outer loop
      vertex -86.2929 -128.265 120
      vertex -86.2929 -128.265 125
      vertex -86.2529 -128.211 120
    endloop
  endfacet
  facet normal -0.806458 0.591292 0
    outer loop
      vertex -86.2929 -128.265 125
      vertex -86.2529 -128.211 125
      vertex -86.2529 -128.211 120
    endloop
  endfacet
  facet normal -0.831423 0.555641 0
    outer loop
      vertex -86.2529 -128.211 120
      vertex -86.2529 -128.211 125
      vertex -86.2153 -128.155 120
    endloop
  endfacet
  facet normal -0.831423 0.555641 0
    outer loop
      vertex -86.2529 -128.211 125
      vertex -86.2153 -128.155 125
      vertex -86.2153 -128.155 120
    endloop
  endfacet
  facet normal -0.854906 0.518783 0
    outer loop
      vertex -86.2153 -128.155 120
      vertex -86.2153 -128.155 125
      vertex -86.1802 -128.097 120
    endloop
  endfacet
  facet normal -0.854906 0.518783 0
    outer loop
      vertex -86.2153 -128.155 125
      vertex -86.1802 -128.097 125
      vertex -86.1802 -128.097 120
    endloop
  endfacet
  facet normal -0.876722 0.480997 0
    outer loop
      vertex -86.1802 -128.097 120
      vertex -86.1802 -128.097 125
      vertex -86.1477 -128.038 120
    endloop
  endfacet
  facet normal -0.876722 0.480997 0
    outer loop
      vertex -86.1802 -128.097 125
      vertex -86.1477 -128.038 125
      vertex -86.1477 -128.038 120
    endloop
  endfacet
  facet normal -0.896882 0.442271 0
    outer loop
      vertex -86.1477 -128.038 120
      vertex -86.1477 -128.038 125
      vertex -86.1178 -127.977 120
    endloop
  endfacet
  facet normal -0.896882 0.442271 0
    outer loop
      vertex -86.1477 -128.038 125
      vertex -86.1178 -127.977 125
      vertex -86.1178 -127.977 120
    endloop
  endfacet
  facet normal -0.915296 0.402783 0
    outer loop
      vertex -86.1178 -127.977 120
      vertex -86.1178 -127.977 125
      vertex -86.0905 -127.915 120
    endloop
  endfacet
  facet normal -0.915296 0.402783 0
    outer loop
      vertex -86.1178 -127.977 125
      vertex -86.0905 -127.915 125
      vertex -86.0905 -127.915 120
    endloop
  endfacet
  facet normal -0.932042 0.362351 0
    outer loop
      vertex -86.0905 -127.915 120
      vertex -86.0905 -127.915 125
      vertex -86.066 -127.852 120
    endloop
  endfacet
  facet normal -0.932042 0.362351 0
    outer loop
      vertex -86.0905 -127.915 125
      vertex -86.066 -127.852 125
      vertex -86.066 -127.852 120
    endloop
  endfacet
  facet normal -0.946906 0.321512 0
    outer loop
      vertex -86.066 -127.852 120
      vertex -86.066 -127.852 125
      vertex -86.0443 -127.788 120
    endloop
  endfacet
  facet normal -0.946906 0.321512 0
    outer loop
      vertex -86.066 -127.852 125
      vertex -86.0443 -127.788 125
      vertex -86.0443 -127.788 120
    endloop
  endfacet
  facet normal -0.960047 0.279839 0
    outer loop
      vertex -86.0443 -127.788 120
      vertex -86.0443 -127.788 125
      vertex -86.0254 -127.723 120
    endloop
  endfacet
  facet normal -0.960047 0.279839 0
    outer loop
      vertex -86.0443 -127.788 125
      vertex -86.0254 -127.723 125
      vertex -86.0254 -127.723 120
    endloop
  endfacet
  facet normal -0.971349 0.237659 0
    outer loop
      vertex -86.0254 -127.723 120
      vertex -86.0254 -127.723 125
      vertex -86.0093 -127.657 120
    endloop
  endfacet
  facet normal -0.971349 0.237659 0
    outer loop
      vertex -86.0254 -127.723 125
      vertex -86.0093 -127.657 125
      vertex -86.0093 -127.657 120
    endloop
  endfacet
  facet normal -0.980788 0.195078 0
    outer loop
      vertex -86.0093 -127.657 120
      vertex -86.0093 -127.657 125
      vertex -85.9961 -127.591 120
    endloop
  endfacet
  facet normal -0.980788 0.195078 0
    outer loop
      vertex -86.0093 -127.657 125
      vertex -85.9961 -127.591 125
      vertex -85.9961 -127.591 120
    endloop
  endfacet
  facet normal -0.988355 0.152165 0
    outer loop
      vertex -85.9961 -127.591 120
      vertex -85.9961 -127.591 125
      vertex -85.9858 -127.524 120
    endloop
  endfacet
  facet normal -0.988355 0.152165 0
    outer loop
      vertex -85.9961 -127.591 125
      vertex -85.9858 -127.524 125
      vertex -85.9858 -127.524 120
    endloop
  endfacet
  facet normal -0.994057 0.108859 0
    outer loop
      vertex -85.9858 -127.524 120
      vertex -85.9858 -127.524 125
      vertex -85.9785 -127.457 120
    endloop
  endfacet
  facet normal -0.994057 0.108859 0
    outer loop
      vertex -85.9858 -127.524 125
      vertex -85.9785 -127.457 125
      vertex -85.9785 -127.457 120
    endloop
  endfacet
  facet normal -0.997864 0.0653271 0
    outer loop
      vertex -85.9785 -127.457 120
      vertex -85.9785 -127.457 125
      vertex -85.974 -127.389 120
    endloop
  endfacet
  facet normal -0.997864 0.0653271 0
    outer loop
      vertex -85.9785 -127.457 125
      vertex -85.974 -127.389 125
      vertex -85.974 -127.389 120
    endloop
  endfacet
  facet normal -0.999762 0.0218154 0
    outer loop
      vertex -85.974 -127.389 120
      vertex -85.974 -127.389 125
      vertex -85.9726 -127.322 120
    endloop
  endfacet
  facet normal -0.999762 0.0218154 0
    outer loop
      vertex -85.974 -127.389 125
      vertex -85.9726 -127.322 125
      vertex -85.9726 -127.322 120
    endloop
  endfacet
  facet normal -0.999762 -0.0218382 0
    outer loop
      vertex -20.2 -121.5 120
      vertex -20.2 -121.5 125
      vertex -20.2012 -121.443 120
    endloop
  endfacet
  facet normal -0.999762 -0.0218382 0
    outer loop
      vertex -20.2 -121.5 125
      vertex -20.2012 -121.443 125
      vertex -20.2012 -121.443 120
    endloop
  endfacet
  facet normal -0.99786 -0.0653877 0
    outer loop
      vertex -20.2012 -121.443 120
      vertex -20.2012 -121.443 125
      vertex -20.2049 -121.387 120
    endloop
  endfacet
  facet normal -0.99786 -0.0653877 0
    outer loop
      vertex -20.2012 -121.443 125
      vertex -20.2049 -121.387 125
      vertex -20.2049 -121.387 120
    endloop
  endfacet
  facet normal -0.994057 -0.108856 0
    outer loop
      vertex -20.2049 -121.387 120
      vertex -20.2049 -121.387 125
      vertex -20.2111 -121.33 120
    endloop
  endfacet
  facet normal -0.994057 -0.108856 0
    outer loop
      vertex -20.2049 -121.387 125
      vertex -20.2111 -121.33 125
      vertex -20.2111 -121.33 120
    endloop
  endfacet
  facet normal -0.988358 -0.152148 0
    outer loop
      vertex -20.2111 -121.33 120
      vertex -20.2111 -121.33 125
      vertex -20.2198 -121.274 120
    endloop
  endfacet
  facet normal -0.988358 -0.152148 0
    outer loop
      vertex -20.2111 -121.33 125
      vertex -20.2198 -121.274 125
      vertex -20.2198 -121.274 120
    endloop
  endfacet
  facet normal -0.980787 -0.19508 0
    outer loop
      vertex -20.2198 -121.274 120
      vertex -20.2198 -121.274 125
      vertex -20.2308 -121.219 120
    endloop
  endfacet
  facet normal -0.980787 -0.19508 0
    outer loop
      vertex -20.2198 -121.274 125
      vertex -20.2308 -121.219 125
      vertex -20.2308 -121.219 120
    endloop
  endfacet
  facet normal -0.971343 -0.23768 0
    outer loop
      vertex -20.2308 -121.219 120
      vertex -20.2308 -121.219 125
      vertex -20.2443 -121.164 120
    endloop
  endfacet
  facet normal -0.971343 -0.23768 0
    outer loop
      vertex -20.2308 -121.219 125
      vertex -20.2443 -121.164 125
      vertex -20.2443 -121.164 120
    endloop
  endfacet
  facet normal -0.960044 -0.279849 0
    outer loop
      vertex -20.2443 -121.164 120
      vertex -20.2443 -121.164 125
      vertex -20.2602 -121.109 120
    endloop
  endfacet
  facet normal -0.960044 -0.279849 0
    outer loop
      vertex -20.2443 -121.164 125
      vertex -20.2602 -121.109 125
      vertex -20.2602 -121.109 120
    endloop
  endfacet
  facet normal -0.946935 -0.321425 0
    outer loop
      vertex -20.2602 -121.109 120
      vertex -20.2602 -121.109 125
      vertex -20.2784 -121.055 120
    endloop
  endfacet
  facet normal -0.946935 -0.321425 0
    outer loop
      vertex -20.2602 -121.109 125
      vertex -20.2784 -121.055 125
      vertex -20.2784 -121.055 120
    endloop
  endfacet
  facet normal -0.932012 -0.362427 0
    outer loop
      vertex -20.2784 -121.055 120
      vertex -20.2784 -121.055 125
      vertex -20.299 -121.003 120
    endloop
  endfacet
  facet normal -0.932012 -0.362427 0
    outer loop
      vertex -20.2784 -121.055 125
      vertex -20.299 -121.003 125
      vertex -20.299 -121.003 120
    endloop
  endfacet
  facet normal -0.915311 -0.402747 0
    outer loop
      vertex -20.299 -121.003 120
      vertex -20.299 -121.003 125
      vertex -20.3218 -120.951 120
    endloop
  endfacet
  facet normal -0.915311 -0.402747 0
    outer loop
      vertex -20.299 -121.003 125
      vertex -20.3218 -120.951 125
      vertex -20.3218 -120.951 120
    endloop
  endfacet
  facet normal -0.896857 -0.44232 0
    outer loop
      vertex -20.3218 -120.951 120
      vertex -20.3218 -120.951 125
      vertex -20.3469 -120.9 120
    endloop
  endfacet
  facet normal -0.896857 -0.44232 0
    outer loop
      vertex -20.3218 -120.951 125
      vertex -20.3469 -120.9 125
      vertex -20.3469 -120.9 120
    endloop
  endfacet
  facet normal -0.876742 -0.48096 0
    outer loop
      vertex -20.3469 -120.9 120
      vertex -20.3469 -120.9 125
      vertex -20.3742 -120.85 120
    endloop
  endfacet
  facet normal -0.876742 -0.48096 0
    outer loop
      vertex -20.3469 -120.9 125
      vertex -20.3742 -120.85 125
      vertex -20.3742 -120.85 120
    endloop
  endfacet
  facet normal -0.854906 -0.518783 0
    outer loop
      vertex -20.3742 -120.85 120
      vertex -20.3742 -120.85 125
      vertex -20.4036 -120.802 120
    endloop
  endfacet
  facet normal -0.854906 -0.518783 0
    outer loop
      vertex -20.3742 -120.85 125
      vertex -20.4036 -120.802 125
      vertex -20.4036 -120.802 120
    endloop
  endfacet
  facet normal -0.831449 -0.555602 0
    outer loop
      vertex -20.4036 -120.802 120
      vertex -20.4036 -120.802 125
      vertex -20.4351 -120.754 120
    endloop
  endfacet
  facet normal -0.831449 -0.555602 0
    outer loop
      vertex -20.4036 -120.802 125
      vertex -20.4351 -120.754 125
      vertex -20.4351 -120.754 120
    endloop
  endfacet
  facet normal -0.806478 -0.591264 0
    outer loop
      vertex -20.4351 -120.754 120
      vertex -20.4351 -120.754 125
      vertex -20.4686 -120.709 120
    endloop
  endfacet
  facet normal -0.806478 -0.591264 0
    outer loop
      vertex -20.4351 -120.754 125
      vertex -20.4686 -120.709 125
      vertex -20.4686 -120.709 120
    endloop
  endfacet
  facet normal -0.779881 -0.625928 0
    outer loop
      vertex -20.4686 -120.709 120
      vertex -20.4686 -120.709 125
      vertex -20.5041 -120.664 120
    endloop
  endfacet
  facet normal -0.779881 -0.625928 0
    outer loop
      vertex -20.4686 -120.709 125
      vertex -20.5041 -120.664 125
      vertex -20.5041 -120.664 120
    endloop
  endfacet
  facet normal -0.751819 -0.659369 0
    outer loop
      vertex -20.5041 -120.664 120
      vertex -20.5041 -120.664 125
      vertex -20.5415 -120.622 120
    endloop
  endfacet
  facet normal -0.751819 -0.659369 0
    outer loop
      vertex -20.5041 -120.664 125
      vertex -20.5415 -120.622 125
      vertex -20.5415 -120.622 120
    endloop
  endfacet
  facet normal -0.722357 -0.69152 0
    outer loop
      vertex -20.5415 -120.622 120
      vertex -20.5415 -120.622 125
      vertex -20.5808 -120.581 120
    endloop
  endfacet
  facet normal -0.722357 -0.69152 0
    outer loop
      vertex -20.5415 -120.622 125
      vertex -20.5808 -120.581 125
      vertex -20.5808 -120.581 120
    endloop
  endfacet
  facet normal -0.691503 -0.722374 0
    outer loop
      vertex -20.5808 -120.581 120
      vertex -20.5808 -120.581 125
      vertex -20.6217 -120.542 120
    endloop
  endfacet
  facet normal -0.691503 -0.722374 0
    outer loop
      vertex -20.5808 -120.581 125
      vertex -20.6217 -120.542 125
      vertex -20.6217 -120.542 120
    endloop
  endfacet
  facet normal -0.659392 -0.751799 0
    outer loop
      vertex -20.6217 -120.542 120
      vertex -20.6217 -120.542 125
      vertex -20.6644 -120.504 120
    endloop
  endfacet
  facet normal -0.659392 -0.751799 0
    outer loop
      vertex -20.6217 -120.542 125
      vertex -20.6644 -120.504 125
      vertex -20.6644 -120.504 120
    endloop
  endfacet
  facet normal -0.625928 -0.779881 0
    outer loop
      vertex -20.6644 -120.504 120
      vertex -20.6644 -120.504 125
      vertex -20.7086 -120.469 120
    endloop
  endfacet
  facet normal -0.625928 -0.779881 0
    outer loop
      vertex -20.6644 -120.504 125
      vertex -20.7086 -120.469 125
      vertex -20.7086 -120.469 120
    endloop
  endfacet
  facet normal -0.591268 -0.806475 0
    outer loop
      vertex -20.7086 -120.469 120
      vertex -20.7086 -120.469 125
      vertex -20.7544 -120.435 120
    endloop
  endfacet
  facet normal -0.591268 -0.806475 0
    outer loop
      vertex -20.7086 -120.469 125
      vertex -20.7544 -120.435 125
      vertex -20.7544 -120.435 120
    endloop
  endfacet
  facet normal -0.555624 -0.831433 0
    outer loop
      vertex -20.7544 -120.435 120
      vertex -20.7544 -120.435 125
      vertex -20.8015 -120.404 120
    endloop
  endfacet
  facet normal -0.555624 -0.831433 0
    outer loop
      vertex -20.7544 -120.435 125
      vertex -20.8015 -120.404 125
      vertex -20.8015 -120.404 120
    endloop
  endfacet
  facet normal -0.518744 -0.85493 0
    outer loop
      vertex -20.8015 -120.404 120
      vertex -20.8015 -120.404 125
      vertex -20.85 -120.374 120
    endloop
  endfacet
  facet normal -0.518744 -0.85493 0
    outer loop
      vertex -20.8015 -120.404 125
      vertex -20.85 -120.374 125
      vertex -20.85 -120.374 120
    endloop
  endfacet
  facet normal -0.48094 -0.876753 0
    outer loop
      vertex -20.85 -120.374 120
      vertex -20.85 -120.374 125
      vertex -20.8997 -120.347 120
    endloop
  endfacet
  facet normal -0.48094 -0.876753 0
    outer loop
      vertex -20.85 -120.374 125
      vertex -20.8997 -120.347 125
      vertex -20.8997 -120.347 120
    endloop
  endfacet
  facet normal -0.442281 -0.896877 0
    outer loop
      vertex -20.8997 -120.347 120
      vertex -20.8997 -120.347 125
      vertex -20.9506 -120.322 120
    endloop
  endfacet
  facet normal -0.442281 -0.896877 0
    outer loop
      vertex -20.8997 -120.347 125
      vertex -20.9506 -120.322 125
      vertex -20.9506 -120.322 120
    endloop
  endfacet
  facet normal -0.402747 -0.915311 0
    outer loop
      vertex -20.9506 -120.322 120
      vertex -20.9506 -120.322 125
      vertex -21.0025 -120.299 120
    endloop
  endfacet
  facet normal -0.402747 -0.915311 0
    outer loop
      vertex -20.9506 -120.322 125
      vertex -21.0025 -120.299 125
      vertex -21.0025 -120.299 120
    endloop
  endfacet
  facet normal -0.362427 -0.932012 0
    outer loop
      vertex -21.0025 -120.299 120
      vertex -21.0025 -120.299 125
      vertex -21.0554 -120.278 120
    endloop
  endfacet
  facet normal -0.362427 -0.932012 0
    outer loop
      vertex -21.0025 -120.299 125
      vertex -21.0554 -120.278 125
      vertex -21.0554 -120.278 120
    endloop
  endfacet
  facet normal -0.321445 -0.946928 0
    outer loop
      vertex -21.0554 -120.278 120
      vertex -21.0554 -120.278 125
      vertex -21.1091 -120.26 120
    endloop
  endfacet
  facet normal -0.321445 -0.946928 0
    outer loop
      vertex -21.0554 -120.278 125
      vertex -21.1091 -120.26 125
      vertex -21.1091 -120.26 120
    endloop
  endfacet
  facet normal -0.279922 -0.960023 0
    outer loop
      vertex -21.1091 -120.26 120
      vertex -21.1091 -120.26 125
      vertex -21.1635 -120.244 120
    endloop
  endfacet
  facet normal -0.279922 -0.960023 0
    outer loop
      vertex -21.1091 -120.26 125
      vertex -21.1635 -120.244 125
      vertex -21.1635 -120.244 120
    endloop
  endfacet
  facet normal -0.237634 -0.971355 0
    outer loop
      vertex -21.1635 -120.244 120
      vertex -21.1635 -120.244 125
      vertex -21.2186 -120.231 120
    endloop
  endfacet
  facet normal -0.237634 -0.971355 0
    outer loop
      vertex -21.1635 -120.244 125
      vertex -21.2186 -120.231 125
      vertex -21.2186 -120.231 120
    endloop
  endfacet
  facet normal -0.195068 -0.98079 0
    outer loop
      vertex -21.2186 -120.231 120
      vertex -21.2186 -120.231 125
      vertex -21.2743 -120.22 120
    endloop
  endfacet
  facet normal -0.195068 -0.98079 0
    outer loop
      vertex -21.2186 -120.231 125
      vertex -21.2743 -120.22 125
      vertex -21.2743 -120.22 120
    endloop
  endfacet
  facet normal -0.152116 -0.988363 0
    outer loop
      vertex -21.2743 -120.22 120
      vertex -21.2743 -120.22 125
      vertex -21.3303 -120.211 120
    endloop
  endfacet
  facet normal -0.152116 -0.988363 0
    outer loop
      vertex -21.2743 -120.22 125
      vertex -21.3303 -120.211 125
      vertex -21.3303 -120.211 120
    endloop
  endfacet
  facet normal -0.108896 -0.994053 0
    outer loop
      vertex -21.3303 -120.211 120
      vertex -21.3303 -120.211 125
      vertex -21.3867 -120.205 120
    endloop
  endfacet
  facet normal -0.108896 -0.994053 0
    outer loop
      vertex -21.3303 -120.211 125
      vertex -21.3867 -120.205 125
      vertex -21.3867 -120.205 120
    endloop
  endfacet
  facet normal -0.0654182 -0.997858 0
    outer loop
      vertex -21.3867 -120.205 120
      vertex -21.3867 -120.205 125
      vertex -21.4433 -120.201 120
    endloop
  endfacet
  facet normal -0.0654182 -0.997858 0
    outer loop
      vertex -21.3867 -120.205 125
      vertex -21.4433 -120.201 125
      vertex -21.4433 -120.201 120
    endloop
  endfacet
  facet normal -0.0218054 -0.999762 0
    outer loop
      vertex -21.4433 -120.201 120
      vertex -21.4433 -120.201 125
      vertex -21.5 -120.2 120
    endloop
  endfacet
  facet normal -0.0218054 -0.999762 0
    outer loop
      vertex -21.4433 -120.201 125
      vertex -21.5 -120.2 125
      vertex -21.5 -120.2 120
    endloop
  endfacet
  facet normal 0.0218061 -0.999762 0
    outer loop
      vertex -21.5 -120.2 120
      vertex -21.5 -120.2 125
      vertex -21.5567 -120.201 120
    endloop
  endfacet
  facet normal 0.0218061 -0.999762 0
    outer loop
      vertex -21.5 -120.2 125
      vertex -21.5567 -120.201 125
      vertex -21.5567 -120.201 120
    endloop
  endfacet
  facet normal 0.0654182 -0.997858 0
    outer loop
      vertex -21.5567 -120.201 120
      vertex -21.5567 -120.201 125
      vertex -21.6133 -120.205 120
    endloop
  endfacet
  facet normal 0.0654182 -0.997858 0
    outer loop
      vertex -21.5567 -120.201 125
      vertex -21.6133 -120.205 125
      vertex -21.6133 -120.205 120
    endloop
  endfacet
  facet normal 0.108896 -0.994053 0
    outer loop
      vertex -21.6133 -120.205 120
      vertex -21.6133 -120.205 125
      vertex -21.6697 -120.211 120
    endloop
  endfacet
  facet normal 0.108896 -0.994053 0
    outer loop
      vertex -21.6133 -120.205 125
      vertex -21.6697 -120.211 125
      vertex -21.6697 -120.211 120
    endloop
  endfacet
  facet normal 0.152116 -0.988363 0
    outer loop
      vertex -21.6697 -120.211 120
      vertex -21.6697 -120.211 125
      vertex -21.7257 -120.22 120
    endloop
  endfacet
  facet normal 0.152116 -0.988363 0
    outer loop
      vertex -21.6697 -120.211 125
      vertex -21.7257 -120.22 125
      vertex -21.7257 -120.22 120
    endloop
  endfacet
  facet normal 0.195068 -0.98079 0
    outer loop
      vertex -21.7257 -120.22 120
      vertex -21.7257 -120.22 125
      vertex -21.7814 -120.231 120
    endloop
  endfacet
  facet normal 0.195068 -0.98079 0
    outer loop
      vertex -21.7257 -120.22 125
      vertex -21.7814 -120.231 125
      vertex -21.7814 -120.231 120
    endloop
  endfacet
  facet normal 0.237634 -0.971355 0
    outer loop
      vertex -21.7814 -120.231 120
      vertex -21.7814 -120.231 125
      vertex -21.8365 -120.244 120
    endloop
  endfacet
  facet normal 0.237634 -0.971355 0
    outer loop
      vertex -21.7814 -120.231 125
      vertex -21.8365 -120.244 125
      vertex -21.8365 -120.244 120
    endloop
  endfacet
  facet normal 0.279922 -0.960023 0
    outer loop
      vertex -21.8365 -120.244 120
      vertex -21.8365 -120.244 125
      vertex -21.8909 -120.26 120
    endloop
  endfacet
  facet normal 0.279922 -0.960023 0
    outer loop
      vertex -21.8365 -120.244 125
      vertex -21.8909 -120.26 125
      vertex -21.8909 -120.26 120
    endloop
  endfacet
  facet normal 0.321445 -0.946928 0
    outer loop
      vertex -21.8909 -120.26 120
      vertex -21.8909 -120.26 125
      vertex -21.9446 -120.278 120
    endloop
  endfacet
  facet normal 0.321445 -0.946928 0
    outer loop
      vertex -21.8909 -120.26 125
      vertex -21.9446 -120.278 125
      vertex -21.9446 -120.278 120
    endloop
  endfacet
  facet normal 0.362416 -0.932016 0
    outer loop
      vertex -21.9446 -120.278 120
      vertex -21.9446 -120.278 125
      vertex -21.9975 -120.299 120
    endloop
  endfacet
  facet normal 0.362416 -0.932016 0
    outer loop
      vertex -21.9446 -120.278 125
      vertex -21.9975 -120.299 125
      vertex -21.9975 -120.299 120
    endloop
  endfacet
  facet normal 0.40276 -0.915306 0
    outer loop
      vertex -21.9975 -120.299 120
      vertex -21.9975 -120.299 125
      vertex -22.0494 -120.322 120
    endloop
  endfacet
  facet normal 0.40276 -0.915306 0
    outer loop
      vertex -21.9975 -120.299 125
      vertex -22.0494 -120.322 125
      vertex -22.0494 -120.322 120
    endloop
  endfacet
  facet normal 0.442281 -0.896877 0
    outer loop
      vertex -22.0494 -120.322 120
      vertex -22.0494 -120.322 125
      vertex -22.1003 -120.347 120
    endloop
  endfacet
  facet normal 0.442281 -0.896877 0
    outer loop
      vertex -22.0494 -120.322 125
      vertex -22.1003 -120.347 125
      vertex -22.1003 -120.347 120
    endloop
  endfacet
  facet normal 0.480926 -0.876761 0
    outer loop
      vertex -22.1003 -120.347 120
      vertex -22.1003 -120.347 125
      vertex -22.15 -120.374 120
    endloop
  endfacet
  facet normal 0.480926 -0.876761 0
    outer loop
      vertex -22.1003 -120.347 125
      vertex -22.15 -120.374 125
      vertex -22.15 -120.374 120
    endloop
  endfacet
  facet normal 0.518759 -0.854921 0
    outer loop
      vertex -22.15 -120.374 120
      vertex -22.15 -120.374 125
      vertex -22.1985 -120.404 120
    endloop
  endfacet
  facet normal 0.518759 -0.854921 0
    outer loop
      vertex -22.15 -120.374 125
      vertex -22.1985 -120.404 125
      vertex -22.1985 -120.404 120
    endloop
  endfacet
  facet normal 0.555624 -0.831433 0
    outer loop
      vertex -22.1985 -120.404 120
      vertex -22.1985 -120.404 125
      vertex -22.2456 -120.435 120
    endloop
  endfacet
  facet normal 0.555624 -0.831433 0
    outer loop
      vertex -22.1985 -120.404 125
      vertex -22.2456 -120.435 125
      vertex -22.2456 -120.435 120
    endloop
  endfacet
  facet normal 0.591268 -0.806475 0
    outer loop
      vertex -22.2456 -120.435 120
      vertex -22.2456 -120.435 125
      vertex -22.2914 -120.469 120
    endloop
  endfacet
  facet normal 0.591268 -0.806475 0
    outer loop
      vertex -22.2456 -120.435 125
      vertex -22.2914 -120.469 125
      vertex -22.2914 -120.469 120
    endloop
  endfacet
  facet normal 0.625928 -0.779881 0
    outer loop
      vertex -22.2914 -120.469 120
      vertex -22.2914 -120.469 125
      vertex -22.3356 -120.504 120
    endloop
  endfacet
  facet normal 0.625928 -0.779881 0
    outer loop
      vertex -22.2914 -120.469 125
      vertex -22.3356 -120.504 125
      vertex -22.3356 -120.504 120
    endloop
  endfacet
  facet normal 0.659392 -0.751799 0
    outer loop
      vertex -22.3356 -120.504 120
      vertex -22.3356 -120.504 125
      vertex -22.3783 -120.542 120
    endloop
  endfacet
  facet normal 0.659392 -0.751799 0
    outer loop
      vertex -22.3356 -120.504 125
      vertex -22.3783 -120.542 125
      vertex -22.3783 -120.542 120
    endloop
  endfacet
  facet normal 0.691503 -0.722374 0
    outer loop
      vertex -22.3783 -120.542 120
      vertex -22.3783 -120.542 125
      vertex -22.4192 -120.581 120
    endloop
  endfacet
  facet normal 0.691503 -0.722374 0
    outer loop
      vertex -22.3783 -120.542 125
      vertex -22.4192 -120.581 125
      vertex -22.4192 -120.581 120
    endloop
  endfacet
  facet normal 0.722357 -0.69152 0
    outer loop
      vertex -22.4192 -120.581 120
      vertex -22.4192 -120.581 125
      vertex -22.4585 -120.622 120
    endloop
  endfacet
  facet normal 0.722357 -0.69152 0
    outer loop
      vertex -22.4192 -120.581 125
      vertex -22.4585 -120.622 125
      vertex -22.4585 -120.622 120
    endloop
  endfacet
  facet normal 0.751803 -0.659388 0
    outer loop
      vertex -22.4585 -120.622 120
      vertex -22.4585 -120.622 125
      vertex -22.4959 -120.664 120
    endloop
  endfacet
  facet normal 0.751803 -0.659388 0
    outer loop
      vertex -22.4585 -120.622 125
      vertex -22.4959 -120.664 125
      vertex -22.4959 -120.664 120
    endloop
  endfacet
  facet normal 0.779897 -0.625908 0
    outer loop
      vertex -22.4959 -120.664 120
      vertex -22.4959 -120.664 125
      vertex -22.5314 -120.709 120
    endloop
  endfacet
  facet normal 0.779897 -0.625908 0
    outer loop
      vertex -22.4959 -120.664 125
      vertex -22.5314 -120.709 125
      vertex -22.5314 -120.709 120
    endloop
  endfacet
  facet normal 0.806478 -0.591264 0
    outer loop
      vertex -22.5314 -120.709 120
      vertex -22.5314 -120.709 125
      vertex -22.5649 -120.754 120
    endloop
  endfacet
  facet normal 0.806478 -0.591264 0
    outer loop
      vertex -22.5314 -120.709 125
      vertex -22.5649 -120.754 125
      vertex -22.5649 -120.754 120
    endloop
  endfacet
  facet normal 0.831433 -0.555624 0
    outer loop
      vertex -22.5649 -120.754 120
      vertex -22.5649 -120.754 125
      vertex -22.5964 -120.802 120
    endloop
  endfacet
  facet normal 0.831433 -0.555624 0
    outer loop
      vertex -22.5649 -120.754 125
      vertex -22.5964 -120.802 125
      vertex -22.5964 -120.802 120
    endloop
  endfacet
  facet normal 0.854906 -0.518783 0
    outer loop
      vertex -22.5964 -120.802 120
      vertex -22.5964 -120.802 125
      vertex -22.6258 -120.85 120
    endloop
  endfacet
  facet normal 0.854906 -0.518783 0
    outer loop
      vertex -22.5964 -120.802 125
      vertex -22.6258 -120.85 125
      vertex -22.6258 -120.85 120
    endloop
  endfacet
  facet normal 0.876756 -0.480935 0
    outer loop
      vertex -22.6258 -120.85 120
      vertex -22.6258 -120.85 125
      vertex -22.6531 -120.9 120
    endloop
  endfacet
  facet normal 0.876756 -0.480935 0
    outer loop
      vertex -22.6258 -120.85 125
      vertex -22.6531 -120.9 125
      vertex -22.6531 -120.9 120
    endloop
  endfacet
  facet normal 0.896857 -0.44232 0
    outer loop
      vertex -22.6531 -120.9 120
      vertex -22.6531 -120.9 125
      vertex -22.6782 -120.951 120
    endloop
  endfacet
  facet normal 0.896857 -0.44232 0
    outer loop
      vertex -22.6531 -120.9 125
      vertex -22.6782 -120.951 125
      vertex -22.6782 -120.951 120
    endloop
  endfacet
  facet normal 0.915311 -0.402747 0
    outer loop
      vertex -22.6782 -120.951 120
      vertex -22.6782 -120.951 125
      vertex -22.701 -121.003 120
    endloop
  endfacet
  facet normal 0.915311 -0.402747 0
    outer loop
      vertex -22.6782 -120.951 125
      vertex -22.701 -121.003 125
      vertex -22.701 -121.003 120
    endloop
  endfacet
  facet normal 0.932012 -0.362427 0
    outer loop
      vertex -22.701 -121.003 120
      vertex -22.701 -121.003 125
      vertex -22.7216 -121.055 120
    endloop
  endfacet
  facet normal 0.932012 -0.362427 0
    outer loop
      vertex -22.701 -121.003 125
      vertex -22.7216 -121.055 125
      vertex -22.7216 -121.055 120
    endloop
  endfacet
  facet normal 0.946935 -0.321425 0
    outer loop
      vertex -22.7216 -121.055 120
      vertex -22.7216 -121.055 125
      vertex -22.7398 -121.109 120
    endloop
  endfacet
  facet normal 0.946935 -0.321425 0
    outer loop
      vertex -22.7216 -121.055 125
      vertex -22.7398 -121.109 125
      vertex -22.7398 -121.109 120
    endloop
  endfacet
  facet normal 0.960044 -0.279849 0
    outer loop
      vertex -22.7398 -121.109 120
      vertex -22.7398 -121.109 125
      vertex -22.7557 -121.164 120
    endloop
  endfacet
  facet normal 0.960044 -0.279849 0
    outer loop
      vertex -22.7398 -121.109 125
      vertex -22.7557 -121.164 125
      vertex -22.7557 -121.164 120
    endloop
  endfacet
  facet normal 0.971343 -0.23768 0
    outer loop
      vertex -22.7557 -121.164 120
      vertex -22.7557 -121.164 125
      vertex -22.7692 -121.219 120
    endloop
  endfacet
  facet normal 0.971343 -0.23768 0
    outer loop
      vertex -22.7557 -121.164 125
      vertex -22.7692 -121.219 125
      vertex -22.7692 -121.219 120
    endloop
  endfacet
  facet normal 0.980781 -0.195112 0
    outer loop
      vertex -22.7692 -121.219 120
      vertex -22.7692 -121.219 125
      vertex -22.7803 -121.274 120
    endloop
  endfacet
  facet normal 0.980781 -0.195112 0
    outer loop
      vertex -22.7692 -121.219 125
      vertex -22.7803 -121.274 125
      vertex -22.7803 -121.274 120
    endloop
  endfacet
  facet normal 0.988363 -0.152116 0
    outer loop
      vertex -22.7803 -121.274 120
      vertex -22.7803 -121.274 125
      vertex -22.7889 -121.33 120
    endloop
  endfacet
  facet normal 0.988363 -0.152116 0
    outer loop
      vertex -22.7803 -121.274 125
      vertex -22.7889 -121.33 125
      vertex -22.7889 -121.33 120
    endloop
  endfacet
  facet normal 0.994057 -0.108856 0
    outer loop
      vertex -22.7889 -121.33 120
      vertex -22.7889 -121.33 125
      vertex -22.7951 -121.387 120
    endloop
  endfacet
  facet normal 0.994057 -0.108856 0
    outer loop
      vertex -22.7889 -121.33 125
      vertex -22.7951 -121.387 125
      vertex -22.7951 -121.387 120
    endloop
  endfacet
  facet normal 0.997858 -0.0654204 0
    outer loop
      vertex -22.7951 -121.387 120
      vertex -22.7951 -121.387 125
      vertex -22.7988 -121.443 120
    endloop
  endfacet
  facet normal 0.997858 -0.0654204 0
    outer loop
      vertex -22.7951 -121.387 125
      vertex -22.7988 -121.443 125
      vertex -22.7988 -121.443 120
    endloop
  endfacet
  facet normal 0.999762 -0.0218054 0
    outer loop
      vertex -22.7988 -121.443 120
      vertex -22.7988 -121.443 125
      vertex -22.8 -121.5 120
    endloop
  endfacet
  facet normal 0.999762 -0.0218054 0
    outer loop
      vertex -22.7988 -121.443 125
      vertex -22.8 -121.5 125
      vertex -22.8 -121.5 120
    endloop
  endfacet
  facet normal 0.999762 0.0218054 0
    outer loop
      vertex -22.8 -121.5 120
      vertex -22.8 -121.5 125
      vertex -22.7988 -121.557 120
    endloop
  endfacet
  facet normal 0.999762 0.0218054 0
    outer loop
      vertex -22.8 -121.5 125
      vertex -22.7988 -121.557 125
      vertex -22.7988 -121.557 120
    endloop
  endfacet
  facet normal 0.997858 0.0654204 0
    outer loop
      vertex -22.7988 -121.557 120
      vertex -22.7988 -121.557 125
      vertex -22.7951 -121.613 120
    endloop
  endfacet
  facet normal 0.997858 0.0654204 0
    outer loop
      vertex -22.7988 -121.557 125
      vertex -22.7951 -121.613 125
      vertex -22.7951 -121.613 120
    endloop
  endfacet
  facet normal 0.994057 0.108856 0
    outer loop
      vertex -22.7951 -121.613 120
      vertex -22.7951 -121.613 125
      vertex -22.7889 -121.67 120
    endloop
  endfacet
  facet normal 0.994057 0.108856 0
    outer loop
      vertex -22.7951 -121.613 125
      vertex -22.7889 -121.67 125
      vertex -22.7889 -121.67 120
    endloop
  endfacet
  facet normal 0.988363 0.152116 0
    outer loop
      vertex -22.7889 -121.67 120
      vertex -22.7889 -121.67 125
      vertex -22.7803 -121.726 120
    endloop
  endfacet
  facet normal 0.988363 0.152116 0
    outer loop
      vertex -22.7889 -121.67 125
      vertex -22.7803 -121.726 125
      vertex -22.7803 -121.726 120
    endloop
  endfacet
  facet normal 0.980781 0.195112 0
    outer loop
      vertex -22.7803 -121.726 120
      vertex -22.7803 -121.726 125
      vertex -22.7692 -121.781 120
    endloop
  endfacet
  facet normal 0.980781 0.195112 0
    outer loop
      vertex -22.7803 -121.726 125
      vertex -22.7692 -121.781 125
      vertex -22.7692 -121.781 120
    endloop
  endfacet
  facet normal 0.971336 0.237711 0
    outer loop
      vertex -22.7692 -121.781 120
      vertex -22.7692 -121.781 125
      vertex -22.7557 -121.836 120
    endloop
  endfacet
  facet normal 0.971336 0.237711 0
    outer loop
      vertex -22.7692 -121.781 125
      vertex -22.7557 -121.836 125
      vertex -22.7557 -121.836 120
    endloop
  endfacet
  facet normal 0.960054 0.279813 0
    outer loop
      vertex -22.7557 -121.836 120
      vertex -22.7557 -121.836 125
      vertex -22.7398 -121.891 120
    endloop
  endfacet
  facet normal 0.960054 0.279813 0
    outer loop
      vertex -22.7557 -121.836 125
      vertex -22.7398 -121.891 125
      vertex -22.7398 -121.891 120
    endloop
  endfacet
  facet normal 0.946935 0.321425 0
    outer loop
      vertex -22.7398 -121.891 120
      vertex -22.7398 -121.891 125
      vertex -22.7216 -121.945 120
    endloop
  endfacet
  facet normal 0.946935 0.321425 0
    outer loop
      vertex -22.7398 -121.891 125
      vertex -22.7216 -121.945 125
      vertex -22.7216 -121.945 120
    endloop
  endfacet
  facet normal 0.932012 0.362427 0
    outer loop
      vertex -22.7216 -121.945 120
      vertex -22.7216 -121.945 125
      vertex -22.701 -121.997 120
    endloop
  endfacet
  facet normal 0.932012 0.362427 0
    outer loop
      vertex -22.7216 -121.945 125
      vertex -22.701 -121.997 125
      vertex -22.701 -121.997 120
    endloop
  endfacet
  facet normal 0.915311 0.402747 0
    outer loop
      vertex -22.701 -121.997 120
      vertex -22.701 -121.997 125
      vertex -22.6782 -122.049 120
    endloop
  endfacet
  facet normal 0.915311 0.402747 0
    outer loop
      vertex -22.701 -121.997 125
      vertex -22.6782 -122.049 125
      vertex -22.6782 -122.049 120
    endloop
  endfacet
  facet normal 0.896857 0.44232 0
    outer loop
      vertex -22.6782 -122.049 120
      vertex -22.6782 -122.049 125
      vertex -22.6531 -122.1 120
    endloop
  endfacet
  facet normal 0.896857 0.44232 0
    outer loop
      vertex -22.6782 -122.049 125
      vertex -22.6531 -122.1 125
      vertex -22.6531 -122.1 120
    endloop
  endfacet
  facet normal 0.876726 0.480991 0
    outer loop
      vertex -22.6531 -122.1 120
      vertex -22.6531 -122.1 125
      vertex -22.6258 -122.15 120
    endloop
  endfacet
  facet normal 0.876726 0.480991 0
    outer loop
      vertex -22.6531 -122.1 125
      vertex -22.6258 -122.15 125
      vertex -22.6258 -122.15 120
    endloop
  endfacet
  facet normal 0.854941 0.518724 0
    outer loop
      vertex -22.6258 -122.15 120
      vertex -22.6258 -122.15 125
      vertex -22.5964 -122.198 120
    endloop
  endfacet
  facet normal 0.854941 0.518724 0
    outer loop
      vertex -22.6258 -122.15 125
      vertex -22.5964 -122.198 125
      vertex -22.5964 -122.198 120
    endloop
  endfacet
  facet normal 0.831433 0.555624 0
    outer loop
      vertex -22.5964 -122.198 120
      vertex -22.5964 -122.198 125
      vertex -22.5649 -122.246 120
    endloop
  endfacet
  facet normal 0.831433 0.555624 0
    outer loop
      vertex -22.5964 -122.198 125
      vertex -22.5649 -122.246 125
      vertex -22.5649 -122.246 120
    endloop
  endfacet
  facet normal 0.806478 0.591264 0
    outer loop
      vertex -22.5649 -122.246 120
      vertex -22.5649 -122.246 125
      vertex -22.5314 -122.291 120
    endloop
  endfacet
  facet normal 0.806478 0.591264 0
    outer loop
      vertex -22.5649 -122.246 125
      vertex -22.5314 -122.291 125
      vertex -22.5314 -122.291 120
    endloop
  endfacet
  facet normal 0.779846 0.625972 0
    outer loop
      vertex -22.5314 -122.291 120
      vertex -22.5314 -122.291 125
      vertex -22.4959 -122.336 120
    endloop
  endfacet
  facet normal 0.779846 0.625972 0
    outer loop
      vertex -22.5314 -122.291 125
      vertex -22.4959 -122.336 125
      vertex -22.4959 -122.336 120
    endloop
  endfacet
  facet normal 0.75186 0.659323 0
    outer loop
      vertex -22.4959 -122.336 120
      vertex -22.4959 -122.336 125
      vertex -22.4585 -122.378 120
    endloop
  endfacet
  facet normal 0.75186 0.659323 0
    outer loop
      vertex -22.4959 -122.336 125
      vertex -22.4585 -122.378 125
      vertex -22.4585 -122.378 120
    endloop
  endfacet
  facet normal 0.722357 0.69152 0
    outer loop
      vertex -22.4585 -122.378 120
      vertex -22.4585 -122.378 125
      vertex -22.4192 -122.419 120
    endloop
  endfacet
  facet normal 0.722357 0.69152 0
    outer loop
      vertex -22.4585 -122.378 125
      vertex -22.4192 -122.419 125
      vertex -22.4192 -122.419 120
    endloop
  endfacet
  facet normal 0.691503 0.722374 0
    outer loop
      vertex -22.4192 -122.419 120
      vertex -22.4192 -122.419 125
      vertex -22.3783 -122.458 120
    endloop
  endfacet
  facet normal 0.691503 0.722374 0
    outer loop
      vertex -22.4192 -122.419 125
      vertex -22.3783 -122.458 125
      vertex -22.3783 -122.458 120
    endloop
  endfacet
  facet normal 0.659392 0.751799 0
    outer loop
      vertex -22.3783 -122.458 120
      vertex -22.3783 -122.458 125
      vertex -22.3356 -122.496 120
    endloop
  endfacet
  facet normal 0.659392 0.751799 0
    outer loop
      vertex -22.3783 -122.458 125
      vertex -22.3356 -122.496 125
      vertex -22.3356 -122.496 120
    endloop
  endfacet
  facet normal 0.625928 0.779881 0
    outer loop
      vertex -22.3356 -122.496 120
      vertex -22.3356 -122.496 125
      vertex -22.2914 -122.531 120
    endloop
  endfacet
  facet normal 0.625928 0.779881 0
    outer loop
      vertex -22.3356 -122.496 125
      vertex -22.2914 -122.531 125
      vertex -22.2914 -122.531 120
    endloop
  endfacet
  facet normal 0.591268 0.806475 0
    outer loop
      vertex -22.2914 -122.531 120
      vertex -22.2914 -122.531 125
      vertex -22.2456 -122.565 120
    endloop
  endfacet
  facet normal 0.591268 0.806475 0
    outer loop
      vertex -22.2914 -122.531 125
      vertex -22.2456 -122.565 125
      vertex -22.2456 -122.565 120
    endloop
  endfacet
  facet normal 0.555534 0.831494 0
    outer loop
      vertex -22.2456 -122.565 120
      vertex -22.2456 -122.565 125
      vertex -22.1985 -122.596 120
    endloop
  endfacet
  facet normal 0.555534 0.831494 0
    outer loop
      vertex -22.2456 -122.565 125
      vertex -22.1985 -122.596 125
      vertex -22.1985 -122.596 120
    endloop
  endfacet
  facet normal 0.518855 0.854862 0
    outer loop
      vertex -22.1985 -122.596 120
      vertex -22.1985 -122.596 125
      vertex -22.15 -122.626 120
    endloop
  endfacet
  facet normal 0.518855 0.854862 0
    outer loop
      vertex -22.1985 -122.596 125
      vertex -22.15 -122.626 125
      vertex -22.15 -122.626 120
    endloop
  endfacet
  facet normal 0.480926 0.876761 0
    outer loop
      vertex -22.15 -122.626 120
      vertex -22.15 -122.626 125
      vertex -22.1003 -122.653 120
    endloop
  endfacet
  facet normal 0.480926 0.876761 0
    outer loop
      vertex -22.15 -122.626 125
      vertex -22.1003 -122.653 125
      vertex -22.1003 -122.653 120
    endloop
  endfacet
  facet normal 0.442281 0.896877 0
    outer loop
      vertex -22.1003 -122.653 120
      vertex -22.1003 -122.653 125
      vertex -22.0494 -122.678 120
    endloop
  endfacet
  facet normal 0.442281 0.896877 0
    outer loop
      vertex -22.1003 -122.653 125
      vertex -22.0494 -122.678 125
      vertex -22.0494 -122.678 120
    endloop
  endfacet
  facet normal 0.40276 0.915306 0
    outer loop
      vertex -22.0494 -122.678 120
      vertex -22.0494 -122.678 125
      vertex -21.9975 -122.701 120
    endloop
  endfacet
  facet normal 0.40276 0.915306 0
    outer loop
      vertex -22.0494 -122.678 125
      vertex -21.9975 -122.701 125
      vertex -21.9975 -122.701 120
    endloop
  endfacet
  facet normal 0.362416 0.932016 0
    outer loop
      vertex -21.9975 -122.701 120
      vertex -21.9975 -122.701 125
      vertex -21.9446 -122.722 120
    endloop
  endfacet
  facet normal 0.362416 0.932016 0
    outer loop
      vertex -21.9975 -122.701 125
      vertex -21.9446 -122.722 125
      vertex -21.9446 -122.722 120
    endloop
  endfacet
  facet normal 0.321445 0.946928 0
    outer loop
      vertex -21.9446 -122.722 120
      vertex -21.9446 -122.722 125
      vertex -21.8909 -122.74 120
    endloop
  endfacet
  facet normal 0.321445 0.946928 0
    outer loop
      vertex -21.9446 -122.722 125
      vertex -21.8909 -122.74 125
      vertex -21.8909 -122.74 120
    endloop
  endfacet
  facet normal 0.279922 0.960023 0
    outer loop
      vertex -21.8909 -122.74 120
      vertex -21.8909 -122.74 125
      vertex -21.8365 -122.756 120
    endloop
  endfacet
  facet normal 0.279922 0.960023 0
    outer loop
      vertex -21.8909 -122.74 125
      vertex -21.8365 -122.756 125
      vertex -21.8365 -122.756 120
    endloop
  endfacet
  facet normal 0.237634 0.971355 0
    outer loop
      vertex -21.8365 -122.756 120
      vertex -21.8365 -122.756 125
      vertex -21.7814 -122.769 120
    endloop
  endfacet
  facet normal 0.237634 0.971355 0
    outer loop
      vertex -21.8365 -122.756 125
      vertex -21.7814 -122.769 125
      vertex -21.7814 -122.769 120
    endloop
  endfacet
  facet normal 0.195068 0.98079 0
    outer loop
      vertex -21.7814 -122.769 120
      vertex -21.7814 -122.769 125
      vertex -21.7257 -122.78 120
    endloop
  endfacet
  facet normal 0.195068 0.98079 0
    outer loop
      vertex -21.7814 -122.769 125
      vertex -21.7257 -122.78 125
      vertex -21.7257 -122.78 120
    endloop
  endfacet
  facet normal 0.152116 0.988363 0
    outer loop
      vertex -21.7257 -122.78 120
      vertex -21.7257 -122.78 125
      vertex -21.6697 -122.789 120
    endloop
  endfacet
  facet normal 0.152116 0.988363 0
    outer loop
      vertex -21.7257 -122.78 125
      vertex -21.6697 -122.789 125
      vertex -21.6697 -122.789 120
    endloop
  endfacet
  facet normal 0.108896 0.994053 0
    outer loop
      vertex -21.6697 -122.789 120
      vertex -21.6697 -122.789 125
      vertex -21.6133 -122.795 120
    endloop
  endfacet
  facet normal 0.108896 0.994053 0
    outer loop
      vertex -21.6697 -122.789 125
      vertex -21.6133 -122.795 125
      vertex -21.6133 -122.795 120
    endloop
  endfacet
  facet normal 0.0654182 0.997858 0
    outer loop
      vertex -21.6133 -122.795 120
      vertex -21.6133 -122.795 125
      vertex -21.5567 -122.799 120
    endloop
  endfacet
  facet normal 0.0654182 0.997858 0
    outer loop
      vertex -21.6133 -122.795 125
      vertex -21.5567 -122.799 125
      vertex -21.5567 -122.799 120
    endloop
  endfacet
  facet normal 0.0218061 0.999762 0
    outer loop
      vertex -21.5567 -122.799 120
      vertex -21.5567 -122.799 125
      vertex -21.5 -122.8 120
    endloop
  endfacet
  facet normal 0.0218061 0.999762 0
    outer loop
      vertex -21.5567 -122.799 125
      vertex -21.5 -122.8 125
      vertex -21.5 -122.8 120
    endloop
  endfacet
  facet normal -0.0218054 0.999762 0
    outer loop
      vertex -21.5 -122.8 120
      vertex -21.5 -122.8 125
      vertex -21.4433 -122.799 120
    endloop
  endfacet
  facet normal -0.0218054 0.999762 0
    outer loop
      vertex -21.5 -122.8 125
      vertex -21.4433 -122.799 125
      vertex -21.4433 -122.799 120
    endloop
  endfacet
  facet normal -0.0654182 0.997858 0
    outer loop
      vertex -21.4433 -122.799 120
      vertex -21.4433 -122.799 125
      vertex -21.3867 -122.795 120
    endloop
  endfacet
  facet normal -0.0654182 0.997858 0
    outer loop
      vertex -21.4433 -122.799 125
      vertex -21.3867 -122.795 125
      vertex -21.3867 -122.795 120
    endloop
  endfacet
  facet normal -0.108896 0.994053 0
    outer loop
      vertex -21.3867 -122.795 120
      vertex -21.3867 -122.795 125
      vertex -21.3303 -122.789 120
    endloop
  endfacet
  facet normal -0.108896 0.994053 0
    outer loop
      vertex -21.3867 -122.795 125
      vertex -21.3303 -122.789 125
      vertex -21.3303 -122.789 120
    endloop
  endfacet
  facet normal -0.152116 0.988363 0
    outer loop
      vertex -21.3303 -122.789 120
      vertex -21.3303 -122.789 125
      vertex -21.2743 -122.78 120
    endloop
  endfacet
  facet normal -0.152116 0.988363 0
    outer loop
      vertex -21.3303 -122.789 125
      vertex -21.2743 -122.78 125
      vertex -21.2743 -122.78 120
    endloop
  endfacet
  facet normal -0.195068 0.98079 0
    outer loop
      vertex -21.2743 -122.78 120
      vertex -21.2743 -122.78 125
      vertex -21.2186 -122.769 120
    endloop
  endfacet
  facet normal -0.195068 0.98079 0
    outer loop
      vertex -21.2743 -122.78 125
      vertex -21.2186 -122.769 125
      vertex -21.2186 -122.769 120
    endloop
  endfacet
  facet normal -0.237634 0.971355 0
    outer loop
      vertex -21.2186 -122.769 120
      vertex -21.2186 -122.769 125
      vertex -21.1635 -122.756 120
    endloop
  endfacet
  facet normal -0.237634 0.971355 0
    outer loop
      vertex -21.2186 -122.769 125
      vertex -21.1635 -122.756 125
      vertex -21.1635 -122.756 120
    endloop
  endfacet
  facet normal -0.279922 0.960023 0
    outer loop
      vertex -21.1635 -122.756 120
      vertex -21.1635 -122.756 125
      vertex -21.1091 -122.74 120
    endloop
  endfacet
  facet normal -0.279922 0.960023 0
    outer loop
      vertex -21.1635 -122.756 125
      vertex -21.1091 -122.74 125
      vertex -21.1091 -122.74 120
    endloop
  endfacet
  facet normal -0.321445 0.946928 0
    outer loop
      vertex -21.1091 -122.74 120
      vertex -21.1091 -122.74 125
      vertex -21.0554 -122.722 120
    endloop
  endfacet
  facet normal -0.321445 0.946928 0
    outer loop
      vertex -21.1091 -122.74 125
      vertex -21.0554 -122.722 125
      vertex -21.0554 -122.722 120
    endloop
  endfacet
  facet normal -0.362427 0.932012 0
    outer loop
      vertex -21.0554 -122.722 120
      vertex -21.0554 -122.722 125
      vertex -21.0025 -122.701 120
    endloop
  endfacet
  facet normal -0.362427 0.932012 0
    outer loop
      vertex -21.0554 -122.722 125
      vertex -21.0025 -122.701 125
      vertex -21.0025 -122.701 120
    endloop
  endfacet
  facet normal -0.402747 0.915311 0
    outer loop
      vertex -21.0025 -122.701 120
      vertex -21.0025 -122.701 125
      vertex -20.9506 -122.678 120
    endloop
  endfacet
  facet normal -0.402747 0.915311 0
    outer loop
      vertex -21.0025 -122.701 125
      vertex -20.9506 -122.678 125
      vertex -20.9506 -122.678 120
    endloop
  endfacet
  facet normal -0.442281 0.896877 0
    outer loop
      vertex -20.9506 -122.678 120
      vertex -20.9506 -122.678 125
      vertex -20.8997 -122.653 120
    endloop
  endfacet
  facet normal -0.442281 0.896877 0
    outer loop
      vertex -20.9506 -122.678 125
      vertex -20.8997 -122.653 125
      vertex -20.8997 -122.653 120
    endloop
  endfacet
  facet normal -0.48094 0.876753 0
    outer loop
      vertex -20.8997 -122.653 120
      vertex -20.8997 -122.653 125
      vertex -20.85 -122.626 120
    endloop
  endfacet
  facet normal -0.48094 0.876753 0
    outer loop
      vertex -20.8997 -122.653 125
      vertex -20.85 -122.626 125
      vertex -20.85 -122.626 120
    endloop
  endfacet
  facet normal -0.51884 0.854871 0
    outer loop
      vertex -20.85 -122.626 120
      vertex -20.85 -122.626 125
      vertex -20.8015 -122.596 120
    endloop
  endfacet
  facet normal -0.51884 0.854871 0
    outer loop
      vertex -20.85 -122.626 125
      vertex -20.8015 -122.596 125
      vertex -20.8015 -122.596 120
    endloop
  endfacet
  facet normal -0.555534 0.831494 0
    outer loop
      vertex -20.8015 -122.596 120
      vertex -20.8015 -122.596 125
      vertex -20.7544 -122.565 120
    endloop
  endfacet
  facet normal -0.555534 0.831494 0
    outer loop
      vertex -20.8015 -122.596 125
      vertex -20.7544 -122.565 125
      vertex -20.7544 -122.565 120
    endloop
  endfacet
  facet normal -0.591268 0.806475 0
    outer loop
      vertex -20.7544 -122.565 120
      vertex -20.7544 -122.565 125
      vertex -20.7086 -122.531 120
    endloop
  endfacet
  facet normal -0.591268 0.806475 0
    outer loop
      vertex -20.7544 -122.565 125
      vertex -20.7086 -122.531 125
      vertex -20.7086 -122.531 120
    endloop
  endfacet
  facet normal -0.625928 0.779881 0
    outer loop
      vertex -20.7086 -122.531 120
      vertex -20.7086 -122.531 125
      vertex -20.6644 -122.496 120
    endloop
  endfacet
  facet normal -0.625928 0.779881 0
    outer loop
      vertex -20.7086 -122.531 125
      vertex -20.6644 -122.496 125
      vertex -20.6644 -122.496 120
    endloop
  endfacet
  facet normal -0.659392 0.751799 0
    outer loop
      vertex -20.6644 -122.496 120
      vertex -20.6644 -122.496 125
      vertex -20.6217 -122.458 120
    endloop
  endfacet
  facet normal -0.659392 0.751799 0
    outer loop
      vertex -20.6644 -122.496 125
      vertex -20.6217 -122.458 125
      vertex -20.6217 -122.458 120
    endloop
  endfacet
  facet normal -0.691503 0.722374 0
    outer loop
      vertex -20.6217 -122.458 120
      vertex -20.6217 -122.458 125
      vertex -20.5808 -122.419 120
    endloop
  endfacet
  facet normal -0.691503 0.722374 0
    outer loop
      vertex -20.6217 -122.458 125
      vertex -20.5808 -122.419 125
      vertex -20.5808 -122.419 120
    endloop
  endfacet
  facet normal -0.722357 0.69152 0
    outer loop
      vertex -20.5808 -122.419 120
      vertex -20.5808 -122.419 125
      vertex -20.5415 -122.378 120
    endloop
  endfacet
  facet normal -0.722357 0.69152 0
    outer loop
      vertex -20.5808 -122.419 125
      vertex -20.5415 -122.378 125
      vertex -20.5415 -122.378 120
    endloop
  endfacet
  facet normal -0.751876 0.659304 0
    outer loop
      vertex -20.5415 -122.378 120
      vertex -20.5415 -122.378 125
      vertex -20.5041 -122.336 120
    endloop
  endfacet
  facet normal -0.751876 0.659304 0
    outer loop
      vertex -20.5415 -122.378 125
      vertex -20.5041 -122.336 125
      vertex -20.5041 -122.336 120
    endloop
  endfacet
  facet normal -0.77983 0.625992 0
    outer loop
      vertex -20.5041 -122.336 120
      vertex -20.5041 -122.336 125
      vertex -20.4686 -122.291 120
    endloop
  endfacet
  facet normal -0.77983 0.625992 0
    outer loop
      vertex -20.5041 -122.336 125
      vertex -20.4686 -122.291 125
      vertex -20.4686 -122.291 120
    endloop
  endfacet
  facet normal -0.806478 0.591264 0
    outer loop
      vertex -20.4686 -122.291 120
      vertex -20.4686 -122.291 125
      vertex -20.4351 -122.246 120
    endloop
  endfacet
  facet normal -0.806478 0.591264 0
    outer loop
      vertex -20.4686 -122.291 125
      vertex -20.4351 -122.246 125
      vertex -20.4351 -122.246 120
    endloop
  endfacet
  facet normal -0.831449 0.555602 0
    outer loop
      vertex -20.4351 -122.246 120
      vertex -20.4351 -122.246 125
      vertex -20.4036 -122.198 120
    endloop
  endfacet
  facet normal -0.831449 0.555602 0
    outer loop
      vertex -20.4351 -122.246 125
      vertex -20.4036 -122.198 125
      vertex -20.4036 -122.198 120
    endloop
  endfacet
  facet normal -0.854941 0.518724 0
    outer loop
      vertex -20.4036 -122.198 120
      vertex -20.4036 -122.198 125
      vertex -20.3742 -122.15 120
    endloop
  endfacet
  facet normal -0.854941 0.518724 0
    outer loop
      vertex -20.4036 -122.198 125
      vertex -20.3742 -122.15 125
      vertex -20.3742 -122.15 120
    endloop
  endfacet
  facet normal -0.876712 0.481016 0
    outer loop
      vertex -20.3742 -122.15 120
      vertex -20.3742 -122.15 125
      vertex -20.3469 -122.1 120
    endloop
  endfacet
  facet normal -0.876712 0.481016 0
    outer loop
      vertex -20.3742 -122.15 125
      vertex -20.3469 -122.1 125
      vertex -20.3469 -122.1 120
    endloop
  endfacet
  facet normal -0.896857 0.44232 0
    outer loop
      vertex -20.3469 -122.1 120
      vertex -20.3469 -122.1 125
      vertex -20.3218 -122.049 120
    endloop
  endfacet
  facet normal -0.896857 0.44232 0
    outer loop
      vertex -20.3469 -122.1 125
      vertex -20.3218 -122.049 125
      vertex -20.3218 -122.049 120
    endloop
  endfacet
  facet normal -0.915311 0.402747 0
    outer loop
      vertex -20.3218 -122.049 120
      vertex -20.3218 -122.049 125
      vertex -20.299 -121.997 120
    endloop
  endfacet
  facet normal -0.915311 0.402747 0
    outer loop
      vertex -20.3218 -122.049 125
      vertex -20.299 -121.997 125
      vertex -20.299 -121.997 120
    endloop
  endfacet
  facet normal -0.932012 0.362427 0
    outer loop
      vertex -20.299 -121.997 120
      vertex -20.299 -121.997 125
      vertex -20.2784 -121.945 120
    endloop
  endfacet
  facet normal -0.932012 0.362427 0
    outer loop
      vertex -20.299 -121.997 125
      vertex -20.2784 -121.945 125
      vertex -20.2784 -121.945 120
    endloop
  endfacet
  facet normal -0.946935 0.321425 0
    outer loop
      vertex -20.2784 -121.945 120
      vertex -20.2784 -121.945 125
      vertex -20.2602 -121.891 120
    endloop
  endfacet
  facet normal -0.946935 0.321425 0
    outer loop
      vertex -20.2784 -121.945 125
      vertex -20.2602 -121.891 125
      vertex -20.2602 -121.891 120
    endloop
  endfacet
  facet normal -0.960054 0.279813 0
    outer loop
      vertex -20.2602 -121.891 120
      vertex -20.2602 -121.891 125
      vertex -20.2443 -121.836 120
    endloop
  endfacet
  facet normal -0.960054 0.279813 0
    outer loop
      vertex -20.2602 -121.891 125
      vertex -20.2443 -121.836 125
      vertex -20.2443 -121.836 120
    endloop
  endfacet
  facet normal -0.971336 0.237711 0
    outer loop
      vertex -20.2443 -121.836 120
      vertex -20.2443 -121.836 125
      vertex -20.2308 -121.781 120
    endloop
  endfacet
  facet normal -0.971336 0.237711 0
    outer loop
      vertex -20.2443 -121.836 125
      vertex -20.2308 -121.781 125
      vertex -20.2308 -121.781 120
    endloop
  endfacet
  facet normal -0.980787 0.19508 0
    outer loop
      vertex -20.2308 -121.781 120
      vertex -20.2308 -121.781 125
      vertex -20.2198 -121.726 120
    endloop
  endfacet
  facet normal -0.980787 0.19508 0
    outer loop
      vertex -20.2308 -121.781 125
      vertex -20.2198 -121.726 125
      vertex -20.2198 -121.726 120
    endloop
  endfacet
  facet normal -0.988358 0.152148 0
    outer loop
      vertex -20.2198 -121.726 120
      vertex -20.2198 -121.726 125
      vertex -20.2111 -121.67 120
    endloop
  endfacet
  facet normal -0.988358 0.152148 0
    outer loop
      vertex -20.2198 -121.726 125
      vertex -20.2111 -121.67 125
      vertex -20.2111 -121.67 120
    endloop
  endfacet
  facet normal -0.994057 0.108856 0
    outer loop
      vertex -20.2111 -121.67 120
      vertex -20.2111 -121.67 125
      vertex -20.2049 -121.613 120
    endloop
  endfacet
  facet normal -0.994057 0.108856 0
    outer loop
      vertex -20.2111 -121.67 125
      vertex -20.2049 -121.613 125
      vertex -20.2049 -121.613 120
    endloop
  endfacet
  facet normal -0.99786 0.0653877 0
    outer loop
      vertex -20.2049 -121.613 120
      vertex -20.2049 -121.613 125
      vertex -20.2012 -121.557 120
    endloop
  endfacet
  facet normal -0.99786 0.0653877 0
    outer loop
      vertex -20.2049 -121.613 125
      vertex -20.2012 -121.557 125
      vertex -20.2012 -121.557 120
    endloop
  endfacet
  facet normal -0.999762 0.0218382 0
    outer loop
      vertex -20.2012 -121.557 120
      vertex -20.2012 -121.557 125
      vertex -20.2 -121.5 120
    endloop
  endfacet
  facet normal -0.999762 0.0218382 0
    outer loop
      vertex -20.2012 -121.557 125
      vertex -20.2 -121.5 125
      vertex -20.2 -121.5 120
    endloop
  endfacet
  facet normal -0.999762 -0.0218054 0
    outer loop
      vertex 22.8 -121.5 120
      vertex 22.8 -121.5 125
      vertex 22.7988 -121.443 120
    endloop
  endfacet
  facet normal -0.999762 -0.0218054 0
    outer loop
      vertex 22.8 -121.5 125
      vertex 22.7988 -121.443 125
      vertex 22.7988 -121.443 120
    endloop
  endfacet
  facet normal -0.997858 -0.0654204 0
    outer loop
      vertex 22.7988 -121.443 120
      vertex 22.7988 -121.443 125
      vertex 22.7951 -121.387 120
    endloop
  endfacet
  facet normal -0.997858 -0.0654204 0
    outer loop
      vertex 22.7988 -121.443 125
      vertex 22.7951 -121.387 125
      vertex 22.7951 -121.387 120
    endloop
  endfacet
  facet normal -0.994057 -0.108856 0
    outer loop
      vertex 22.7951 -121.387 120
      vertex 22.7951 -121.387 125
      vertex 22.7889 -121.33 120
    endloop
  endfacet
  facet normal -0.994057 -0.108856 0
    outer loop
      vertex 22.7951 -121.387 125
      vertex 22.7889 -121.33 125
      vertex 22.7889 -121.33 120
    endloop
  endfacet
  facet normal -0.988363 -0.152116 0
    outer loop
      vertex 22.7889 -121.33 120
      vertex 22.7889 -121.33 125
      vertex 22.7803 -121.274 120
    endloop
  endfacet
  facet normal -0.988363 -0.152116 0
    outer loop
      vertex 22.7889 -121.33 125
      vertex 22.7803 -121.274 125
      vertex 22.7803 -121.274 120
    endloop
  endfacet
  facet normal -0.980781 -0.195112 0
    outer loop
      vertex 22.7803 -121.274 120
      vertex 22.7803 -121.274 125
      vertex 22.7692 -121.219 120
    endloop
  endfacet
  facet normal -0.980781 -0.195112 0
    outer loop
      vertex 22.7803 -121.274 125
      vertex 22.7692 -121.219 125
      vertex 22.7692 -121.219 120
    endloop
  endfacet
  facet normal -0.971343 -0.23768 0
    outer loop
      vertex 22.7692 -121.219 120
      vertex 22.7692 -121.219 125
      vertex 22.7557 -121.164 120
    endloop
  endfacet
  facet normal -0.971343 -0.23768 0
    outer loop
      vertex 22.7692 -121.219 125
      vertex 22.7557 -121.164 125
      vertex 22.7557 -121.164 120
    endloop
  endfacet
  facet normal -0.960044 -0.279849 0
    outer loop
      vertex 22.7557 -121.164 120
      vertex 22.7557 -121.164 125
      vertex 22.7398 -121.109 120
    endloop
  endfacet
  facet normal -0.960044 -0.279849 0
    outer loop
      vertex 22.7557 -121.164 125
      vertex 22.7398 -121.109 125
      vertex 22.7398 -121.109 120
    endloop
  endfacet
  facet normal -0.946935 -0.321425 0
    outer loop
      vertex 22.7398 -121.109 120
      vertex 22.7398 -121.109 125
      vertex 22.7216 -121.055 120
    endloop
  endfacet
  facet normal -0.946935 -0.321425 0
    outer loop
      vertex 22.7398 -121.109 125
      vertex 22.7216 -121.055 125
      vertex 22.7216 -121.055 120
    endloop
  endfacet
  facet normal -0.932012 -0.362427 0
    outer loop
      vertex 22.7216 -121.055 120
      vertex 22.7216 -121.055 125
      vertex 22.701 -121.003 120
    endloop
  endfacet
  facet normal -0.932012 -0.362427 0
    outer loop
      vertex 22.7216 -121.055 125
      vertex 22.701 -121.003 125
      vertex 22.701 -121.003 120
    endloop
  endfacet
  facet normal -0.915311 -0.402747 0
    outer loop
      vertex 22.701 -121.003 120
      vertex 22.701 -121.003 125
      vertex 22.6782 -120.951 120
    endloop
  endfacet
  facet normal -0.915311 -0.402747 0
    outer loop
      vertex 22.701 -121.003 125
      vertex 22.6782 -120.951 125
      vertex 22.6782 -120.951 120
    endloop
  endfacet
  facet normal -0.896857 -0.44232 0
    outer loop
      vertex 22.6782 -120.951 120
      vertex 22.6782 -120.951 125
      vertex 22.6531 -120.9 120
    endloop
  endfacet
  facet normal -0.896857 -0.44232 0
    outer loop
      vertex 22.6782 -120.951 125
      vertex 22.6531 -120.9 125
      vertex 22.6531 -120.9 120
    endloop
  endfacet
  facet normal -0.876756 -0.480935 0
    outer loop
      vertex 22.6531 -120.9 120
      vertex 22.6531 -120.9 125
      vertex 22.6258 -120.85 120
    endloop
  endfacet
  facet normal -0.876756 -0.480935 0
    outer loop
      vertex 22.6531 -120.9 125
      vertex 22.6258 -120.85 125
      vertex 22.6258 -120.85 120
    endloop
  endfacet
  facet normal -0.854906 -0.518783 0
    outer loop
      vertex 22.6258 -120.85 120
      vertex 22.6258 -120.85 125
      vertex 22.5964 -120.802 120
    endloop
  endfacet
  facet normal -0.854906 -0.518783 0
    outer loop
      vertex 22.6258 -120.85 125
      vertex 22.5964 -120.802 125
      vertex 22.5964 -120.802 120
    endloop
  endfacet
  facet normal -0.831433 -0.555624 0
    outer loop
      vertex 22.5964 -120.802 120
      vertex 22.5964 -120.802 125
      vertex 22.5649 -120.754 120
    endloop
  endfacet
  facet normal -0.831433 -0.555624 0
    outer loop
      vertex 22.5964 -120.802 125
      vertex 22.5649 -120.754 125
      vertex 22.5649 -120.754 120
    endloop
  endfacet
  facet normal -0.806478 -0.591264 0
    outer loop
      vertex 22.5649 -120.754 120
      vertex 22.5649 -120.754 125
      vertex 22.5314 -120.709 120
    endloop
  endfacet
  facet normal -0.806478 -0.591264 0
    outer loop
      vertex 22.5649 -120.754 125
      vertex 22.5314 -120.709 125
      vertex 22.5314 -120.709 120
    endloop
  endfacet
  facet normal -0.779897 -0.625908 0
    outer loop
      vertex 22.5314 -120.709 120
      vertex 22.5314 -120.709 125
      vertex 22.4959 -120.664 120
    endloop
  endfacet
  facet normal -0.779897 -0.625908 0
    outer loop
      vertex 22.5314 -120.709 125
      vertex 22.4959 -120.664 125
      vertex 22.4959 -120.664 120
    endloop
  endfacet
  facet normal -0.751803 -0.659388 0
    outer loop
      vertex 22.4959 -120.664 120
      vertex 22.4959 -120.664 125
      vertex 22.4585 -120.622 120
    endloop
  endfacet
  facet normal -0.751803 -0.659388 0
    outer loop
      vertex 22.4959 -120.664 125
      vertex 22.4585 -120.622 125
      vertex 22.4585 -120.622 120
    endloop
  endfacet
  facet normal -0.722357 -0.69152 0
    outer loop
      vertex 22.4585 -120.622 120
      vertex 22.4585 -120.622 125
      vertex 22.4192 -120.581 120
    endloop
  endfacet
  facet normal -0.722357 -0.69152 0
    outer loop
      vertex 22.4585 -120.622 125
      vertex 22.4192 -120.581 125
      vertex 22.4192 -120.581 120
    endloop
  endfacet
  facet normal -0.691503 -0.722374 0
    outer loop
      vertex 22.4192 -120.581 120
      vertex 22.4192 -120.581 125
      vertex 22.3783 -120.542 120
    endloop
  endfacet
  facet normal -0.691503 -0.722374 0
    outer loop
      vertex 22.4192 -120.581 125
      vertex 22.3783 -120.542 125
      vertex 22.3783 -120.542 120
    endloop
  endfacet
  facet normal -0.659392 -0.751799 0
    outer loop
      vertex 22.3783 -120.542 120
      vertex 22.3783 -120.542 125
      vertex 22.3356 -120.504 120
    endloop
  endfacet
  facet normal -0.659392 -0.751799 0
    outer loop
      vertex 22.3783 -120.542 125
      vertex 22.3356 -120.504 125
      vertex 22.3356 -120.504 120
    endloop
  endfacet
  facet normal -0.625928 -0.779881 0
    outer loop
      vertex 22.3356 -120.504 120
      vertex 22.3356 -120.504 125
      vertex 22.2914 -120.469 120
    endloop
  endfacet
  facet normal -0.625928 -0.779881 0
    outer loop
      vertex 22.3356 -120.504 125
      vertex 22.2914 -120.469 125
      vertex 22.2914 -120.469 120
    endloop
  endfacet
  facet normal -0.591268 -0.806475 0
    outer loop
      vertex 22.2914 -120.469 120
      vertex 22.2914 -120.469 125
      vertex 22.2456 -120.435 120
    endloop
  endfacet
  facet normal -0.591268 -0.806475 0
    outer loop
      vertex 22.2914 -120.469 125
      vertex 22.2456 -120.435 125
      vertex 22.2456 -120.435 120
    endloop
  endfacet
  facet normal -0.555624 -0.831433 0
    outer loop
      vertex 22.2456 -120.435 120
      vertex 22.2456 -120.435 125
      vertex 22.1985 -120.404 120
    endloop
  endfacet
  facet normal -0.555624 -0.831433 0
    outer loop
      vertex 22.2456 -120.435 125
      vertex 22.1985 -120.404 125
      vertex 22.1985 -120.404 120
    endloop
  endfacet
  facet normal -0.518759 -0.854921 0
    outer loop
      vertex 22.1985 -120.404 120
      vertex 22.1985 -120.404 125
      vertex 22.15 -120.374 120
    endloop
  endfacet
  facet normal -0.518759 -0.854921 0
    outer loop
      vertex 22.1985 -120.404 125
      vertex 22.15 -120.374 125
      vertex 22.15 -120.374 120
    endloop
  endfacet
  facet normal -0.480926 -0.876761 0
    outer loop
      vertex 22.15 -120.374 120
      vertex 22.15 -120.374 125
      vertex 22.1003 -120.347 120
    endloop
  endfacet
  facet normal -0.480926 -0.876761 0
    outer loop
      vertex 22.15 -120.374 125
      vertex 22.1003 -120.347 125
      vertex 22.1003 -120.347 120
    endloop
  endfacet
  facet normal -0.442281 -0.896877 0
    outer loop
      vertex 22.1003 -120.347 120
      vertex 22.1003 -120.347 125
      vertex 22.0494 -120.322 120
    endloop
  endfacet
  facet normal -0.442281 -0.896877 0
    outer loop
      vertex 22.1003 -120.347 125
      vertex 22.0494 -120.322 125
      vertex 22.0494 -120.322 120
    endloop
  endfacet
  facet normal -0.40276 -0.915306 0
    outer loop
      vertex 22.0494 -120.322 120
      vertex 22.0494 -120.322 125
      vertex 21.9975 -120.299 120
    endloop
  endfacet
  facet normal -0.40276 -0.915306 0
    outer loop
      vertex 22.0494 -120.322 125
      vertex 21.9975 -120.299 125
      vertex 21.9975 -120.299 120
    endloop
  endfacet
  facet normal -0.362416 -0.932016 0
    outer loop
      vertex 21.9975 -120.299 120
      vertex 21.9975 -120.299 125
      vertex 21.9446 -120.278 120
    endloop
  endfacet
  facet normal -0.362416 -0.932016 0
    outer loop
      vertex 21.9975 -120.299 125
      vertex 21.9446 -120.278 125
      vertex 21.9446 -120.278 120
    endloop
  endfacet
  facet normal -0.321445 -0.946928 0
    outer loop
      vertex 21.9446 -120.278 120
      vertex 21.9446 -120.278 125
      vertex 21.8909 -120.26 120
    endloop
  endfacet
  facet normal -0.321445 -0.946928 0
    outer loop
      vertex 21.9446 -120.278 125
      vertex 21.8909 -120.26 125
      vertex 21.8909 -120.26 120
    endloop
  endfacet
  facet normal -0.279922 -0.960023 0
    outer loop
      vertex 21.8909 -120.26 120
      vertex 21.8909 -120.26 125
      vertex 21.8365 -120.244 120
    endloop
  endfacet
  facet normal -0.279922 -0.960023 0
    outer loop
      vertex 21.8909 -120.26 125
      vertex 21.8365 -120.244 125
      vertex 21.8365 -120.244 120
    endloop
  endfacet
  facet normal -0.237634 -0.971355 0
    outer loop
      vertex 21.8365 -120.244 120
      vertex 21.8365 -120.244 125
      vertex 21.7814 -120.231 120
    endloop
  endfacet
  facet normal -0.237634 -0.971355 0
    outer loop
      vertex 21.8365 -120.244 125
      vertex 21.7814 -120.231 125
      vertex 21.7814 -120.231 120
    endloop
  endfacet
  facet normal -0.195068 -0.98079 0
    outer loop
      vertex 21.7814 -120.231 120
      vertex 21.7814 -120.231 125
      vertex 21.7257 -120.22 120
    endloop
  endfacet
  facet normal -0.195068 -0.98079 0
    outer loop
      vertex 21.7814 -120.231 125
      vertex 21.7257 -120.22 125
      vertex 21.7257 -120.22 120
    endloop
  endfacet
  facet normal -0.152116 -0.988363 0
    outer loop
      vertex 21.7257 -120.22 120
      vertex 21.7257 -120.22 125
      vertex 21.6697 -120.211 120
    endloop
  endfacet
  facet normal -0.152116 -0.988363 0
    outer loop
      vertex 21.7257 -120.22 125
      vertex 21.6697 -120.211 125
      vertex 21.6697 -120.211 120
    endloop
  endfacet
  facet normal -0.108896 -0.994053 0
    outer loop
      vertex 21.6697 -120.211 120
      vertex 21.6697 -120.211 125
      vertex 21.6133 -120.205 120
    endloop
  endfacet
  facet normal -0.108896 -0.994053 0
    outer loop
      vertex 21.6697 -120.211 125
      vertex 21.6133 -120.205 125
      vertex 21.6133 -120.205 120
    endloop
  endfacet
  facet normal -0.0654182 -0.997858 0
    outer loop
      vertex 21.6133 -120.205 120
      vertex 21.6133 -120.205 125
      vertex 21.5567 -120.201 120
    endloop
  endfacet
  facet normal -0.0654182 -0.997858 0
    outer loop
      vertex 21.6133 -120.205 125
      vertex 21.5567 -120.201 125
      vertex 21.5567 -120.201 120
    endloop
  endfacet
  facet normal -0.0218061 -0.999762 0
    outer loop
      vertex 21.5567 -120.201 120
      vertex 21.5567 -120.201 125
      vertex 21.5 -120.2 120
    endloop
  endfacet
  facet normal -0.0218061 -0.999762 0
    outer loop
      vertex 21.5567 -120.201 125
      vertex 21.5 -120.2 125
      vertex 21.5 -120.2 120
    endloop
  endfacet
  facet normal 0.0218054 -0.999762 0
    outer loop
      vertex 21.5 -120.2 120
      vertex 21.5 -120.2 125
      vertex 21.4433 -120.201 120
    endloop
  endfacet
  facet normal 0.0218054 -0.999762 0
    outer loop
      vertex 21.5 -120.2 125
      vertex 21.4433 -120.201 125
      vertex 21.4433 -120.201 120
    endloop
  endfacet
  facet normal 0.0654182 -0.997858 0
    outer loop
      vertex 21.4433 -120.201 120
      vertex 21.4433 -120.201 125
      vertex 21.3867 -120.205 120
    endloop
  endfacet
  facet normal 0.0654182 -0.997858 0
    outer loop
      vertex 21.4433 -120.201 125
      vertex 21.3867 -120.205 125
      vertex 21.3867 -120.205 120
    endloop
  endfacet
  facet normal 0.108896 -0.994053 0
    outer loop
      vertex 21.3867 -120.205 120
      vertex 21.3867 -120.205 125
      vertex 21.3303 -120.211 120
    endloop
  endfacet
  facet normal 0.108896 -0.994053 0
    outer loop
      vertex 21.3867 -120.205 125
      vertex 21.3303 -120.211 125
      vertex 21.3303 -120.211 120
    endloop
  endfacet
  facet normal 0.152116 -0.988363 0
    outer loop
      vertex 21.3303 -120.211 120
      vertex 21.3303 -120.211 125
      vertex 21.2743 -120.22 120
    endloop
  endfacet
  facet normal 0.152116 -0.988363 0
    outer loop
      vertex 21.3303 -120.211 125
      vertex 21.2743 -120.22 125
      vertex 21.2743 -120.22 120
    endloop
  endfacet
  facet normal 0.195068 -0.98079 0
    outer loop
      vertex 21.2743 -120.22 120
      vertex 21.2743 -120.22 125
      vertex 21.2186 -120.231 120
    endloop
  endfacet
  facet normal 0.195068 -0.98079 0
    outer loop
      vertex 21.2743 -120.22 125
      vertex 21.2186 -120.231 125
      vertex 21.2186 -120.231 120
    endloop
  endfacet
  facet normal 0.237634 -0.971355 0
    outer loop
      vertex 21.2186 -120.231 120
      vertex 21.2186 -120.231 125
      vertex 21.1635 -120.244 120
    endloop
  endfacet
  facet normal 0.237634 -0.971355 0
    outer loop
      vertex 21.2186 -120.231 125
      vertex 21.1635 -120.244 125
      vertex 21.1635 -120.244 120
    endloop
  endfacet
  facet normal 0.279922 -0.960023 0
    outer loop
      vertex 21.1635 -120.244 120
      vertex 21.1635 -120.244 125
      vertex 21.1091 -120.26 120
    endloop
  endfacet
  facet normal 0.279922 -0.960023 0
    outer loop
      vertex 21.1635 -120.244 125
      vertex 21.1091 -120.26 125
      vertex 21.1091 -120.26 120
    endloop
  endfacet
  facet normal 0.321445 -0.946928 0
    outer loop
      vertex 21.1091 -120.26 120
      vertex 21.1091 -120.26 125
      vertex 21.0554 -120.278 120
    endloop
  endfacet
  facet normal 0.321445 -0.946928 0
    outer loop
      vertex 21.1091 -120.26 125
      vertex 21.0554 -120.278 125
      vertex 21.0554 -120.278 120
    endloop
  endfacet
  facet normal 0.362427 -0.932012 0
    outer loop
      vertex 21.0554 -120.278 120
      vertex 21.0554 -120.278 125
      vertex 21.0025 -120.299 120
    endloop
  endfacet
  facet normal 0.362427 -0.932012 0
    outer loop
      vertex 21.0554 -120.278 125
      vertex 21.0025 -120.299 125
      vertex 21.0025 -120.299 120
    endloop
  endfacet
  facet normal 0.402747 -0.915311 0
    outer loop
      vertex 21.0025 -120.299 120
      vertex 21.0025 -120.299 125
      vertex 20.9506 -120.322 120
    endloop
  endfacet
  facet normal 0.402747 -0.915311 0
    outer loop
      vertex 21.0025 -120.299 125
      vertex 20.9506 -120.322 125
      vertex 20.9506 -120.322 120
    endloop
  endfacet
  facet normal 0.442281 -0.896877 0
    outer loop
      vertex 20.9506 -120.322 120
      vertex 20.9506 -120.322 125
      vertex 20.8997 -120.347 120
    endloop
  endfacet
  facet normal 0.442281 -0.896877 0
    outer loop
      vertex 20.9506 -120.322 125
      vertex 20.8997 -120.347 125
      vertex 20.8997 -120.347 120
    endloop
  endfacet
  facet normal 0.48094 -0.876753 0
    outer loop
      vertex 20.8997 -120.347 120
      vertex 20.8997 -120.347 125
      vertex 20.85 -120.374 120
    endloop
  endfacet
  facet normal 0.48094 -0.876753 0
    outer loop
      vertex 20.8997 -120.347 125
      vertex 20.85 -120.374 125
      vertex 20.85 -120.374 120
    endloop
  endfacet
  facet normal 0.518744 -0.85493 0
    outer loop
      vertex 20.85 -120.374 120
      vertex 20.85 -120.374 125
      vertex 20.8015 -120.404 120
    endloop
  endfacet
  facet normal 0.518744 -0.85493 0
    outer loop
      vertex 20.85 -120.374 125
      vertex 20.8015 -120.404 125
      vertex 20.8015 -120.404 120
    endloop
  endfacet
  facet normal 0.555624 -0.831433 0
    outer loop
      vertex 20.8015 -120.404 120
      vertex 20.8015 -120.404 125
      vertex 20.7544 -120.435 120
    endloop
  endfacet
  facet normal 0.555624 -0.831433 0
    outer loop
      vertex 20.8015 -120.404 125
      vertex 20.7544 -120.435 125
      vertex 20.7544 -120.435 120
    endloop
  endfacet
  facet normal 0.591268 -0.806475 0
    outer loop
      vertex 20.7544 -120.435 120
      vertex 20.7544 -120.435 125
      vertex 20.7086 -120.469 120
    endloop
  endfacet
  facet normal 0.591268 -0.806475 0
    outer loop
      vertex 20.7544 -120.435 125
      vertex 20.7086 -120.469 125
      vertex 20.7086 -120.469 120
    endloop
  endfacet
  facet normal 0.625928 -0.779881 0
    outer loop
      vertex 20.7086 -120.469 120
      vertex 20.7086 -120.469 125
      vertex 20.6644 -120.504 120
    endloop
  endfacet
  facet normal 0.625928 -0.779881 0
    outer loop
      vertex 20.7086 -120.469 125
      vertex 20.6644 -120.504 125
      vertex 20.6644 -120.504 120
    endloop
  endfacet
  facet normal 0.659392 -0.751799 0
    outer loop
      vertex 20.6644 -120.504 120
      vertex 20.6644 -120.504 125
      vertex 20.6217 -120.542 120
    endloop
  endfacet
  facet normal 0.659392 -0.751799 0
    outer loop
      vertex 20.6644 -120.504 125
      vertex 20.6217 -120.542 125
      vertex 20.6217 -120.542 120
    endloop
  endfacet
  facet normal 0.691503 -0.722374 0
    outer loop
      vertex 20.6217 -120.542 120
      vertex 20.6217 -120.542 125
      vertex 20.5808 -120.581 120
    endloop
  endfacet
  facet normal 0.691503 -0.722374 0
    outer loop
      vertex 20.6217 -120.542 125
      vertex 20.5808 -120.581 125
      vertex 20.5808 -120.581 120
    endloop
  endfacet
  facet normal 0.722357 -0.69152 0
    outer loop
      vertex 20.5808 -120.581 120
      vertex 20.5808 -120.581 125
      vertex 20.5415 -120.622 120
    endloop
  endfacet
  facet normal 0.722357 -0.69152 0
    outer loop
      vertex 20.5808 -120.581 125
      vertex 20.5415 -120.622 125
      vertex 20.5415 -120.622 120
    endloop
  endfacet
  facet normal 0.751819 -0.659369 0
    outer loop
      vertex 20.5415 -120.622 120
      vertex 20.5415 -120.622 125
      vertex 20.5041 -120.664 120
    endloop
  endfacet
  facet normal 0.751819 -0.659369 0
    outer loop
      vertex 20.5415 -120.622 125
      vertex 20.5041 -120.664 125
      vertex 20.5041 -120.664 120
    endloop
  endfacet
  facet normal 0.779881 -0.625928 0
    outer loop
      vertex 20.5041 -120.664 120
      vertex 20.5041 -120.664 125
      vertex 20.4686 -120.709 120
    endloop
  endfacet
  facet normal 0.779881 -0.625928 0
    outer loop
      vertex 20.5041 -120.664 125
      vertex 20.4686 -120.709 125
      vertex 20.4686 -120.709 120
    endloop
  endfacet
  facet normal 0.806478 -0.591264 0
    outer loop
      vertex 20.4686 -120.709 120
      vertex 20.4686 -120.709 125
      vertex 20.4351 -120.754 120
    endloop
  endfacet
  facet normal 0.806478 -0.591264 0
    outer loop
      vertex 20.4686 -120.709 125
      vertex 20.4351 -120.754 125
      vertex 20.4351 -120.754 120
    endloop
  endfacet
  facet normal 0.831449 -0.555602 0
    outer loop
      vertex 20.4351 -120.754 120
      vertex 20.4351 -120.754 125
      vertex 20.4036 -120.802 120
    endloop
  endfacet
  facet normal 0.831449 -0.555602 0
    outer loop
      vertex 20.4351 -120.754 125
      vertex 20.4036 -120.802 125
      vertex 20.4036 -120.802 120
    endloop
  endfacet
  facet normal 0.854906 -0.518783 0
    outer loop
      vertex 20.4036 -120.802 120
      vertex 20.4036 -120.802 125
      vertex 20.3742 -120.85 120
    endloop
  endfacet
  facet normal 0.854906 -0.518783 0
    outer loop
      vertex 20.4036 -120.802 125
      vertex 20.3742 -120.85 125
      vertex 20.3742 -120.85 120
    endloop
  endfacet
  facet normal 0.876742 -0.48096 0
    outer loop
      vertex 20.3742 -120.85 120
      vertex 20.3742 -120.85 125
      vertex 20.3469 -120.9 120
    endloop
  endfacet
  facet normal 0.876742 -0.48096 0
    outer loop
      vertex 20.3742 -120.85 125
      vertex 20.3469 -120.9 125
      vertex 20.3469 -120.9 120
    endloop
  endfacet
  facet normal 0.896857 -0.44232 0
    outer loop
      vertex 20.3469 -120.9 120
      vertex 20.3469 -120.9 125
      vertex 20.3218 -120.951 120
    endloop
  endfacet
  facet normal 0.896857 -0.44232 0
    outer loop
      vertex 20.3469 -120.9 125
      vertex 20.3218 -120.951 125
      vertex 20.3218 -120.951 120
    endloop
  endfacet
  facet normal 0.915311 -0.402747 0
    outer loop
      vertex 20.3218 -120.951 120
      vertex 20.3218 -120.951 125
      vertex 20.299 -121.003 120
    endloop
  endfacet
  facet normal 0.915311 -0.402747 0
    outer loop
      vertex 20.3218 -120.951 125
      vertex 20.299 -121.003 125
      vertex 20.299 -121.003 120
    endloop
  endfacet
  facet normal 0.932012 -0.362427 0
    outer loop
      vertex 20.299 -121.003 120
      vertex 20.299 -121.003 125
      vertex 20.2784 -121.055 120
    endloop
  endfacet
  facet normal 0.932012 -0.362427 0
    outer loop
      vertex 20.299 -121.003 125
      vertex 20.2784 -121.055 125
      vertex 20.2784 -121.055 120
    endloop
  endfacet
  facet normal 0.946935 -0.321425 0
    outer loop
      vertex 20.2784 -121.055 120
      vertex 20.2784 -121.055 125
      vertex 20.2602 -121.109 120
    endloop
  endfacet
  facet normal 0.946935 -0.321425 0
    outer loop
      vertex 20.2784 -121.055 125
      vertex 20.2602 -121.109 125
      vertex 20.2602 -121.109 120
    endloop
  endfacet
  facet normal 0.960044 -0.279849 0
    outer loop
      vertex 20.2602 -121.109 120
      vertex 20.2602 -121.109 125
      vertex 20.2443 -121.164 120
    endloop
  endfacet
  facet normal 0.960044 -0.279849 0
    outer loop
      vertex 20.2602 -121.109 125
      vertex 20.2443 -121.164 125
      vertex 20.2443 -121.164 120
    endloop
  endfacet
  facet normal 0.971343 -0.23768 0
    outer loop
      vertex 20.2443 -121.164 120
      vertex 20.2443 -121.164 125
      vertex 20.2308 -121.219 120
    endloop
  endfacet
  facet normal 0.971343 -0.23768 0
    outer loop
      vertex 20.2443 -121.164 125
      vertex 20.2308 -121.219 125
      vertex 20.2308 -121.219 120
    endloop
  endfacet
  facet normal 0.980787 -0.19508 0
    outer loop
      vertex 20.2308 -121.219 120
      vertex 20.2308 -121.219 125
      vertex 20.2198 -121.274 120
    endloop
  endfacet
  facet normal 0.980787 -0.19508 0
    outer loop
      vertex 20.2308 -121.219 125
      vertex 20.2198 -121.274 125
      vertex 20.2198 -121.274 120
    endloop
  endfacet
  facet normal 0.988358 -0.152148 0
    outer loop
      vertex 20.2198 -121.274 120
      vertex 20.2198 -121.274 125
      vertex 20.2111 -121.33 120
    endloop
  endfacet
  facet normal 0.988358 -0.152148 0
    outer loop
      vertex 20.2198 -121.274 125
      vertex 20.2111 -121.33 125
      vertex 20.2111 -121.33 120
    endloop
  endfacet
  facet normal 0.994057 -0.108856 0
    outer loop
      vertex 20.2111 -121.33 120
      vertex 20.2111 -121.33 125
      vertex 20.2049 -121.387 120
    endloop
  endfacet
  facet normal 0.994057 -0.108856 0
    outer loop
      vertex 20.2111 -121.33 125
      vertex 20.2049 -121.387 125
      vertex 20.2049 -121.387 120
    endloop
  endfacet
  facet normal 0.99786 -0.0653877 0
    outer loop
      vertex 20.2049 -121.387 120
      vertex 20.2049 -121.387 125
      vertex 20.2012 -121.443 120
    endloop
  endfacet
  facet normal 0.99786 -0.0653877 0
    outer loop
      vertex 20.2049 -121.387 125
      vertex 20.2012 -121.443 125
      vertex 20.2012 -121.443 120
    endloop
  endfacet
  facet normal 0.999762 -0.0218382 0
    outer loop
      vertex 20.2012 -121.443 120
      vertex 20.2012 -121.443 125
      vertex 20.2 -121.5 120
    endloop
  endfacet
  facet normal 0.999762 -0.0218382 0
    outer loop
      vertex 20.2012 -121.443 125
      vertex 20.2 -121.5 125
      vertex 20.2 -121.5 120
    endloop
  endfacet
  facet normal 0.999762 0.0218382 0
    outer loop
      vertex 20.2 -121.5 120
      vertex 20.2 -121.5 125
      vertex 20.2012 -121.557 120
    endloop
  endfacet
  facet normal 0.999762 0.0218382 0
    outer loop
      vertex 20.2 -121.5 125
      vertex 20.2012 -121.557 125
      vertex 20.2012 -121.557 120
    endloop
  endfacet
  facet normal 0.99786 0.0653877 0
    outer loop
      vertex 20.2012 -121.557 120
      vertex 20.2012 -121.557 125
      vertex 20.2049 -121.613 120
    endloop
  endfacet
  facet normal 0.99786 0.0653877 0
    outer loop
      vertex 20.2012 -121.557 125
      vertex 20.2049 -121.613 125
      vertex 20.2049 -121.613 120
    endloop
  endfacet
  facet normal 0.994057 0.108856 0
    outer loop
      vertex 20.2049 -121.613 120
      vertex 20.2049 -121.613 125
      vertex 20.2111 -121.67 120
    endloop
  endfacet
  facet normal 0.994057 0.108856 0
    outer loop
      vertex 20.2049 -121.613 125
      vertex 20.2111 -121.67 125
      vertex 20.2111 -121.67 120
    endloop
  endfacet
  facet normal 0.988358 0.152148 0
    outer loop
      vertex 20.2111 -121.67 120
      vertex 20.2111 -121.67 125
      vertex 20.2198 -121.726 120
    endloop
  endfacet
  facet normal 0.988358 0.152148 0
    outer loop
      vertex 20.2111 -121.67 125
      vertex 20.2198 -121.726 125
      vertex 20.2198 -121.726 120
    endloop
  endfacet
  facet normal 0.980787 0.19508 0
    outer loop
      vertex 20.2198 -121.726 120
      vertex 20.2198 -121.726 125
      vertex 20.2308 -121.781 120
    endloop
  endfacet
  facet normal 0.980787 0.19508 0
    outer loop
      vertex 20.2198 -121.726 125
      vertex 20.2308 -121.781 125
      vertex 20.2308 -121.781 120
    endloop
  endfacet
  facet normal 0.971336 0.237711 0
    outer loop
      vertex 20.2308 -121.781 120
      vertex 20.2308 -121.781 125
      vertex 20.2443 -121.836 120
    endloop
  endfacet
  facet normal 0.971336 0.237711 0
    outer loop
      vertex 20.2308 -121.781 125
      vertex 20.2443 -121.836 125
      vertex 20.2443 -121.836 120
    endloop
  endfacet
  facet normal 0.960054 0.279813 0
    outer loop
      vertex 20.2443 -121.836 120
      vertex 20.2443 -121.836 125
      vertex 20.2602 -121.891 120
    endloop
  endfacet
  facet normal 0.960054 0.279813 0
    outer loop
      vertex 20.2443 -121.836 125
      vertex 20.2602 -121.891 125
      vertex 20.2602 -121.891 120
    endloop
  endfacet
  facet normal 0.946935 0.321425 0
    outer loop
      vertex 20.2602 -121.891 120
      vertex 20.2602 -121.891 125
      vertex 20.2784 -121.945 120
    endloop
  endfacet
  facet normal 0.946935 0.321425 0
    outer loop
      vertex 20.2602 -121.891 125
      vertex 20.2784 -121.945 125
      vertex 20.2784 -121.945 120
    endloop
  endfacet
  facet normal 0.932012 0.362427 0
    outer loop
      vertex 20.2784 -121.945 120
      vertex 20.2784 -121.945 125
      vertex 20.299 -121.997 120
    endloop
  endfacet
  facet normal 0.932012 0.362427 0
    outer loop
      vertex 20.2784 -121.945 125
      vertex 20.299 -121.997 125
      vertex 20.299 -121.997 120
    endloop
  endfacet
  facet normal 0.915311 0.402747 0
    outer loop
      vertex 20.299 -121.997 120
      vertex 20.299 -121.997 125
      vertex 20.3218 -122.049 120
    endloop
  endfacet
  facet normal 0.915311 0.402747 0
    outer loop
      vertex 20.299 -121.997 125
      vertex 20.3218 -122.049 125
      vertex 20.3218 -122.049 120
    endloop
  endfacet
  facet normal 0.896857 0.44232 0
    outer loop
      vertex 20.3218 -122.049 120
      vertex 20.3218 -122.049 125
      vertex 20.3469 -122.1 120
    endloop
  endfacet
  facet normal 0.896857 0.44232 0
    outer loop
      vertex 20.3218 -122.049 125
      vertex 20.3469 -122.1 125
      vertex 20.3469 -122.1 120
    endloop
  endfacet
  facet normal 0.876712 0.481016 0
    outer loop
      vertex 20.3469 -122.1 120
      vertex 20.3469 -122.1 125
      vertex 20.3742 -122.15 120
    endloop
  endfacet
  facet normal 0.876712 0.481016 0
    outer loop
      vertex 20.3469 -122.1 125
      vertex 20.3742 -122.15 125
      vertex 20.3742 -122.15 120
    endloop
  endfacet
  facet normal 0.854941 0.518724 0
    outer loop
      vertex 20.3742 -122.15 120
      vertex 20.3742 -122.15 125
      vertex 20.4036 -122.198 120
    endloop
  endfacet
  facet normal 0.854941 0.518724 0
    outer loop
      vertex 20.3742 -122.15 125
      vertex 20.4036 -122.198 125
      vertex 20.4036 -122.198 120
    endloop
  endfacet
  facet normal 0.831449 0.555602 0
    outer loop
      vertex 20.4036 -122.198 120
      vertex 20.4036 -122.198 125
      vertex 20.4351 -122.246 120
    endloop
  endfacet
  facet normal 0.831449 0.555602 0
    outer loop
      vertex 20.4036 -122.198 125
      vertex 20.4351 -122.246 125
      vertex 20.4351 -122.246 120
    endloop
  endfacet
  facet normal 0.806478 0.591264 0
    outer loop
      vertex 20.4351 -122.246 120
      vertex 20.4351 -122.246 125
      vertex 20.4686 -122.291 120
    endloop
  endfacet
  facet normal 0.806478 0.591264 0
    outer loop
      vertex 20.4351 -122.246 125
      vertex 20.4686 -122.291 125
      vertex 20.4686 -122.291 120
    endloop
  endfacet
  facet normal 0.77983 0.625992 0
    outer loop
      vertex 20.4686 -122.291 120
      vertex 20.4686 -122.291 125
      vertex 20.5041 -122.336 120
    endloop
  endfacet
  facet normal 0.77983 0.625992 0
    outer loop
      vertex 20.4686 -122.291 125
      vertex 20.5041 -122.336 125
      vertex 20.5041 -122.336 120
    endloop
  endfacet
  facet normal 0.751876 0.659304 0
    outer loop
      vertex 20.5041 -122.336 120
      vertex 20.5041 -122.336 125
      vertex 20.5415 -122.378 120
    endloop
  endfacet
  facet normal 0.751876 0.659304 0
    outer loop
      vertex 20.5041 -122.336 125
      vertex 20.5415 -122.378 125
      vertex 20.5415 -122.378 120
    endloop
  endfacet
  facet normal 0.722357 0.69152 0
    outer loop
      vertex 20.5415 -122.378 120
      vertex 20.5415 -122.378 125
      vertex 20.5808 -122.419 120
    endloop
  endfacet
  facet normal 0.722357 0.69152 0
    outer loop
      vertex 20.5415 -122.378 125
      vertex 20.5808 -122.419 125
      vertex 20.5808 -122.419 120
    endloop
  endfacet
  facet normal 0.691503 0.722374 0
    outer loop
      vertex 20.5808 -122.419 120
      vertex 20.5808 -122.419 125
      vertex 20.6217 -122.458 120
    endloop
  endfacet
  facet normal 0.691503 0.722374 0
    outer loop
      vertex 20.5808 -122.419 125
      vertex 20.6217 -122.458 125
      vertex 20.6217 -122.458 120
    endloop
  endfacet
  facet normal 0.659392 0.751799 0
    outer loop
      vertex 20.6217 -122.458 120
      vertex 20.6217 -122.458 125
      vertex 20.6644 -122.496 120
    endloop
  endfacet
  facet normal 0.659392 0.751799 0
    outer loop
      vertex 20.6217 -122.458 125
      vertex 20.6644 -122.496 125
      vertex 20.6644 -122.496 120
    endloop
  endfacet
  facet normal 0.625928 0.779881 0
    outer loop
      vertex 20.6644 -122.496 120
      vertex 20.6644 -122.496 125
      vertex 20.7086 -122.531 120
    endloop
  endfacet
  facet normal 0.625928 0.779881 0
    outer loop
      vertex 20.6644 -122.496 125
      vertex 20.7086 -122.531 125
      vertex 20.7086 -122.531 120
    endloop
  endfacet
  facet normal 0.591268 0.806475 0
    outer loop
      vertex 20.7086 -122.531 120
      vertex 20.7086 -122.531 125
      vertex 20.7544 -122.565 120
    endloop
  endfacet
  facet normal 0.591268 0.806475 0
    outer loop
      vertex 20.7086 -122.531 125
      vertex 20.7544 -122.565 125
      vertex 20.7544 -122.565 120
    endloop
  endfacet
  facet normal 0.555534 0.831494 0
    outer loop
      vertex 20.7544 -122.565 120
      vertex 20.7544 -122.565 125
      vertex 20.8015 -122.596 120
    endloop
  endfacet
  facet normal 0.555534 0.831494 0
    outer loop
      vertex 20.7544 -122.565 125
      vertex 20.8015 -122.596 125
      vertex 20.8015 -122.596 120
    endloop
  endfacet
  facet normal 0.51884 0.854871 0
    outer loop
      vertex 20.8015 -122.596 120
      vertex 20.8015 -122.596 125
      vertex 20.85 -122.626 120
    endloop
  endfacet
  facet normal 0.51884 0.854871 0
    outer loop
      vertex 20.8015 -122.596 125
      vertex 20.85 -122.626 125
      vertex 20.85 -122.626 120
    endloop
  endfacet
  facet normal 0.48094 0.876753 0
    outer loop
      vertex 20.85 -122.626 120
      vertex 20.85 -122.626 125
      vertex 20.8997 -122.653 120
    endloop
  endfacet
  facet normal 0.48094 0.876753 0
    outer loop
      vertex 20.85 -122.626 125
      vertex 20.8997 -122.653 125
      vertex 20.8997 -122.653 120
    endloop
  endfacet
  facet normal 0.442281 0.896877 0
    outer loop
      vertex 20.8997 -122.653 120
      vertex 20.8997 -122.653 125
      vertex 20.9506 -122.678 120
    endloop
  endfacet
  facet normal 0.442281 0.896877 0
    outer loop
      vertex 20.8997 -122.653 125
      vertex 20.9506 -122.678 125
      vertex 20.9506 -122.678 120
    endloop
  endfacet
  facet normal 0.402747 0.915311 0
    outer loop
      vertex 20.9506 -122.678 120
      vertex 20.9506 -122.678 125
      vertex 21.0025 -122.701 120
    endloop
  endfacet
  facet normal 0.402747 0.915311 0
    outer loop
      vertex 20.9506 -122.678 125
      vertex 21.0025 -122.701 125
      vertex 21.0025 -122.701 120
    endloop
  endfacet
  facet normal 0.362427 0.932012 0
    outer loop
      vertex 21.0025 -122.701 120
      vertex 21.0025 -122.701 125
      vertex 21.0554 -122.722 120
    endloop
  endfacet
  facet normal 0.362427 0.932012 0
    outer loop
      vertex 21.0025 -122.701 125
      vertex 21.0554 -122.722 125
      vertex 21.0554 -122.722 120
    endloop
  endfacet
  facet normal 0.321445 0.946928 0
    outer loop
      vertex 21.0554 -122.722 120
      vertex 21.0554 -122.722 125
      vertex 21.1091 -122.74 120
    endloop
  endfacet
  facet normal 0.321445 0.946928 0
    outer loop
      vertex 21.0554 -122.722 125
      vertex 21.1091 -122.74 125
      vertex 21.1091 -122.74 120
    endloop
  endfacet
  facet normal 0.279922 0.960023 0
    outer loop
      vertex 21.1091 -122.74 120
      vertex 21.1091 -122.74 125
      vertex 21.1635 -122.756 120
    endloop
  endfacet
  facet normal 0.279922 0.960023 0
    outer loop
      vertex 21.1091 -122.74 125
      vertex 21.1635 -122.756 125
      vertex 21.1635 -122.756 120
    endloop
  endfacet
  facet normal 0.237634 0.971355 0
    outer loop
      vertex 21.1635 -122.756 120
      vertex 21.1635 -122.756 125
      vertex 21.2186 -122.769 120
    endloop
  endfacet
  facet normal 0.237634 0.971355 0
    outer loop
      vertex 21.1635 -122.756 125
      vertex 21.2186 -122.769 125
      vertex 21.2186 -122.769 120
    endloop
  endfacet
  facet normal 0.195068 0.98079 0
    outer loop
      vertex 21.2186 -122.769 120
      vertex 21.2186 -122.769 125
      vertex 21.2743 -122.78 120
    endloop
  endfacet
  facet normal 0.195068 0.98079 0
    outer loop
      vertex 21.2186 -122.769 125
      vertex 21.2743 -122.78 125
      vertex 21.2743 -122.78 120
    endloop
  endfacet
  facet normal 0.152116 0.988363 0
    outer loop
      vertex 21.2743 -122.78 120
      vertex 21.2743 -122.78 125
      vertex 21.3303 -122.789 120
    endloop
  endfacet
  facet normal 0.152116 0.988363 0
    outer loop
      vertex 21.2743 -122.78 125
      vertex 21.3303 -122.789 125
      vertex 21.3303 -122.789 120
    endloop
  endfacet
  facet normal 0.108896 0.994053 0
    outer loop
      vertex 21.3303 -122.789 120
      vertex 21.3303 -122.789 125
      vertex 21.3867 -122.795 120
    endloop
  endfacet
  facet normal 0.108896 0.994053 0
    outer loop
      vertex 21.3303 -122.789 125
      vertex 21.3867 -122.795 125
      vertex 21.3867 -122.795 120
    endloop
  endfacet
  facet normal 0.0654182 0.997858 0
    outer loop
      vertex 21.3867 -122.795 120
      vertex 21.3867 -122.795 125
      vertex 21.4433 -122.799 120
    endloop
  endfacet
  facet normal 0.0654182 0.997858 0
    outer loop
      vertex 21.3867 -122.795 125
      vertex 21.4433 -122.799 125
      vertex 21.4433 -122.799 120
    endloop
  endfacet
  facet normal 0.0218054 0.999762 0
    outer loop
      vertex 21.4433 -122.799 120
      vertex 21.4433 -122.799 125
      vertex 21.5 -122.8 120
    endloop
  endfacet
  facet normal 0.0218054 0.999762 0
    outer loop
      vertex 21.4433 -122.799 125
      vertex 21.5 -122.8 125
      vertex 21.5 -122.8 120
    endloop
  endfacet
  facet normal -0.0218061 0.999762 0
    outer loop
      vertex 21.5 -122.8 120
      vertex 21.5 -122.8 125
      vertex 21.5567 -122.799 120
    endloop
  endfacet
  facet normal -0.0218061 0.999762 0
    outer loop
      vertex 21.5 -122.8 125
      vertex 21.5567 -122.799 125
      vertex 21.5567 -122.799 120
    endloop
  endfacet
  facet normal -0.0654182 0.997858 0
    outer loop
      vertex 21.5567 -122.799 120
      vertex 21.5567 -122.799 125
      vertex 21.6133 -122.795 120
    endloop
  endfacet
  facet normal -0.0654182 0.997858 0
    outer loop
      vertex 21.5567 -122.799 125
      vertex 21.6133 -122.795 125
      vertex 21.6133 -122.795 120
    endloop
  endfacet
  facet normal -0.108896 0.994053 0
    outer loop
      vertex 21.6133 -122.795 120
      vertex 21.6133 -122.795 125
      vertex 21.6697 -122.789 120
    endloop
  endfacet
  facet normal -0.108896 0.994053 0
    outer loop
      vertex 21.6133 -122.795 125
      vertex 21.6697 -122.789 125
      vertex 21.6697 -122.789 120
    endloop
  endfacet
  facet normal -0.152116 0.988363 0
    outer loop
      vertex 21.6697 -122.789 120
      vertex 21.6697 -122.789 125
      vertex 21.7257 -122.78 120
    endloop
  endfacet
  facet normal -0.152116 0.988363 0
    outer loop
      vertex 21.6697 -122.789 125
      vertex 21.7257 -122.78 125
      vertex 21.7257 -122.78 120
    endloop
  endfacet
  facet normal -0.195068 0.98079 0
    outer loop
      vertex 21.7257 -122.78 120
      vertex 21.7257 -122.78 125
      vertex 21.7814 -122.769 120
    endloop
  endfacet
  facet normal -0.195068 0.98079 0
    outer loop
      vertex 21.7257 -122.78 125
      vertex 21.7814 -122.769 125
      vertex 21.7814 -122.769 120
    endloop
  endfacet
  facet normal -0.237634 0.971355 0
    outer loop
      vertex 21.7814 -122.769 120
      vertex 21.7814 -122.769 125
      vertex 21.8365 -122.756 120
    endloop
  endfacet
  facet normal -0.237634 0.971355 0
    outer loop
      vertex 21.7814 -122.769 125
      vertex 21.8365 -122.756 125
      vertex 21.8365 -122.756 120
    endloop
  endfacet
  facet normal -0.279922 0.960023 0
    outer loop
      vertex 21.8365 -122.756 120
      vertex 21.8365 -122.756 125
      vertex 21.8909 -122.74 120
    endloop
  endfacet
  facet normal -0.279922 0.960023 0
    outer loop
      vertex 21.8365 -122.756 125
      vertex 21.8909 -122.74 125
      vertex 21.8909 -122.74 120
    endloop
  endfacet
  facet normal -0.321445 0.946928 0
    outer loop
      vertex 21.8909 -122.74 120
      vertex 21.8909 -122.74 125
      vertex 21.9446 -122.722 120
    endloop
  endfacet
  facet normal -0.321445 0.946928 0
    outer loop
      vertex 21.8909 -122.74 125
      vertex 21.9446 -122.722 125
      vertex 21.9446 -122.722 120
    endloop
  endfacet
  facet normal -0.362416 0.932016 0
    outer loop
      vertex 21.9446 -122.722 120
      vertex 21.9446 -122.722 125
      vertex 21.9975 -122.701 120
    endloop
  endfacet
  facet normal -0.362416 0.932016 0
    outer loop
      vertex 21.9446 -122.722 125
      vertex 21.9975 -122.701 125
      vertex 21.9975 -122.701 120
    endloop
  endfacet
  facet normal -0.40276 0.915306 0
    outer loop
      vertex 21.9975 -122.701 120
      vertex 21.9975 -122.701 125
      vertex 22.0494 -122.678 120
    endloop
  endfacet
  facet normal -0.40276 0.915306 0
    outer loop
      vertex 21.9975 -122.701 125
      vertex 22.0494 -122.678 125
      vertex 22.0494 -122.678 120
    endloop
  endfacet
  facet normal -0.442281 0.896877 0
    outer loop
      vertex 22.0494 -122.678 120
      vertex 22.0494 -122.678 125
      vertex 22.1003 -122.653 120
    endloop
  endfacet
  facet normal -0.442281 0.896877 0
    outer loop
      vertex 22.0494 -122.678 125
      vertex 22.1003 -122.653 125
      vertex 22.1003 -122.653 120
    endloop
  endfacet
  facet normal -0.480926 0.876761 0
    outer loop
      vertex 22.1003 -122.653 120
      vertex 22.1003 -122.653 125
      vertex 22.15 -122.626 120
    endloop
  endfacet
  facet normal -0.480926 0.876761 0
    outer loop
      vertex 22.1003 -122.653 125
      vertex 22.15 -122.626 125
      vertex 22.15 -122.626 120
    endloop
  endfacet
  facet normal -0.518855 0.854862 0
    outer loop
      vertex 22.15 -122.626 120
      vertex 22.15 -122.626 125
      vertex 22.1985 -122.596 120
    endloop
  endfacet
  facet normal -0.518855 0.854862 0
    outer loop
      vertex 22.15 -122.626 125
      vertex 22.1985 -122.596 125
      vertex 22.1985 -122.596 120
    endloop
  endfacet
  facet normal -0.555534 0.831494 0
    outer loop
      vertex 22.1985 -122.596 120
      vertex 22.1985 -122.596 125
      vertex 22.2456 -122.565 120
    endloop
  endfacet
  facet normal -0.555534 0.831494 0
    outer loop
      vertex 22.1985 -122.596 125
      vertex 22.2456 -122.565 125
      vertex 22.2456 -122.565 120
    endloop
  endfacet
  facet normal -0.591268 0.806475 0
    outer loop
      vertex 22.2456 -122.565 120
      vertex 22.2456 -122.565 125
      vertex 22.2914 -122.531 120
    endloop
  endfacet
  facet normal -0.591268 0.806475 0
    outer loop
      vertex 22.2456 -122.565 125
      vertex 22.2914 -122.531 125
      vertex 22.2914 -122.531 120
    endloop
  endfacet
  facet normal -0.625928 0.779881 0
    outer loop
      vertex 22.2914 -122.531 120
      vertex 22.2914 -122.531 125
      vertex 22.3356 -122.496 120
    endloop
  endfacet
  facet normal -0.625928 0.779881 0
    outer loop
      vertex 22.2914 -122.531 125
      vertex 22.3356 -122.496 125
      vertex 22.3356 -122.496 120
    endloop
  endfacet
  facet normal -0.659392 0.751799 0
    outer loop
      vertex 22.3356 -122.496 120
      vertex 22.3356 -122.496 125
      vertex 22.3783 -122.458 120
    endloop
  endfacet
  facet normal -0.659392 0.751799 0
    outer loop
      vertex 22.3356 -122.496 125
      vertex 22.3783 -122.458 125
      vertex 22.3783 -122.458 120
    endloop
  endfacet
  facet normal -0.691503 0.722374 0
    outer loop
      vertex 22.3783 -122.458 120
      vertex 22.3783 -122.458 125
      vertex 22.4192 -122.419 120
    endloop
  endfacet
  facet normal -0.691503 0.722374 0
    outer loop
      vertex 22.3783 -122.458 125
      vertex 22.4192 -122.419 125
      vertex 22.4192 -122.419 120
    endloop
  endfacet
  facet normal -0.722357 0.69152 0
    outer loop
      vertex 22.4192 -122.419 120
      vertex 22.4192 -122.419 125
      vertex 22.4585 -122.378 120
    endloop
  endfacet
  facet normal -0.722357 0.69152 0
    outer loop
      vertex 22.4192 -122.419 125
      vertex 22.4585 -122.378 125
      vertex 22.4585 -122.378 120
    endloop
  endfacet
  facet normal -0.75186 0.659323 0
    outer loop
      vertex 22.4585 -122.378 120
      vertex 22.4585 -122.378 125
      vertex 22.4959 -122.336 120
    endloop
  endfacet
  facet normal -0.75186 0.659323 0
    outer loop
      vertex 22.4585 -122.378 125
      vertex 22.4959 -122.336 125
      vertex 22.4959 -122.336 120
    endloop
  endfacet
  facet normal -0.779846 0.625972 0
    outer loop
      vertex 22.4959 -122.336 120
      vertex 22.4959 -122.336 125
      vertex 22.5314 -122.291 120
    endloop
  endfacet
  facet normal -0.779846 0.625972 0
    outer loop
      vertex 22.4959 -122.336 125
      vertex 22.5314 -122.291 125
      vertex 22.5314 -122.291 120
    endloop
  endfacet
  facet normal -0.806478 0.591264 0
    outer loop
      vertex 22.5314 -122.291 120
      vertex 22.5314 -122.291 125
      vertex 22.5649 -122.246 120
    endloop
  endfacet
  facet normal -0.806478 0.591264 0
    outer loop
      vertex 22.5314 -122.291 125
      vertex 22.5649 -122.246 125
      vertex 22.5649 -122.246 120
    endloop
  endfacet
  facet normal -0.831433 0.555624 0
    outer loop
      vertex 22.5649 -122.246 120
      vertex 22.5649 -122.246 125
      vertex 22.5964 -122.198 120
    endloop
  endfacet
  facet normal -0.831433 0.555624 0
    outer loop
      vertex 22.5649 -122.246 125
      vertex 22.5964 -122.198 125
      vertex 22.5964 -122.198 120
    endloop
  endfacet
  facet normal -0.854941 0.518724 0
    outer loop
      vertex 22.5964 -122.198 120
      vertex 22.5964 -122.198 125
      vertex 22.6258 -122.15 120
    endloop
  endfacet
  facet normal -0.854941 0.518724 0
    outer loop
      vertex 22.5964 -122.198 125
      vertex 22.6258 -122.15 125
      vertex 22.6258 -122.15 120
    endloop
  endfacet
  facet normal -0.876726 0.480991 0
    outer loop
      vertex 22.6258 -122.15 120
      vertex 22.6258 -122.15 125
      vertex 22.6531 -122.1 120
    endloop
  endfacet
  facet normal -0.876726 0.480991 0
    outer loop
      vertex 22.6258 -122.15 125
      vertex 22.6531 -122.1 125
      vertex 22.6531 -122.1 120
    endloop
  endfacet
  facet normal -0.896857 0.44232 0
    outer loop
      vertex 22.6531 -122.1 120
      vertex 22.6531 -122.1 125
      vertex 22.6782 -122.049 120
    endloop
  endfacet
  facet normal -0.896857 0.44232 0
    outer loop
      vertex 22.6531 -122.1 125
      vertex 22.6782 -122.049 125
      vertex 22.6782 -122.049 120
    endloop
  endfacet
  facet normal -0.915311 0.402747 0
    outer loop
      vertex 22.6782 -122.049 120
      vertex 22.6782 -122.049 125
      vertex 22.701 -121.997 120
    endloop
  endfacet
  facet normal -0.915311 0.402747 0
    outer loop
      vertex 22.6782 -122.049 125
      vertex 22.701 -121.997 125
      vertex 22.701 -121.997 120
    endloop
  endfacet
  facet normal -0.932012 0.362427 0
    outer loop
      vertex 22.701 -121.997 120
      vertex 22.701 -121.997 125
      vertex 22.7216 -121.945 120
    endloop
  endfacet
  facet normal -0.932012 0.362427 0
    outer loop
      vertex 22.701 -121.997 125
      vertex 22.7216 -121.945 125
      vertex 22.7216 -121.945 120
    endloop
  endfacet
  facet normal -0.946935 0.321425 0
    outer loop
      vertex 22.7216 -121.945 120
      vertex 22.7216 -121.945 125
      vertex 22.7398 -121.891 120
    endloop
  endfacet
  facet normal -0.946935 0.321425 0
    outer loop
      vertex 22.7216 -121.945 125
      vertex 22.7398 -121.891 125
      vertex 22.7398 -121.891 120
    endloop
  endfacet
  facet normal -0.960054 0.279813 0
    outer loop
      vertex 22.7398 -121.891 120
      vertex 22.7398 -121.891 125
      vertex 22.7557 -121.836 120
    endloop
  endfacet
  facet normal -0.960054 0.279813 0
    outer loop
      vertex 22.7398 -121.891 125
      vertex 22.7557 -121.836 125
      vertex 22.7557 -121.836 120
    endloop
  endfacet
  facet normal -0.971336 0.237711 0
    outer loop
      vertex 22.7557 -121.836 120
      vertex 22.7557 -121.836 125
      vertex 22.7692 -121.781 120
    endloop
  endfacet
  facet normal -0.971336 0.237711 0
    outer loop
      vertex 22.7557 -121.836 125
      vertex 22.7692 -121.781 125
      vertex 22.7692 -121.781 120
    endloop
  endfacet
  facet normal -0.980781 0.195112 0
    outer loop
      vertex 22.7692 -121.781 120
      vertex 22.7692 -121.781 125
      vertex 22.7803 -121.726 120
    endloop
  endfacet
  facet normal -0.980781 0.195112 0
    outer loop
      vertex 22.7692 -121.781 125
      vertex 22.7803 -121.726 125
      vertex 22.7803 -121.726 120
    endloop
  endfacet
  facet normal -0.988363 0.152116 0
    outer loop
      vertex 22.7803 -121.726 120
      vertex 22.7803 -121.726 125
      vertex 22.7889 -121.67 120
    endloop
  endfacet
  facet normal -0.988363 0.152116 0
    outer loop
      vertex 22.7803 -121.726 125
      vertex 22.7889 -121.67 125
      vertex 22.7889 -121.67 120
    endloop
  endfacet
  facet normal -0.994057 0.108856 0
    outer loop
      vertex 22.7889 -121.67 120
      vertex 22.7889 -121.67 125
      vertex 22.7951 -121.613 120
    endloop
  endfacet
  facet normal -0.994057 0.108856 0
    outer loop
      vertex 22.7889 -121.67 125
      vertex 22.7951 -121.613 125
      vertex 22.7951 -121.613 120
    endloop
  endfacet
  facet normal -0.997858 0.0654204 0
    outer loop
      vertex 22.7951 -121.613 120
      vertex 22.7951 -121.613 125
      vertex 22.7988 -121.557 120
    endloop
  endfacet
  facet normal -0.997858 0.0654204 0
    outer loop
      vertex 22.7951 -121.613 125
      vertex 22.7988 -121.557 125
      vertex 22.7988 -121.557 120
    endloop
  endfacet
  facet normal -0.999762 0.0218054 0
    outer loop
      vertex 22.7988 -121.557 120
      vertex 22.7988 -121.557 125
      vertex 22.8 -121.5 120
    endloop
  endfacet
  facet normal -0.999762 0.0218054 0
    outer loop
      vertex 22.7988 -121.557 125
      vertex 22.8 -121.5 125
      vertex 22.8 -121.5 120
    endloop
  endfacet
endsolid Mesh
